# -*- coding: utf-8 -*-
"""Modified version of a file from the Deepmind AlphaEvolve colab

File is modified a bit to better fit our implementation

File only contains the matrix schemes

Original file is located at
    https://colab.research.google.com/github/google-deepmind/alphaevolve_results/blob/master/mathematical_results.ipynb

"""

#@title Verification function
import numpy as np

def verify_tensor_decomposition(decomposition, n, m, p, rank):
  """Verifies the correctness of the tensor decomposition.

  Args:
    decomposition: a tuple of 3 factor matrices with the same number of columns.
      (The number of columns specifies the rank of the decomposition.) To
      construct a tensor, we take the outer product of the i-th column of the
      three factor matrices, for 1 <= i <= rank, and add up all these outer
      products.
    n: the first parameter of the matrix multiplication tensor.
    m: the second parameter of the matrix multiplication tensor.
    p: the third parameter of the matrix multiplication tensor.
    rank: the expected rank of the decomposition.

  Raises:
    AssertionError: If the decomposition does not have the correct rank, or if
    the decomposition does not construct the 3D tensor which corresponds to
    multiplying an n x m matrix by an m x p matrix.
  """
  # Check that each factor matrix has the correct shape.
  factor_matrix_1, factor_matrix_2, factor_matrix_3 = decomposition
  assert factor_matrix_1.shape == (n * m, rank), f'Expected shape of factor matrix 1 is {(n * m, rank)}. Actual shape is {factor_matrix_1.shape}.'
  assert factor_matrix_2.shape == (m * p, rank), f'Expected shape of factor matrix 1 is {(m * p, rank)}. Actual shape is {factor_matrix_2.shape}.'
  assert factor_matrix_3.shape == (p * n, rank), f'Expected shape of factor matrix 1 is {(p * n, rank)}. Actual shape is {factor_matrix_3.shape}.'

  # Form the matrix multiplication tensor <n, m, p>.
  matmul_tensor = np.zeros((n * m, m * p, p * n), dtype=np.int32)
  for i in range(n):
    for j in range(m):
      for k in range(p):
        matmul_tensor[i * m + j][j * p + k][k * n + i] = 1

  # Check that the tensor is correctly constructed.
  constructed_tensor = np.einsum('il,jl,kl -> ijk', *decomposition)
  assert np.array_equal(constructed_tensor, matmul_tensor), f'Tensor constructed by decomposition does not match the matrix multiplication tensor <{(n,m,p)}>: {constructed_tensor}.'
  print(f'Verified a decomposition of rank {rank} for matrix multiplication tensor <{n},{m},{p}>.')

  # Print the set of values used in the decomposition.
  np.set_printoptions(linewidth=100)
  print('This decomposition uses these factor entries:\n', np.array2string(np.unique(np.vstack((factor_matrix_1, factor_matrix_2, factor_matrix_3))), separator=', '))

def decomposition_from_dimensions(n, m, k):
    if (n,m,k) == (2,4,5):
        return decomposition_245()
    if (n,m,k) == (2,4,7):
        return decomposition_247()
    if (n,m,k) == (2,4,8):
        return decomposition_248()
    if (n,m,k) == (2,5,6):
        return decomposition_256()
    
    if (n,m,k) == (3,3,3):
        return decomposition_333()
    if (n,m,k) == (3,4,6):
        return decomposition_346()
    if (n,m,k) == (3,4,7):
        return decomposition_347()
    if (n,m,k) == (3,4,8):
        return decomposition_348()
    
    if (n,m,k) == (3,5,6):
        return decomposition_356()
    if (n,m,k) == (3,5,7):
        return decomposition_357()
    if (n,m,k) == (4,4,4):
        return decomposition_444()
    if (n,m,k) == (4,4,5):
        return decomposition_445()
    
    if (n,m,k) == (4,4,7):
        return decomposition_447()
#    if (n,m,k) == (4,4,8): # mentioned by Deepmind - reamins to actually be written down
#        return decomposition_448()
    if (n,m,k) == (4,5,6):
        return decomposition_456()
    if (n,m,k) == (5,5,5):
        return decomposition_555()
    
    print("Dimensions not supported!")
    return (np.array([]),np.array([]),np.array([]))

# The different decompositions
def decomposition_245():
    return (np.array([[-0. ,  0.5, -0. ,  0.5,  0. ,  0. ,  0.5,  0. , -0.5, -0.5, -0. ,
            -0.5, -0. , -0. ,  0.5,  0. ,  0.5, -1. , -0.5, -0. , -0.5, -0. ,
             0.5, -0. , -0.5,  0.5, -1. ,  0. ,  0.5,  0. ,  0.5, -0. ],
           [ 0.5, -0.5,  0. ,  0.5, -0. ,  0.5, -0.5, -0. ,  0. , -0.5,  0. ,
             0. , -0.5,  0.5,  0. ,  0.5,  0. , -0. , -0. , -0.5, -0. ,  0. ,
             0. ,  0.5, -0.5,  0. , -0. ,  0. ,  0. ,  0. , -0. ,  0.5],
           [ 0. , -0. , -0.5, -0. ,  0.5, -0.5, -0. ,  0. , -0. ,  0. ,  0. ,
             0.5, -0.5, -0. ,  0.5,  0. ,  0.5, -0.5,  0.5,  0. ,  0. , -0.5,
            -0.5,  0. , -0. ,  0.5,  0.5, -0. ,  0. , -0. ,  0. ,  0. ],
           [-0.5,  0. ,  0.5, -1. ,  0.5,  0. ,  0. , -0. , -0.5,  0. , -0. ,
             0. , -0. , -0.5, -0. ,  0.5, -0. , -0.5, -0. , -0.5, -0.5,  0.5,
            -0. ,  0.5, -1. ,  0. ,  0.5, -0. , -0.5, -0. , -0.5, -0.5],
           [ 0. ,  0.5,  0. ,  0.5,  0. ,  0. , -0.5, -0. , -0.5, -0. , -0. ,
             0.5, -0. , -0. ,  0. , -0. , -0. ,  0. ,  0. , -0. , -0. , -0. ,
            -0. , -0. , -0.5, -0.5,  0. ,  0.5,  0.5, -0. ,  0. , -0. ],
           [-0.5, -0.5, -0. , -0.5, -0. , -0.5,  0.5, -0.5, -0. ,  0. ,  0.5,
             0. ,  0.5, -0.5, -0. , -0. ,  0.5, -0. , -0.5,  0.5, -0. , -0. ,
            -0. , -0.5,  0.5, -0. ,  0. ,  0.5,  0. ,  0. ,  0. , -0. ],
           [-0. ,  0. ,  0.5,  0. , -0. ,  0.5, -0. ,  0.5,  0. ,  0. ,  0.5,
            -0.5,  0.5, -0.5, -0. ,  0. , -0.5,  0.5, -0.5,  0. ,  0. , -0.5,
            -0. ,  0.5, -0. , -0.5, -0.5, -0. ,  0. , -0.5, -0. , -0. ],
           [ 0.5, -0. , -0.5, -0. , -0. , -0. ,  0. ,  0. , -0.5,  0. ,  0. ,
            -0. , -0. ,  0. , -0. , -0. , -0. , -0.5, -0. ,  0.5, -0. ,  0.5,
            -0. ,  0. , -0. , -0. ,  0.5,  0. , -0.5, -0.5,  0. , -0. ]],
          dtype=np.float32), np.array([[ 0.5, -0. , -0. ,  0. , -0. , -0.5,  0. ,  0. ,  1. , -0. , -0. ,
            -0. ,  0.5, -0.5,  0.5,  0. , -0. , -0.5, -0. ,  0.5, -0.5,  0. ,
            -0.5, -0.5,  0. , -0. ,  0.5,  0. , -1. ,  0. ,  0.5,  0. ],
           [ 0.5,  0. ,  0. ,  1. ,  0. ,  0.5,  2. ,  0. , -0. , -0. ,  0. ,
             0. , -0.5,  0.5, -0.5,  0. ,  0. ,  0.5, -0. ,  0.5,  0.5,  0. ,
             0.5,  0.5, -1. ,  0. , -0.5, -0. ,  0. , -0. , -0.5,  0. ],
           [ 0.5,  0. , -0. , -0. ,  0. , -0.5, -0. , -1. , -0. ,  0. ,  1. ,
             1. ,  0.5, -0.5, -0.5,  0. , -1. ,  0.5,  1. ,  0.5, -0.5, -0. ,
             0.5, -0.5, -0. ,  1. , -0.5, -2. , -0. , -0. ,  0.5, -0. ],
           [-0.5, -0. , -0. ,  0. ,  0. ,  0.5,  0. ,  0. , -0. ,  0. , -0. ,
            -1. , -0.5,  0.5, -0.5,  0. , -0. , -0.5,  0. , -0.5,  0.5,  0. ,
             0.5,  0.5, -0. , -1. ,  0.5, -0. ,  0. , -0. , -0.5,  0. ],
           [ 0. ,  0. ,  0. ,  1. , -0. , -1. ,  0. , -0. , -0. , -0. , -0. ,
            -1. , -1. , -0. , -0. , -1. , -1. , -0. , -1. , -0. , -1. , -0. ,
            -0. , -0. ,  1. ,  1. , -0. , -0. , -0. , -0. , -1. , -1. ],
           [ 0.5, -2. , -0. ,  1. ,  0. , -0.5,  0. ,  0. ,  1. ,  0. , -0. ,
             0. ,  0.5, -0.5,  0.5,  1. , -0. , -0.5, -0. ,  0.5,  0.5, -0. ,
            -0.5, -0.5, -1. , -0. ,  0.5, -0. , -1. , -0. , -0.5, -1. ],
           [ 0.5, -0. ,  0. ,  0. ,  0. ,  0.5,  0. , -0. , -0. , -0. ,  0. ,
            -0. , -0.5,  0.5, -0.5, -1. ,  0. ,  0.5, -0. ,  0.5, -0.5,  0. ,
             0.5,  0.5, -0. ,  0. , -0.5, -0. , -0. ,  0. ,  0.5,  1. ],
           [-0.5, -0. , -0. , -0. , -0. , -0.5,  0. ,  1. ,  0. ,  0. , -1. ,
             0. ,  0.5,  0.5,  0.5, -0. ,  0. , -0.5, -0. , -0.5,  0.5, -0. ,
            -0.5,  0.5, -0. ,  0. ,  0.5, -0. , -0. , -0. , -0.5,  0. ],
           [ 0.5,  0. , -0. , -0. , -0. ,  0.5,  0. ,  0. ,  0. ,  2. ,  0. ,
             0. , -0.5, -0.5,  0.5, -0. ,  1. ,  0.5, -1. ,  0.5, -0.5, -0. ,
            -0.5, -0.5, -0. ,  0. , -0.5, -0. , -0. ,  0. ,  0.5, -0. ],
           [ 0. , -0. , -0. , -1. ,  0. , -1. ,  0. ,  0. , -0. ,  0. , -0. ,
            -1. , -1. ,  0. , -0. ,  1. , -1. , -0. , -1. , -0. ,  1. , -0. ,
            -0. , -0. , -1. ,  1. , -0. , -0. , -0. , -0. ,  1. ,  1. ],
           [ 0. ,  0. , -0. , -0.5,  0. ,  0.5,  0. , -0. ,  1. ,  0. ,  0. ,
             0.5,  0.5,  0. ,  1. ,  0.5,  0.5, -1. ,  0.5, -0. ,  0.5,  2. ,
             1. , -0. , -0.5, -0.5, -1. ,  0. ,  1. , -0. ,  0.5,  0.5],
           [ 0. ,  0. , -0. ,  0.5,  2. , -0.5,  0. ,  0. , -0. ,  0. , -0. ,
             0.5, -0.5,  1. ,  0. ,  0.5,  0.5, -0. ,  0.5,  0. , -0.5, -0. ,
             0. , -1. ,  0.5, -0.5, -0. , -0. , -0. ,  0. , -0.5,  0.5],
           [-0. , -0. ,  0. , -0.5,  0. ,  0.5,  0. , -1. , -0. , -0. , -1. ,
            -0.5,  0.5, -0. ,  0. ,  0.5, -0.5,  0. , -0.5, -0. ,  0.5,  0. ,
            -0. ,  0. , -0.5,  0.5, -0. , -0. , -0. ,  0. ,  0.5,  0.5],
           [-0. ,  0. ,  0. ,  0.5, -0. , -0.5, -0. , -0. ,  0. ,  0. , -0. ,
             0.5, -0.5,  0. , -1. , -0.5, -0.5,  0. , -0.5, -0. , -0.5,  0. ,
            -1. , -0. ,  0.5, -0.5,  0. ,  0. ,  0. , -0. , -0.5, -0.5],
           [-1. ,  0. , -0. , -0. , -0. ,  1. , -0. , -0. ,  0. , -0. ,  0. ,
             0. , -1. ,  1. ,  1. ,  0. , -0. , -1. , -0. , -1. ,  1. ,  0. ,
            -1. ,  1. ,  0. , -0. ,  1. , -0. , -0. ,  0. , -1. , -0. ],
           [-0. , -0. ,  0. , -0.5, -0. ,  0.5, -0. ,  0. ,  1. ,  0. ,  0. ,
             0.5,  0.5,  0. , -0. ,  0.5,  0.5, -0. ,  0.5,  0. , -0.5, -0. ,
            -0. , -0. , -0.5, -0.5, -0. ,  0. ,  1. ,  0. , -0.5,  0.5],
           [-1. , -0. , -0. , -0.5,  0. , -0.5, -0. ,  0. ,  0. ,  0. , -0. ,
            -0.5, -0.5,  0. ,  0. , -0.5, -0.5, -0. , -0.5,  1. ,  0.5,  0. ,
             0. , -0. , -0.5,  0.5,  0. , -0. ,  0. ,  0. ,  0.5, -0.5],
           [ 1. , -0. , -0. ,  0.5,  0. ,  0.5,  0. ,  1. , -0. , -0. ,  1. ,
             0.5,  0.5, -1. ,  0. , -0.5,  0.5,  0. ,  0.5, -1. , -0.5,  0. ,
            -0. ,  1. ,  0.5, -0.5, -0. ,  0. ,  0. ,  2. , -0.5, -0.5],
           [ 0. ,  0. ,  2. ,  0.5,  0. , -0.5, -0. ,  0. , -0. , -0. , -0. ,
             0.5, -0.5,  0. ,  0. , -0.5, -0.5, -1. , -0.5, -0. ,  0.5, -0. ,
            -0. ,  0. ,  0.5, -0.5, -1. , -0. , -0. ,  0. ,  0.5, -0.5],
           [-1. , -0. , -0. ,  0. ,  0. ,  1. , -0. ,  0. , -0. ,  0. ,  0. ,
            -0. , -1. ,  1. , -1. , -0. ,  0. ,  1. ,  0. , -1. , -1. ,  0. ,
             1. ,  1. , -0. ,  0. , -1. , -0. ,  0. , -0. ,  1. , -0. ]],
          dtype=np.float32), np.array([[ 0. ,  0.5,  0.5,  0.5, -0. , -0. ,  0.5,  0. , -0. , -0. , -0. ,
            -0. , -0. ,  0. ,  0. ,  0. , -0. ,  0.5,  0. , -0. ,  1. , -0.5,
            -0. , -0. ,  0.5,  0. , -0.5, -0. , -0. ,  0. ,  1. ,  0. ],
           [-0. ,  0.5, -0.5, -0.5, -0. , -0. , -0.5,  0. , -1. , -0. , -0. ,
            -0. ,  0. ,  0. ,  0. ,  0. , -0. , -0.5,  0. , -0. , -1. , -0.5,
             0. , -0. , -0.5, -0. ,  0.5,  0. , -1. ,  0. , -1. ,  0. ],
           [ 0. ,  0.5, -0. ,  0.5,  1. , -0. ,  0.5, -0. ,  0. ,  0. , -0. ,
             0. ,  0. , -0. ,  0. , -1. , -0. ,  0. ,  0. , -0. ,  0. ,  0. ,
             0. ,  0. ,  0.5,  0. ,  0. , -0. ,  0. ,  0. , -0. ,  1. ],
           [-1. ,  0.5,  0. ,  0.5, -0. ,  0. , -0.5,  0. ,  0. , -0. ,  0. ,
            -0. , -0. , -1. ,  0. , -1. , -0. ,  0. ,  0. ,  1. ,  0. ,  0. ,
             0. , -1. ,  0.5, -0. ,  0. , -0. , -0. , -1. ,  0. ,  1. ],
           [-0. , -0. ,  0. , -0. ,  1. , -1. ,  0. , -1. , -0. , -1. , -1. ,
            -0. , -1. ,  1. ,  0. ,  0. , -1. , -0. , -1. , -0. ,  0. ,  0. ,
             0. ,  1. , -0. , -0. ,  0. , -0. ,  0. ,  0. ,  0. ,  0. ],
           [ 0. ,  0. ,  0. , -0. , -0. ,  0. ,  0. , -1. , -0. ,  0. , -1. ,
             0. ,  0. , -0. , -0. ,  0. ,  0. ,  0. ,  0. , -0. , -0. ,  0. ,
             0. , -0. ,  0. , -0. ,  0. , -1. ,  0. , -1. ,  0. ,  0. ],
           [-0. , -0. ,  0.5, -0. ,  0. ,  0. ,  0. ,  0. , -0. , -1. , -0. ,
             0. , -0. ,  0. , -1. ,  0. , -0. ,  0.5, -0. , -0. , -0. , -0.5,
             1. , -0. , -0. ,  0. , -0.5,  0. , -0. , -0. ,  0. ,  0. ],
           [ 0. , -0. , -0.5,  0. ,  0. ,  0. , -0. , -0. , -0. ,  0. ,  0. ,
            -1. ,  0. , -0. , -1. ,  0. ,  1. ,  0.5,  1. ,  0. , -0. , -0.5,
             1. ,  0. ,  0. ,  1. , -0.5, -1. , -0. ,  0. ,  0. , -0. ],
           [ 0. ,  0. , -0. , -0. , -0. , -0.5, -0. , -0.5, -0. ,  0. ,  0.5,
            -0. ,  0.5, -0.5,  0.5,  0.5, -0.5,  0. ,  0.5, -0. ,  0.5,  0. ,
             0.5,  0.5, -0. ,  0. ,  0. , -0. ,  0. , -0. , -0.5,  0.5],
           [-0.5, -0. ,  0. ,  0.5,  0. ,  0. ,  0. , -0.5, -0.5, -0. ,  0.5,
            -0.5, -0. , -0.5,  0.5,  0.5, -0.5, -0.5,  0.5, -0.5, -0.5, -0. ,
             0.5,  0.5, -0.5, -0.5, -0.5,  0. ,  0.5,  0. ,  0.5,  0.5]],
          dtype=np.float32))

def decomposition_247():
    return (np.array([[ 0., -1., -1.,  0.,  1.,  1.,  1., -1., -1.,  0., -0., -0.,  0.,
             0., -0.,  1., -0., -1.,  0.,  0., -0., -0., -0., -1., -0.,  0.,
            -0.,  0.,  0.,  0.,  0.,  1., -1., -0., -0., -0., -0.,  1., -0.,
            -0.,  0., -1., -1., -0.,  0.],
           [ 0.,  0.,  0.,  0., -0., -0.,  0., -0., -0.,  1., -0.,  0., -1.,
            -0., -0., -0., -0., -0.,  1., -0.,  1., -0.,  1.,  1., -1., -1.,
             0., -1., -0.,  0., -0., -1., -0., -0.,  1., -1., -0., -0.,  0.,
             0., -0.,  1.,  0., -0.,  1.],
           [ 0.,  0., -0.,  0.,  1.,  1., -0., -1.,  0., -1.,  0., -0., -0.,
             1., -0.,  1.,  1.,  0., -0.,  0.,  0., -1., -0., -1.,  0.,  0.,
            -0.,  0., -0.,  0., -1.,  0., -1., -0.,  0.,  0.,  1.,  1., -0.,
            -0.,  0., -1., -1., -1., -0.],
           [-0.,  1., -0.,  0., -1., -0., -1.,  0.,  1.,  0.,  0.,  0.,  0.,
            -0., -1., -1.,  0.,  1., -0.,  1.,  0.,  0.,  1.,  1.,  0.,  1.,
            -0., -0., -0.,  0.,  1., -0., -0.,  0., -0., -0., -0., -1.,  0.,
             0.,  0., -0.,  0.,  0., -0.],
           [-1., -1., -1., -0.,  1.,  1.,  0., -1., -0., -0., -0., -0.,  0.,
            -0., -0.,  1.,  1., -1., -0.,  0.,  0., -0., -0., -0., -0., -0.,
             0.,  0.,  1., -1., -0., -0.,  0., -0.,  1., -0., -0., -0.,  0.,
             1.,  0., -1., -0., -0.,  0.],
           [ 1.,  0., -0.,  0., -1., -0., -0.,  0., -1.,  1.,  0.,  1.,  0.,
            -0., -0., -0., -1., -0., -0., -0.,  1., -0.,  1., -0.,  0., -0.,
            -1., -1., -1., -0.,  0., -0.,  0., -0.,  0., -1., -0., -0., -0.,
            -1., -1.,  1., -1.,  0.,  1.],
           [-1.,  0.,  0., -1.,  1., -0.,  0., -1.,  1., -1., -0., -0., -0.,
             0.,  0.,  1.,  1.,  0., -0., -0., -1., -1., -0.,  0.,  0., -0.,
             0., -0.,  1., -0.,  0.,  0.,  0.,  1., -0.,  0., -0., -0., -0.,
             0.,  1., -1.,  0., -0., -0.],
           [ 0., -0., -0.,  0.,  0., -0., -0., -0.,  0., -0.,  1., -1.,  0.,
             1., -0., -1., -0.,  1.,  1.,  1., -0., -0.,  1.,  0.,  0.,  0.,
            -1., -0., -1.,  0.,  0.,  0., -0., -1., -0., -1., -0.,  0., -1.,
             0.,  0.,  0., -1., -0., -0.]], dtype=np.float32), np.array([[-0.,  0.,  0.,  1.,  1.,  1., -0., -1.,  0., -0., -0., -1., -0.,
            -1.,  0.,  0.,  1.,  0.,  1., -0., -0.,  1.,  0., -0.,  0., -1.,
             0., -0.,  0., -0.,  0., -1., -0., -1.,  1., -0.,  0.,  1., -0.,
             1., -0., -0., -0., -1.,  0.],
           [-0.,  1.,  1.,  1., -0.,  1., -0., -0., -1., -0.,  0.,  0.,  0.,
             0., -1.,  0.,  0., -0.,  0.,  0., -1., -0.,  0.,  1.,  1., -0.,
             0., -1., -1., -0., -0., -0.,  0.,  0.,  1.,  1., -1.,  0., -1.,
             1.,  0., -0., -1.,  0., -1.],
           [ 0.,  0.,  1., -0.,  0.,  0.,  0.,  0.,  0., -0., -0., -0.,  1.,
            -0., -0., -0., -0.,  0., -0.,  0.,  0., -0.,  0., -0.,  0.,  0.,
            -0.,  0., -0., -0.,  0.,  1.,  0., -0., -1., -0., -0.,  0., -0.,
            -0.,  0., -0., -0.,  0., -0.],
           [-0.,  1.,  1., -0., -1., -0.,  0.,  0., -0.,  0.,  0.,  1., -0.,
             1.,  0., -1., -1., -1., -1., -0.,  0., -1.,  0., -0.,  0.,  1.,
             0.,  0., -0., -1., -1.,  1.,  0.,  0., -1.,  0., -0.,  0., -1.,
            -1., -0., -0.,  0.,  1., -0.],
           [-0., -1., -0., -0.,  0.,  0.,  1.,  0.,  0.,  0., -0.,  0., -0.,
             0.,  1., -0., -0.,  0., -0.,  0., -0.,  0., -0., -0., -0.,  0.,
             0.,  0.,  0.,  1., -0.,  0.,  0., -0., -0., -0.,  0., -0., -0.,
            -0.,  0., -0., -0., -0.,  0.],
           [ 0., -0.,  0., -0.,  0.,  1.,  0.,  0.,  0., -0., -0., -0., -0.,
             0.,  0.,  0.,  0., -0.,  0., -0.,  0.,  0., -0.,  0., -0.,  0.,
            -0., -0., -0., -1., -0., -0.,  1., -0., -0., -0., -1., -0., -0.,
             0.,  0., -0.,  0., -0.,  0.],
           [ 0., -0., -1., -0., -0.,  0.,  0., -0., -0., -0.,  0.,  0.,  0.,
             0.,  0.,  0., -0.,  0.,  0., -0.,  0.,  0., -0.,  0., -0.,  0.,
             0., -0., -0., -1., -0., -0., -0., -0., -0., -0.,  0.,  0., -0.,
            -0.,  0., -0.,  0., -0., -0.],
           [ 0., -0., -0.,  0.,  0.,  0., -0., -0.,  0.,  0., -1., -1.,  0.,
             0.,  0.,  0.,  0.,  0.,  1.,  0., -0., -0.,  0., -0., -0., -0.,
             0.,  1., -0., -0., -0., -0., -0., -0., -0., -0., -0., -0., -0.,
            -0., -0.,  0.,  0.,  0.,  0.],
           [ 0.,  0., -0., -0., -0.,  0.,  0., -0.,  0.,  0., -0.,  0., -0.,
             0.,  0.,  0.,  0., -0.,  0.,  0., -0., -0.,  0.,  0.,  1., -0.,
            -0., -0., -0.,  0.,  0., -0.,  0., -0., -0., -0.,  0.,  0., -0.,
            -0.,  0.,  0., -0.,  0.,  1.],
           [-0.,  0.,  0.,  0., -0.,  0.,  0.,  0., -0., -0., -0., -0.,  1.,
             0., -0., -0., -0., -0.,  0., -0.,  0., -0.,  0., -0., -0., -0.,
             0., -1., -0., -0., -0., -0.,  0.,  0.,  0., -0.,  0.,  0.,  0.,
            -0., -0.,  0.,  0., -0., -0.],
           [-0.,  1.,  1.,  0., -1., -0., -0.,  0.,  0.,  0., -0.,  1., -0.,
             1., -0., -1.,  0., -1., -1.,  0., -0., -0.,  0.,  0., -0.,  1.,
             0., -0.,  0., -1., -1., -0.,  0., -0., -1., -0.,  0., -0., -1.,
            -1., -0., -1.,  0.,  1., -0.],
           [ 0., -0.,  0., -0., -0., -0., -0., -0., -0., -0., -0.,  0.,  0.,
             0., -0., -0., -0., -0.,  0., -0., -0.,  0.,  0., -0., -1., -0.,
            -1., -0.,  0., -0.,  0.,  0., -0., -0.,  0., -1.,  0., -0.,  1.,
             0., -0., -0., -0., -0., -0.],
           [ 0.,  0.,  0.,  1., -0.,  0., -0., -0.,  0.,  0., -0.,  0.,  0.,
             0., -0., -0., -0., -0.,  0., -0., -1., -0.,  0., -0.,  1.,  0.,
             0.,  0., -0., -0., -0.,  0., -0.,  0.,  0., -0., -0., -0., -0.,
             0.,  1., -0., -0.,  0., -0.],
           [-0.,  0., -0., -0., -0.,  0.,  0., -0.,  0.,  0.,  0., -0.,  0.,
            -0.,  0.,  0., -0., -0., -0.,  0., -0.,  0.,  0.,  0., -0., -0.,
            -0.,  1., -0., -1., -0.,  0.,  0.,  0., -1., -0., -0.,  0., -0.,
            -1.,  0.,  0.,  0.,  0., -0.],
           [ 0.,  0.,  0., -0., -0., -0., -0., -0.,  0.,  0., -1., -0., -0.,
             1.,  0., -0., -0.,  0.,  0., -0., -0., -1.,  0., -0., -0., -0.,
             0.,  0.,  0., -0.,  0., -0., -0.,  1., -0., -0., -0., -0., -0.,
            -0., -0., -0., -0., -0.,  0.],
           [-0., -0.,  0., -0.,  0.,  0., -0., -0., -0.,  1., -0., -0., -0.,
            -0., -0., -0.,  0., -0., -0.,  0.,  1.,  0., -0., -0., -0.,  0.,
            -0., -0., -0., -0.,  0., -0.,  0.,  0., -0.,  0.,  1., -0.,  0.,
            -0.,  0.,  0., -0.,  0.,  1.],
           [-1., -0., -1., -1., -0., -1., -0.,  1., -0.,  0.,  0., -0.,  0.,
             0.,  0.,  0., -1.,  0., -0.,  0., -0., -0., -0., -0., -0.,  0.,
            -0.,  0., -0., -0.,  0., -0.,  0., -0., -0.,  0., -0.,  0., -0.,
            -1., -0.,  0.,  0.,  1., -0.],
           [ 0.,  0., -0.,  0.,  0.,  0., -0.,  0.,  0.,  0.,  0., -0.,  0.,
            -0., -0., -0.,  0.,  0.,  0.,  0.,  0.,  1., -0., -0., -0., -0.,
             0.,  0.,  0.,  0.,  0.,  0., -0., -0., -0.,  0., -0.,  0., -0.,
            -0., -0.,  0., -0.,  1.,  0.],
           [ 0., -0., -1., -1.,  0., -1., -1.,  1.,  1., -1.,  0., -0., -0.,
             0.,  0.,  0.,  0.,  0.,  0., -0.,  0.,  0.,  0., -1., -1., -0.,
            -1.,  1., -0., -1., -0.,  0.,  0., -0., -1., -1.,  0.,  0.,  1.,
            -1.,  0.,  0., -0., -0.,  0.],
           [-0.,  0., -0.,  1.,  0.,  0., -0., -0., -0.,  0., -0.,  0., -0.,
             0.,  0., -0., -0., -0., -0.,  0., -0., -0., -0., -0.,  0., -0.,
            -0., -0., -0., -0.,  0.,  0.,  0.,  0.,  0., -0.,  1.,  0.,  0.,
            -0., -0., -0.,  0., -0.,  0.],
           [ 0.,  0.,  1.,  1.,  0.,  1., -0., -1., -0.,  0.,  0., -0.,  0.,
            -0.,  0., -0., -0., -0., -0., -0., -0.,  0.,  0., -0., -0.,  0.,
            -0.,  0., -0.,  0.,  0., -0.,  0., -0., -0.,  0., -0., -0.,  0.,
            -0., -0., -0.,  0., -0.,  0.],
           [ 0.,  0., -0., -0., -0.,  0.,  0., -0., -0.,  0., -1., -0., -0.,
            -0., -0.,  0.,  0.,  0.,  0., -1., -0.,  0., -0., -0., -0.,  0.,
            -0., -0.,  0., -0., -0.,  0.,  0.,  0.,  0.,  0.,  0.,  0., -0.,
            -0., -0., -0.,  0., -0.,  0.],
           [-0.,  0.,  0.,  0.,  0., -0.,  0.,  0.,  0.,  0., -0., -0.,  0.,
            -0., -1.,  0., -0., -0., -0., -0., -0.,  0., -1., -0.,  0.,  0.,
             0., -0., -0., -0.,  0., -0.,  0.,  0.,  0.,  1., -0., -0.,  0.,
             0., -0., -0.,  0., -0., -1.],
           [ 0., -0.,  0.,  0., -0.,  0.,  0.,  0.,  0.,  0.,  0.,  0.,  1.,
             0.,  0.,  0., -0.,  0.,  1.,  1., -0., -0., -0., -0., -0., -1.,
             0.,  0.,  0., -0., -0.,  0., -0.,  0.,  0.,  0., -0., -0.,  0.,
            -0., -0.,  0., -0.,  0.,  0.],
           [ 0.,  0., -0., -0.,  0.,  0.,  0.,  0.,  0., -0.,  0., -0.,  0.,
             1.,  0.,  0., -0.,  0., -0.,  1.,  0., -0., -0.,  0., -0.,  0.,
             0., -0.,  0.,  0., -1.,  0., -0.,  0., -0., -0., -0.,  0., -0.,
            -0.,  0., -0.,  0.,  1.,  0.],
           [-0., -0., -0., -0.,  0.,  0.,  0.,  0.,  0.,  0., -0., -0.,  0.,
             0.,  1.,  0., -0., -0.,  0.,  0., -0.,  0.,  0.,  0., -0., -0.,
            -0., -0.,  0., -0., -0.,  0.,  0., -0.,  0.,  0.,  0., -0., -1.,
            -0.,  0.,  0.,  0.,  0., -0.],
           [-0., -1., -1., -1.,  0.,  0.,  0.,  0.,  0.,  0., -0., -0., -0.,
            -0., -0., -0.,  0.,  1.,  0.,  0.,  1., -0., -1., -1., -1.,  0.,
             0.,  1.,  0., -1.,  0., -0.,  1., -0., -1., -0.,  0., -0.,  1.,
            -1., -1.,  0.,  1., -0., -0.],
           [ 0., -1., -1., -0.,  0.,  0.,  0.,  0.,  0., -0.,  0.,  0., -0.,
             0.,  0., -0.,  0.,  1., -0.,  0.,  0.,  0., -0.,  0.,  0., -0.,
             0.,  0.,  0.,  0., -0.,  0.,  0., -0., -0., -0., -0., -0.,  1.,
            -0.,  0., -0.,  0., -0., -0.]], dtype=np.float32), np.array([[ 0., -0., -0.,  0.,  0.,  0.,  0.,  0., -0., -0.,  1., -0.,  0.,
             1., -0., -0.,  0.,  0.,  1., -1.,  0.,  0., -0., -0., -0., -1.,
            -0.,  0.,  0., -0., -1., -0.,  0., -0., -0.,  0., -0.,  1.,  0.,
            -0., -0., -0.,  0.,  0.,  0.],
           [-0.,  0., -0., -0.,  1.,  0., -0.,  0., -0.,  0., -1., -1.,  0.,
             0.,  0., -1.,  0., -0., -0., -0., -0.,  0.,  0.,  0., -0.,  0.,
            -0.,  0.,  0.,  0., -0.,  0., -0.,  1.,  0., -0.,  0., -1.,  0.,
            -0., -0.,  0., -0.,  0., -0.],
           [ 0., -0., -0., -0., -0., -0.,  0.,  0.,  1., -1.,  0., -0., -0.,
            -0., -0., -0.,  0.,  0., -0., -0.,  1.,  0., -1.,  1., -1.,  0.,
            -1.,  0., -0.,  0.,  0.,  0.,  0., -0., -0.,  1.,  0., -0.,  0.,
             0., -1.,  0.,  1., -0.,  0.],
           [ 0., -0.,  0., -0., -0., -0., -0.,  0., -0.,  0.,  0., -0.,  0.,
             0., -0.,  0., -0., -0.,  0.,  0., -1.,  0.,  0.,  0.,  1.,  0.,
             1.,  0., -1.,  0.,  0.,  0.,  0.,  0.,  0., -1., -0., -0., -0.,
            -0.,  1.,  0., -0., -0.,  1.],
           [-1.,  0., -0.,  0.,  1.,  0.,  0.,  0.,  0.,  0., -0., -0., -1.,
             0., -0.,  0., -1., -0., -0.,  0., -0.,  0.,  0.,  0.,  0., -1.,
            -0., -0.,  0.,  0.,  0.,  1., -0.,  0.,  0.,  0., -0.,  0.,  0.,
             0., -0.,  1.,  0.,  0.,  0.],
           [ 1.,  0.,  0.,  0.,  0., -0.,  0., -0.,  0.,  0.,  0., -1.,  1.,
            -0., -0., -0.,  0., -0.,  1.,  0.,  0.,  0.,  0., -0., -0.,  0.,
             0.,  1., -0.,  0., -0., -0.,  0.,  0., -1., -0.,  0., -0.,  0.,
             1., -0., -0.,  0., -0., -0.],
           [ 1., -0., -0., -0., -1.,  0., -0., -0.,  0., -0.,  0.,  0., -0.,
             0.,  0., -0.,  1.,  0.,  0., -0., -0., -0., -0., -0., -0., -0.,
            -0.,  0.,  0., -0., -1., -0., -0., -0.,  0., -0.,  0.,  1.,  0.,
            -0.,  0., -1.,  0., -1., -0.],
           [-1.,  0., -0., -0.,  1.,  0.,  0.,  0.,  0.,  0., -0., -0.,  0.,
             1., -0., -1., -1., -0., -0., -0.,  0., -1.,  0.,  0.,  0.,  0.,
            -0.,  0., -0.,  0.,  0., -0., -0.,  1., -0.,  0., -0., -1.,  0.,
            -0., -0.,  0.,  0.,  1., -0.],
           [-0.,  0.,  0., -0.,  0.,  0.,  1.,  0., -0.,  0., -0., -0.,  0.,
             0., -1.,  0., -0., -0.,  0.,  0.,  0.,  0., -1.,  1.,  0.,  0.,
            -1.,  0., -0., -0.,  0.,  0.,  0., -0.,  0.,  1., -0., -0.,  0.,
            -0., -0.,  0.,  1.,  0., -0.],
           [ 0.,  1., -0.,  0., -0.,  0., -1., -0.,  1., -0.,  0.,  0., -0.,
            -0., -0., -0.,  0.,  1.,  0., -0.,  0., -0., -0., -0.,  0., -0.,
             1.,  0., -1.,  0.,  0.,  0., -0., -0., -0.,  0., -0., -0.,  1.,
            -0.,  0., -0.,  0.,  0., -0.],
           [ 0., -0., -0.,  0.,  0.,  0.,  0.,  0., -1.,  1.,  0.,  0.,  0.,
             0.,  0.,  0.,  0.,  0., -0., -0., -1.,  0., -0., -1., -0., -0.,
             0.,  0., -0., -0., -0.,  0., -1.,  0.,  0., -0.,  1.,  0.,  0.,
             0.,  1., -0.,  0.,  0.,  0.],
           [ 0.,  0.,  0., -1.,  0.,  1., -0., -1.,  0., -0.,  0.,  0.,  0.,
             0., -0.,  0., -0., -0., -0., -0., -0., -0.,  0.,  0., -0., -0.,
            -0.,  0.,  1., -0.,  0.,  0.,  1., -0.,  0., -0.,  0.,  0., -0.,
             0., -1., -0., -1., -0.,  0.],
           [-1., -1.,  1.,  0.,  1.,  1.,  1.,  0.,  0., -0.,  0., -0., -0.,
             0.,  0.,  0., -1., -0., -0.,  0.,  0.,  0., -0.,  1., -0., -0.,
            -0., -0.,  0., -1.,  0.,  1.,  1.,  0., -1., -0.,  0., -1., -0.,
             0.,  0.,  1., -0.,  0.,  0.],
           [ 1.,  1., -0., -0., -1., -1., -1.,  1.,  1., -0., -0.,  0.,  0.,
            -0., -0.,  1.,  0.,  1., -0.,  0., -0., -0., -0., -0.,  0., -0.,
             0., -0., -1.,  1.,  0.,  0., -1., -0., -0., -0.,  0.,  1., -0.,
             1., -0., -0.,  1., -0., -0.]], dtype=np.float32))

def decomposition_248():
    return (np.array([[-1., -0., -0.,  1.,  0.,  0., -0.,  1.,  0., -0.,  0.,  0., -0.,
            -1.,  0.,  0.,  1.,  0.,  0.,  1.,  1., -0., -0., -1., -0., -0.,
             0.,  0.,  0.,  1., -0.,  0.,  1., -0.,  0., -0.,  0., -0., -0.,
            -1.,  1., -0., -0., -0., -0.,  0.,  0.,  1.,  0.,  1., -0.],
           [-0.,  0.,  0., -0.,  0., -0.,  0.,  0., -1., -0., -0.,  0.,  0.,
             1.,  0., -0.,  0., -0.,  0., -1.,  0.,  1., -1.,  1.,  0., -0.,
            -0.,  0.,  0.,  0., -1.,  1.,  1., -0.,  0., -0., -0.,  1.,  1.,
             1.,  0.,  0.,  0.,  0.,  1.,  0.,  0.,  0.,  0., -0., -1.],
           [ 0.,  0., -0.,  0., -0.,  0., -0., -1., -1.,  0., -0.,  1., -1.,
             0.,  0., -0., -1.,  0., -0., -0., -1., -0., -1.,  0.,  0., -0.,
            -0., -0., -0., -1.,  1.,  0., -0., -1.,  1., -1., -0., -0., -1.,
             0., -1., -0., -1., -0., -0.,  0.,  0.,  0., -0.,  0.,  0.],
           [-0., -0., -1.,  0.,  0., -0.,  0., -0.,  1., -1.,  0.,  0.,  1.,
            -0., -0.,  0.,  0.,  0.,  1.,  0.,  0., -0., -0.,  0.,  1., -0.,
            -0.,  0.,  1.,  0.,  0., -1.,  0., -0.,  0., -0.,  1.,  0., -1.,
            -0., -0., -1., -0., -1.,  0.,  0.,  1., -1., -0., -1., -0.],
           [-1.,  0., -0.,  1., -0., -1.,  0., -0., -0., -0., -1., -0., -0.,
             0., -1.,  0.,  1., -1., -0., -0., -0., -0., -0.,  0.,  1.,  1.,
             0., -0.,  1., -0., -0.,  0., -0., -0.,  0., -1.,  0.,  0., -0.,
            -1., -0.,  0., -0., -0., -0., -1., -0., -0.,  0., -0.,  1.],
           [-0., -1., -1., -0., -0.,  0., -0.,  0.,  0., -0.,  0., -0.,  0.,
            -0., -0.,  1.,  0.,  0., -0., -1., -1.,  0., -1.,  1., -0.,  1.,
             1., -1.,  0.,  0., -1.,  1., -0.,  0.,  0., -0.,  1., -0., -0.,
             1.,  0.,  0., -1., -0.,  1., -0., -0.,  0., -1.,  0., -0.],
           [-0., -1.,  1.,  0., -0.,  0.,  1.,  0.,  0.,  0.,  1., -0., -1.,
             0., -0.,  0., -1., -0., -0.,  1., -1., -1., -1.,  0.,  0., -0.,
             1.,  1.,  0.,  0.,  1.,  0.,  0., -1.,  1.,  0.,  1.,  0.,  0.,
             0., -1.,  0., -0., -0., -0., -0.,  0., -0.,  1.,  0.,  0.],
           [-0.,  1.,  0.,  0., -1.,  1., -1., -0., -0., -1.,  0.,  0.,  1.,
             0.,  1., -1.,  0., -0., -0.,  0., -0.,  1., -0., -1., -0.,  0.,
             0.,  0., -0.,  0.,  0., -1., -0.,  1.,  0., -0., -0., -0.,  0.,
            -0.,  1.,  0.,  1., -1.,  0., -0., -0.,  0.,  1.,  0.,  0.]],
          dtype=np.float32), np.array([[ 0.,  0.,  0.,  1.,  0., -0., -0., -0., -0.,  0.,  0., -0.,  0.,
            -0.,  0., -0.,  0., -1., -0.,  0., -0., -0., -0., -0.,  0., -0.,
             0., -0.,  0.,  0.,  0.,  0., -0.,  0.,  0., -0., -0.,  0.,  0.,
            -0., -0., -0.,  0.,  0.,  0., -0., -0.,  0.,  0.,  0.,  0.],
           [-1., -0.,  0.,  0., -0., -0., -0., -1.,  0., -0., -0., -1.,  0.,
            -0.,  0., -0.,  0., -0., -0.,  0.,  0.,  0., -0., -0., -0.,  0.,
             0., -0., -0.,  0., -0., -0.,  0., -0., -0.,  1.,  0., -0., -0.,
            -0., -0., -0., -0., -0., -0., -0., -0., -0.,  0., -0.,  0.],
           [-0., -0., -1.,  0., -0., -0., -0., -0.,  0., -0., -0., -0., -1.,
            -0., -1.,  0.,  0.,  0.,  1.,  0.,  0., -0.,  0.,  1.,  0.,  0.,
             0.,  1.,  0., -0., -0., -1.,  0.,  1.,  1.,  0.,  0., -0.,  0.,
             1., -0., -0.,  0., -0., -0.,  0.,  1.,  0., -1.,  0.,  0.],
           [-0., -0.,  0.,  0.,  1.,  1.,  0., -0.,  0., -0., -0., -0.,  0.,
            -0.,  0., -0., -1., -0.,  0.,  0.,  0.,  0.,  0., -0., -0.,  0.,
             0., -0.,  0.,  0., -0.,  0.,  0.,  1.,  1.,  0.,  0., -0.,  0.,
             0.,  1.,  0.,  0.,  0.,  0.,  0., -0.,  0.,  0., -0.,  0.],
           [-0., -0., -0., -1., -0., -0., -0., -0.,  0., -0., -0., -0.,  0.,
            -0., -0., -0.,  0., -0.,  0.,  0., -0.,  0., -0.,  0., -0., -0.,
             0.,  0., -0.,  0., -0., -0., -1., -0., -0.,  0.,  0.,  1.,  0.,
             0., -0., -0.,  0.,  0., -0.,  0.,  0., -0., -0., -0., -1.],
           [ 0., -0.,  0., -0., -0., -0.,  0.,  0.,  0.,  0.,  0.,  0.,  0.,
             0.,  0.,  0., -0., -1., -0., -0.,  0.,  0.,  0., -0., -1.,  0.,
             0., -0.,  0.,  0.,  0.,  0., -0., -0., -0., -0.,  0., -0.,  0.,
            -0., -0.,  1., -0., -0.,  0., -0.,  0.,  0.,  0., -1.,  0.],
           [-1.,  0., -0., -0., -0., -0.,  0.,  0., -0., -0.,  0.,  0., -0.,
            -0., -0.,  0.,  0.,  0.,  1., -0., -0.,  0., -0.,  0.,  0., -0.,
            -0.,  0.,  1., -0.,  0., -0.,  0.,  0.,  0., -0., -0., -0., -0.,
             0., -0., -0., -0., -0.,  0., -0., -0.,  1., -0.,  0.,  0.],
           [-1.,  0., -0.,  0., -0., -0., -0.,  0., -0., -0.,  0.,  0., -0.,
             0., -0., -0.,  0.,  0.,  0., -0., -0., -0., -0.,  0.,  0.,  0.,
             0.,  0., -0., -0., -0., -0.,  0.,  0.,  0., -0.,  0., -0., -0.,
             0., -0., -0., -0., -0., -0.,  1.,  0., -0., -0.,  0.,  0.],
           [ 0., -0.,  0.,  0., -0.,  0., -0., -0.,  0., -0.,  0., -0.,  0.,
             0., -0.,  0.,  0.,  1., -0., -0.,  0.,  0., -0.,  0., -0., -1.,
            -0.,  0., -0., -0.,  0.,  0., -0.,  0.,  0.,  0.,  0., -0., -0.,
             0.,  0., -0., -0.,  0.,  1., -0., -0., -0.,  0., -0.,  1.],
           [ 0., -0., -0.,  0.,  0.,  0.,  0., -0.,  0.,  0.,  0., -1.,  1.,
             0., -0.,  0.,  0., -0., -0., -0., -0.,  0., -0.,  0., -0.,  0.,
            -0.,  0., -0., -0., -0.,  1.,  0., -1., -1.,  0., -0.,  0.,  1.,
             0., -0., -0.,  1.,  0.,  0., -0., -1., -0., -0., -0., -0.],
           [ 0., -0., -1.,  0., -0., -0.,  0.,  0.,  0., -0., -0., -0., -1.,
            -0.,  0., -1.,  0.,  0.,  1.,  0.,  0.,  0.,  0., -0.,  0.,  0.,
             0.,  1.,  0., -0., -0., -1., -0.,  1.,  1., -0.,  0.,  0.,  0.,
            -0., -0., -0.,  0., -0.,  0.,  0.,  1., -0., -1.,  0., -0.],
           [ 0.,  1., -0., -0., -0., -0., -1.,  0.,  0.,  0.,  0., -0.,  0.,
            -0., -0., -0., -0.,  0.,  0., -0.,  0., -1.,  0.,  0.,  0., -0.,
             0.,  0., -0., -0.,  0.,  0., -0., -0., -0., -0.,  0.,  0.,  0.,
             0., -0., -0.,  0.,  0., -1.,  0., -0., -0., -0.,  0., -0.],
           [ 0., -0., -0., -0.,  0., -0.,  0.,  0., -0.,  0., -0., -0.,  0.,
            -0., -0., -0.,  0.,  0.,  0.,  0.,  0., -0.,  0.,  0.,  0., -0.,
            -0.,  0., -0., -0.,  0.,  0., -0.,  0.,  0., -0., -0., -1.,  0.,
            -0., -0.,  0.,  0.,  0., -1.,  0., -0., -0., -0.,  0.,  0.],
           [ 0., -1.,  0.,  0., -1., -1.,  1.,  0., -0., -0.,  0.,  0., -0.,
             0., -0., -0., -0.,  1.,  0.,  0.,  1.,  1.,  1., -0.,  1.,  0.,
            -0., -0.,  0., -0.,  0., -0., -1., -1., -1., -0., -0.,  0., -0.,
             0., -1., -1., -0., -0.,  1., -0.,  0.,  0.,  0.,  1., -0.],
           [-0.,  0., -0.,  0.,  0.,  0.,  0.,  1., -0.,  0., -1.,  0.,  1.,
             0.,  1., -1., -0., -0.,  1.,  1., -0.,  0., -0., -1., -0., -0.,
            -0., -1.,  1.,  0.,  0.,  1.,  0., -1., -1., -1., -0., -0.,  1.,
             0.,  0.,  0.,  1., -0.,  0., -0., -1.,  1., -0., -0.,  0.],
           [-0.,  0., -0.,  0.,  0.,  0.,  0.,  1., -0.,  0., -1.,  0.,  1.,
            -1., -0.,  0., -0., -0.,  0.,  1., -0., -0., -0.,  0., -0., -0.,
            -0., -1., -0.,  0.,  0.,  1.,  0., -1., -1., -1., -0.,  0.,  1.,
             0.,  0.,  0.,  1.,  0.,  0.,  1., -1., -0., -0., -0.,  0.],
           [ 0., -1.,  0., -0., -1.,  0., -0., -0.,  1., -0.,  0., -0., -0.,
            -0.,  0.,  0., -0., -1.,  0.,  0.,  1.,  1., -0., -0.,  0.,  1.,
            -0., -0.,  0., -1., -0., -0., -1., -1., -1., -0.,  1.,  0.,  0.,
             0.,  0., -1., -0.,  0., -0., -0., -0.,  0.,  0.,  0., -1.],
           [ 0., -0., -0., -0., -0.,  0., -0.,  0.,  0.,  0.,  0., -1., -0.,
            -0., -0.,  0.,  0.,  0., -0., -0., -0.,  0.,  0.,  0., -0., -0.,
             0.,  0., -0.,  0.,  0., -0.,  0.,  0., -1.,  0.,  0., -0., -0.,
            -0.,  0., -0., -0.,  0., -0., -0.,  0., -0., -0., -0.,  0.],
           [ 0., -0.,  0., -0., -0.,  0., -0., -0.,  0.,  0.,  0., -0.,  0.,
             0.,  0., -1., -0., -0., -0., -0., -0.,  0., -0., -0., -0., -0.,
             0., -0., -0., -0.,  0.,  0.,  0., -0.,  1.,  0.,  0., -0., -0.,
            -0.,  0., -0.,  1., -0., -0.,  0., -0., -0., -1., -0.,  0.],
           [ 0., -0.,  0., -0.,  1., -0.,  1.,  0.,  0., -0., -0., -0.,  0.,
            -0.,  0., -0.,  0., -0., -0.,  0.,  0.,  0.,  0., -0., -0.,  0.,
             0., -0.,  0., -0., -0.,  0., -0.,  1.,  1., -0.,  0., -0.,  0.,
            -0., -0.,  0.,  0.,  0.,  0.,  0., -0.,  0., -0., -0., -0.],
           [-0.,  1., -0.,  0.,  1., -0.,  0., -0., -1.,  0., -0., -0.,  0.,
            -0., -0., -0.,  0., -0., -0., -0.,  0., -1.,  0.,  0.,  0.,  0.,
            -1.,  0., -0., -0.,  0.,  0., -0.,  1.,  1.,  0., -1.,  1.,  0.,
            -0., -0.,  1.,  0.,  0.,  0.,  0.,  0., -0., -0., -0., -0.],
           [-0., -0.,  0.,  0., -0.,  1., -1., -0., -0.,  0., -0.,  0.,  0.,
             0.,  0.,  0.,  0., -1.,  0.,  0.,  0.,  0.,  0., -0., -1., -0.,
             0.,  0.,  0., -1., -0.,  0., -0., -0.,  0., -0., -0., -0.,  0.,
             0.,  1.,  1., -0.,  0.,  0., -0.,  0.,  0.,  0., -1.,  0.],
           [-0.,  0.,  1.,  0.,  0., -0.,  0.,  1., -0.,  0., -1.,  0.,  1.,
             0.,  1., -1., -0.,  0., -0.,  1., -0., -0., -0., -1., -0., -0.,
            -0., -1.,  1.,  0., -1.,  1.,  0., -1., -1., -1., -0., -0., -0.,
             0.,  0.,  0.,  1., -0.,  0.,  0., -1.,  1., -0.,  0.,  0.],
           [ 0.,  0., -0.,  0., -0., -0.,  0., -0., -0., -0., -1.,  0., -0.,
             0., -0., -0., -0.,  0.,  0., -0., -0., -0.,  0.,  0.,  0., -0.,
            -0.,  0.,  0.,  0.,  0., -0.,  0.,  0., -1., -1., -0., -0., -0.,
            -0., -0., -0., -0.,  0., -0.,  1.,  0., -0., -0.,  0.,  0.],
           [-0.,  0.,  0., -0.,  0.,  1.,  0.,  0., -0., -0., -0., -0., -0.,
            -0.,  0., -0.,  0., -1., -0.,  0., -0., -0.,  0., -0., -1., -0.,
            -0., -0.,  0.,  0., -0.,  0.,  0.,  0.,  0., -0., -0., -0.,  0.,
             0., -0.,  0.,  0., -1.,  0., -0., -0.,  0.,  0.,  0.,  0.],
           [ 0., -0., -0., -0., -0.,  0.,  0.,  0., -0., -0., -0.,  0.,  1.,
            -0.,  0.,  0., -0.,  0., -0.,  0., -0.,  0.,  0., -0.,  0., -0.,
             0.,  0.,  0., -0.,  0., -0., -0., -1., -1., -0.,  0., -0., -0.,
            -0.,  0., -0., -0.,  0.,  0., -0., -1.,  0., -0., -0.,  0.],
           [ 0., -0., -1.,  0., -0., -0., -0.,  0.,  0., -0., -0., -0., -1.,
            -0.,  0.,  0., -0.,  0.,  1.,  0.,  0., -0.,  0., -0.,  0.,  0.,
             0.,  1.,  0., -0., -0.,  0., -0.,  1.,  1., -0.,  0., -0.,  0.,
            -0., -0., -0.,  0.,  0., -0.,  0.,  1.,  0., -1.,  0., -0.],
           [-0., -0., -0., -0.,  1., -0.,  0.,  0.,  0.,  0., -0.,  0., -1.,
             0., -0., -0.,  0., -0., -0.,  0.,  0.,  0., -0., -0., -0.,  0.,
             0.,  0., -0., -0., -0.,  0., -0.,  1.,  1., -0.,  0., -0.,  0.,
             0., -0.,  0.,  0., -0.,  0.,  0., -0.,  0., -0.,  0., -0.],
           [-0.,  1., -0.,  0.,  1., -0.,  0.,  0.,  0., -0., -0.,  0., -1.,
            -0.,  0., -0.,  0., -0.,  0.,  0.,  0.,  0.,  0., -0., -0.,  0.,
            -1.,  0., -0., -0., -0.,  0.,  0.,  1.,  1., -0., -1., -0., -0.,
            -0., -0.,  1.,  0., -0.,  0.,  0., -0.,  0., -0.,  0.,  0.],
           [-0., -0.,  0.,  0.,  0.,  1.,  0., -0.,  0.,  0., -0., -0., -0.,
            -0.,  0., -0.,  0., -1., -0.,  0.,  0.,  0.,  0., -0., -1.,  0.,
             0., -0.,  0.,  0., -0.,  0., -0.,  0.,  0.,  0.,  0.,  0.,  0.,
             0., -0.,  1.,  0.,  0.,  0.,  0.,  0.,  0.,  0.,  0., -0.],
           [ 0., -0., -0.,  0., -0., -0.,  0., -0., -0.,  1.,  0., -0., -0.,
            -0.,  0.,  0., -0.,  0.,  1., -0.,  0.,  0., -0.,  0.,  0.,  0.,
             0.,  0., -0., -0., -0.,  0., -0.,  0.,  0.,  0.,  0.,  0., -0.,
            -0.,  0., -0.,  0.,  0.,  0., -0., -0., -0., -0., -0., -0.],
           [ 0., -0., -0., -0., -0.,  0., -0.,  0., -0.,  1.,  0.,  0., -0.,
             0., -1., -0.,  0.,  0., -0.,  0., -0., -0., -0., -0.,  0., -0.,
             0.,  0., -1., -0., -0.,  0., -0.,  0.,  0., -0.,  0.,  0., -0.,
            -0., -0., -0.,  0., -0., -0.,  1.,  0.,  0., -0., -0., -0.]],
          dtype=np.float32), np.array([[-0., -0.,  0.,  1., -0., -0.,  0., -0., -0.,  0.,  0., -0.,  0.,
             0., -0.,  0.,  0., -1.,  0.,  0., -1., -0.,  1., -0., -1., -0.,
             1.,  0.,  0.,  0., -0., -0., -1.,  0., -0.,  0., -1.,  0.,  0.,
             0.,  0.,  1., -0.,  0.,  0., -0.,  0.,  0., -0., -0., -1.],
           [ 0., -0.,  0.,  0.,  0.,  0., -0., -0.,  0., -0., -0.,  0.,  0.,
            -0.,  0., -0., -0.,  1., -0.,  0., -0., -0.,  0., -0.,  1., -1.,
            -1., -0.,  0., -0., -0., -0., -0., -0., -0., -0.,  1., -0., -0.,
             0., -0., -1., -0.,  1.,  0.,  0., -0.,  0., -0.,  0.,  0.],
           [ 0.,  0.,  1., -0., -0., -0.,  0., -1.,  0., -0.,  0., -1.,  0.,
             0.,  0., -0.,  0.,  0., -0.,  1., -0.,  0.,  0.,  0.,  0., -0.,
             0.,  1., -0., -0.,  1.,  0.,  0.,  0., -0.,  0., -0.,  0.,  1.,
            -0., -0., -0.,  0.,  0., -0.,  0., -1.,  0., -0., -0.,  0.],
           [ 0.,  0.,  0.,  0., -1.,  0., -0., -0.,  0., -0.,  1.,  1.,  0.,
            -0.,  0.,  0.,  0.,  0., -0.,  0.,  0., -0.,  0., -0., -0.,  0.,
            -0., -1.,  0.,  0.,  0.,  0., -0., -1., -1., -1., -0., -0.,  0.,
             0.,  0.,  0., -1., -0.,  0., -0., -0., -0., -1., -0.,  0.],
           [-0., -0.,  1.,  0.,  0.,  0.,  0., -0., -0.,  0., -0.,  0.,  0.,
            -1., -0.,  1., -0., -0., -0.,  1.,  0.,  0., -0., -1., -0.,  0.,
            -0.,  1.,  0., -0.,  1., -1.,  0.,  0.,  0., -0.,  0.,  0.,  1.,
            -0., -0.,  0., -1., -0.,  0., -0.,  0.,  0.,  0., -0., -0.],
           [ 0., -0.,  0., -0.,  0.,  0., -0., -0.,  0.,  0.,  0., -0., -0.,
             1.,  0., -1.,  0.,  0.,  0., -1.,  0., -0.,  0.,  1.,  0.,  0.,
             0., -1., -0., -0.,  0., -0.,  0.,  0.,  0.,  0.,  0., -0.,  0.,
            -1.,  0., -0., -0.,  0.,  0.,  0.,  0., -0., -1.,  0.,  0.],
           [ 0., -0.,  0.,  0., -0.,  0., -1., -0., -1.,  0., -0., -0., -1.,
            -0., -0.,  0., -0., -0., -0.,  0.,  1., -1., -1., -0., -0.,  0.,
            -1.,  0., -0.,  1.,  0., -0., -0., -1.,  0.,  0.,  1., -0.,  0.,
            -0.,  1.,  0., -0., -0., -0.,  0., -1.,  0., -0.,  0., -0.],
           [ 0., -1.,  0., -0., -1., -0.,  1., -0., -0., -0.,  0.,  0., -0.,
             0.,  0., -0., -1.,  0., -0., -0., -1., -0., -0.,  0.,  0., -0.,
             1., -0.,  0., -1., -0.,  0.,  0., -0., -0., -0.,  0.,  0.,  0.,
            -0., -1., -0., -0.,  0., -0., -0., -0., -0., -0., -0., -0.],
           [ 0.,  0.,  0., -0., -0., -0., -0., -0.,  1.,  0.,  0., -0., -0.,
            -0., -0.,  0.,  0.,  0.,  0.,  0., -1., -0.,  1., -0.,  0., -0.,
             1.,  0., -0.,  0.,  0., -0., -1., -0.,  0.,  0., -1., -1.,  0.,
            -0.,  0., -0., -0.,  0., -0.,  0., -0.,  0.,  0., -0.,  0.],
           [ 0.,  1.,  0., -0., -0.,  0.,  0.,  0.,  0., -0.,  0.,  0., -0.,
             0., -0., -0., -0., -0., -0., -0., -0.,  1.,  0.,  0., -0., -1.,
            -1., -0.,  0., -0.,  0.,  0., -0., -0., -0., -0., -0.,  1., -0.,
            -0., -0.,  0., -0., -0., -1., -0., -0.,  0., -0., -0., -1.],
           [ 0.,  0., -0.,  0., -0.,  0.,  0.,  0.,  0., -0., -0.,  0.,  0.,
            -0.,  0., -0., -0., -0.,  0., -0.,  1.,  0., -1.,  0., -0.,  0.,
            -1., -0., -0.,  1., -0.,  0., -0.,  0., -0.,  0.,  1.,  0., -0.,
             0., -0., -1.,  0., -0.,  0.,  0.,  0.,  0., -0., -1., -0.],
           [ 0.,  0.,  0., -0.,  0.,  1., -0., -0., -0., -0., -0., -0., -0.,
            -0.,  0.,  0., -1.,  0., -0.,  0., -1., -0., -0., -0., -1., -0.,
             1.,  0.,  0., -1., -0.,  0.,  0., -0.,  0.,  0., -1., -0., -0.,
             0., -1.,  1., -0., -1.,  0., -0.,  0., -0.,  0., -0.,  0.],
           [ 0., -0., -1., -0., -0.,  0.,  0.,  0.,  0., -0., -0., -0., -0.,
             1.,  0.,  0.,  0., -0.,  1., -1., -0., -0.,  0., -0., -0.,  0.,
             0., -1., -0., -0., -1., -0., -0., -0., -0.,  0., -0., -0.,  0.,
             0., -0.,  0., -0., -0.,  0.,  0., -0.,  1., -0.,  0.,  0.],
           [ 0., -0.,  1., -0., -0., -0., -0.,  0.,  0., -1., -0.,  0., -0.,
            -1.,  1., -0.,  0., -0., -1.,  1.,  0.,  0., -0., -1.,  0., -0.,
            -0.,  1.,  1.,  0., -0.,  0.,  0., -0., -0., -0.,  0.,  0., -0.,
             1.,  0., -0., -0.,  0., -0., -0.,  0.,  0., -0., -0., -0.],
           [ 1.,  0.,  0.,  0., -0., -0.,  0.,  1.,  0., -0., -0., -0.,  0.,
            -1., -0., -0., -0., -0.,  0., -0., -0.,  0.,  0.,  0., -0.,  0.,
             0.,  0., -1., -0.,  0.,  0., -0.,  0., -0.,  1., -0.,  0.,  0.,
            -0., -0.,  0.,  0.,  0., -0.,  1., -0., -1., -0., -0., -0.],
           [ 0.,  0.,  0.,  0., -0.,  0., -0.,  0.,  0., -0., -1.,  0.,  0.,
             1., -1.,  0.,  0.,  0., -0., -1.,  0., -0.,  0.,  1.,  0., -0.,
            -0.,  0., -0.,  0.,  0.,  0., -0., -0., -0., -0.,  0., -0., -0.,
            -1.,  0., -0., -0.,  0.,  0., -1., -0., -0., -0.,  0.,  0.]],
          dtype=np.float32))

    
def decomposition_256():
    return (np.array([[ 0.,  0.,  1., -0.,  0.,  0., -1., -1.,  0., -0., -1.,  0., -0.,
             0.,  1., -0., -0., -0.,  0.,  0., -1.,  1., -0.,  0.,  1.,  0.,
             0., -0., -0., -1., -0., -1.,  0.,  0.,  0., -0.,  0.,  1., -0.,
            -0., -0., -0.,  0., -0.,  0.,  0., -0.],
           [ 0., -0., -0.,  1., -0., -0.,  0.,  0.,  0.,  1.,  0.,  0.,  0.,
             0.,  1., -0., -1.,  0., -0., -1.,  0.,  0.,  0., -0., -1., -1.,
             0., -0.,  0.,  0.,  0.,  0.,  1.,  0., -0., -1.,  0.,  1., -0.,
             0.,  0., -0., -0., -0.,  0., -0.,  0.],
           [-0., -0., -0., -1., -0.,  0., -0., -0.,  0., -1.,  0.,  1.,  0.,
             0.,  0., -1.,  1.,  0., -0., -0., -1.,  0., -1., -1.,  1.,  0.,
            -0.,  0.,  0., -0., -0.,  0., -1., -0., -0.,  1.,  0., -0.,  0.,
             0.,  0., -1., -0., -1.,  1.,  0.,  0.],
           [ 0., -0., -1.,  0., -0., -0., -0., -0.,  0.,  0., -0.,  1.,  0.,
            -0.,  0., -1.,  0.,  0.,  1.,  0.,  0.,  0., -1.,  0., -1., -1.,
            -0., -1., -1., -0., -0., -0., -0., -0.,  1.,  0.,  0.,  0., -0.,
            -0.,  0.,  0.,  1., -1.,  1., -0.,  0.],
           [-1., -1., -0., -0., -1.,  0., -1., -1.,  0., -0., -1.,  0.,  0.,
             0.,  1.,  1.,  0.,  1., -0., -0.,  0.,  1., -0., -0., -0.,  0.,
            -0.,  0., -0., -1., -0.,  0., -0., -0., -0.,  0., -0., -0., -0.,
            -0.,  1.,  1., -0.,  0., -0., -0.,  0.],
           [ 0., -0., -1., -1., -1.,  0., -0.,  1.,  1., -1., -0., -0., -0.,
            -0.,  0., -0., -0., -0.,  1., -0., -0.,  0., -0., -0.,  0., -0.,
             1.,  0.,  0., -0., -1., -0., -0.,  1.,  0., -0.,  0., -1., -1.,
             0.,  0.,  0.,  0.,  0.,  1.,  1.,  0.],
           [-0., -0., -0.,  0., -1., -1., -0., -0.,  1., -1., -0.,  0.,  0.,
             1.,  0., -0.,  1.,  0., -0.,  1.,  0.,  1., -0., -0., -0., -0.,
             1., -1., -0.,  0.,  0.,  0., -1.,  0., -0., -0.,  0., -1.,  0.,
             0., -0.,  0.,  0., -0.,  0., -1., -0.],
           [ 0., -1.,  0.,  0.,  0.,  0., -1.,  0.,  0., -0.,  0., -1.,  1.,
             0.,  0., -0.,  0.,  0., -0.,  0., -0.,  0., -0., -0.,  0.,  0.,
            -0., -0., -0.,  0., -1.,  0.,  1., -0., -0.,  0.,  1.,  0.,  0.,
             1., -0.,  1.,  1.,  0., -0.,  1.,  0.],
           [-0.,  0.,  1.,  1.,  0., -1.,  0.,  0.,  0.,  0., -0., -1.,  0.,
            -0.,  0., -0.,  0., -0., -1.,  0., -0., -0., -0., -0., -0., -0.,
            -0., -0.,  1., -0., -0., -0.,  0., -1.,  0., -0.,  1.,  0., -0.,
            -0., -0., -0.,  0., -0., -1., -1., -0.],
           [ 1.,  1.,  0.,  0.,  0., -0.,  1.,  1.,  1.,  0.,  1., -0.,  0.,
             0.,  0.,  0.,  0.,  0., -0.,  0.,  0.,  0., -0., -0.,  0., -0.,
            -0., -0., -0., -0.,  0.,  0.,  0., -0., -0.,  0., -1.,  0.,  0.,
            -1., -1., -1., -1.,  1., -0., -0.,  1.]], dtype=np.float32), np.array([[ 0., -1., -0., -0.,  0.,  0.,  1., -1.,  0., -0.,  0.,  0., -1.,
            -0., -0., -0.,  0.,  0.,  0.,  0.,  0., -0., -0., -0.,  0.,  0.,
             0.,  0., -0.,  0., -1., -0., -0., -0., -0.,  0.,  0.,  0., -0.,
            -0.,  1., -0., -0.,  0., -0., -0., -0.],
           [-0.,  0.,  1., -0., -0.,  0.,  0., -0., -0.,  0., -0.,  0.,  0.,
            -0.,  0.,  0., -0.,  0., -1., -0., -0.,  0., -0.,  0.,  0.,  0.,
            -0., -0.,  1.,  0., -0.,  0., -0., -0., -0., -0.,  0., -0., -1.,
            -0., -0., -0.,  0.,  0.,  0.,  0.,  0.],
           [ 0., -0., -0.,  0.,  0., -0., -0.,  0., -0.,  1.,  0.,  0., -0.,
            -0., -0., -0.,  1.,  0.,  0., -1., -1.,  0., -0., -1., -0., -0.,
            -0., -0.,  0., -0., -0., -0.,  0., -0.,  0., -0., -0.,  1., -0.,
             0.,  0.,  0., -0.,  0., -0.,  0., -0.],
           [ 0.,  0.,  1., -0.,  0.,  0.,  0.,  0.,  0.,  0.,  0., -0.,  0.,
             0.,  0.,  0., -0., -0., -1., -0., -0.,  0., -0., -0.,  0.,  0.,
            -0., -0.,  1., -0., -0.,  1.,  0., -0.,  0., -0.,  0.,  0.,  0.,
            -0., -0., -0., -0.,  0., -0., -0., -0.],
           [-1., -0., -0.,  0., -1.,  0.,  0., -1., -0., -0., -1.,  0., -0.,
             1.,  0., -0., -0., -1., -0.,  0., -0., -1.,  0.,  0.,  0.,  0.,
             1.,  0., -0.,  1., -0.,  1.,  0.,  0.,  0.,  0.,  0., -0., -0.,
             0.,  0., -0.,  0., -0.,  0., -0., -0.],
           [-1., -0.,  0.,  0.,  0.,  0.,  0., -1.,  0., -0., -1., -0., -0.,
            -0., -0.,  0.,  0.,  0., -0.,  0., -0.,  0.,  0.,  0.,  0.,  0.,
            -0., -0., -0., -0., -0.,  1., -0.,  0., -0.,  0.,  0.,  0., -0.,
             0.,  0., -0.,  0., -0.,  0.,  0., -0.],
           [-1.,  1., -0., -0.,  0., -0., -1., -0., -0., -1., -1.,  0.,  1.,
             0., -1.,  0., -0.,  0.,  0.,  1.,  1., -1.,  0.,  0., -0., -0.,
             1.,  0., -0.,  1.,  1.,  1.,  0.,  0., -0.,  1.,  0.,  0., -0.,
             0., -1., -0.,  0., -0.,  0., -0.,  0.],
           [-0.,  0., -0., -1., -0., -0.,  0.,  0.,  0., -0.,  0.,  1., -0.,
             0., -0.,  0., -0., -0.,  1.,  0.,  0., -0., -0., -0.,  0., -0.,
            -0.,  0., -1.,  0., -1., -0., -1., -1., -0., -0.,  0.,  0.,  1.,
             0., -0.,  0., -0.,  0.,  1.,  1.,  0.],
           [-0.,  0., -0.,  0.,  0.,  0., -0.,  0.,  0., -0., -0., -0.,  0.,
             0., -0., -0., -1.,  0.,  0.,  1., -0., -0., -0.,  1., -0.,  0.,
             0.,  0., -0.,  0.,  0.,  0., -0.,  0.,  0., -1., -0.,  0., -0.,
             0., -0., -0.,  0.,  0.,  0., -0., -0.],
           [ 0., -0.,  0.,  0., -0.,  0.,  0.,  0., -0.,  0.,  0., -0., -0.,
             0.,  0., -0.,  0., -0., -0.,  1., -0.,  0., -0.,  0.,  0.,  1.,
            -0., -1.,  0., -0.,  0.,  0.,  0.,  0.,  1., -0., -0., -0., -0.,
            -0.,  0.,  0.,  0., -0., -0., -0., -0.],
           [-0., -0., -0., -0., -0., -0.,  0., -0., -0.,  0., -0., -0., -0.,
            -1.,  0.,  0.,  0., -0., -0.,  1., -0., -0., -0., -0., -0., -0.,
             0.,  0., -0.,  0., -0.,  0., -0.,  0., -0., -0.,  0., -0.,  0.,
             0.,  0., -0., -0., -0.,  0., -0., -0.],
           [ 0., -0., -0., -0.,  0.,  0.,  0., -0., -0.,  0., -0.,  0., -0.,
             0., -1., -0., -0.,  0.,  0.,  1., -0., -1., -0., -0.,  0., -0.,
            -0.,  0., -0.,  1., -0., -0., -0., -0., -0., -0., -0.,  0.,  0.,
             0.,  0.,  0., -0.,  0.,  0.,  0., -0.],
           [-0.,  1., -0., -0.,  0.,  0.,  0., -0.,  0.,  0., -0., -0.,  1.,
            -0.,  0., -0.,  0.,  0.,  0., -0.,  0.,  0.,  0.,  0.,  0.,  0.,
            -0.,  0.,  0., -0., -0.,  0., -0.,  0., -0., -0.,  0., -0.,  0.,
             0., -1., -1.,  0., -0.,  0.,  0.,  0.],
           [ 0., -0., -0.,  0.,  0.,  0.,  0.,  0., -0., -0.,  0.,  1., -0.,
            -0., -0., -0., -0., -0.,  1.,  0., -0., -0.,  0.,  0.,  0.,  0.,
             0., -0., -1.,  0., -1., -0.,  0.,  0., -0.,  0.,  0., -0.,  1.,
             0.,  0., -0.,  0., -0.,  1., -0.,  0.],
           [ 0.,  0., -0., -0.,  0., -0.,  0.,  0.,  0.,  0.,  0., -0., -0.,
            -0., -0.,  0., -1.,  0., -0.,  1., -0.,  0., -0.,  1., -0.,  0.,
            -0., -0.,  0., -0., -0.,  0.,  1., -0.,  0.,  0.,  0.,  0.,  0.,
            -0., -0., -0.,  0., -0.,  0., -0.,  0.],
           [ 0.,  1., -0., -0.,  0.,  0.,  0., -0., -0.,  0.,  0., -0.,  1.,
            -0.,  0., -0., -0.,  0., -0., -0., -0.,  0., -1., -0., -0., -0.,
            -0.,  0.,  0., -0., -0., -0., -0., -0.,  1., -0.,  0.,  0., -0.,
            -1., -1., -1., -1.,  1., -0.,  0., -1.],
           [-0., -0., -0., -0., -0.,  0.,  0., -0.,  0., -0., -0., -0.,  1.,
             0.,  0., -0., -1., -0., -0.,  1.,  0., -0.,  0., -0., -0., -0.,
             0.,  0., -0.,  0.,  0.,  0.,  1., -0.,  0., -0.,  0., -0., -0.,
            -0.,  0.,  0.,  0.,  0.,  0., -0.,  0.],
           [ 1.,  0.,  0., -0.,  0., -0.,  1.,  0., -0.,  0.,  1.,  0., -0.,
            -0.,  0.,  0.,  0.,  0.,  0., -0., -1.,  0., -0.,  0., -0., -0.,
            -0., -0.,  0., -0.,  0., -1., -0., -0., -0., -0., -0.,  0.,  0.,
            -0., -0., -1., -0., -0., -0.,  0.,  0.],
           [ 0.,  0., -0., -0., -0.,  0.,  0.,  0., -0.,  0.,  0., -0.,  0.,
            -0., -0., -0.,  0.,  0.,  0., -0., -0., -0.,  0., -0., -0., -0.,
             0.,  0.,  1.,  0., -0., -0., -0.,  0.,  0.,  0., -1.,  0.,  0.,
            -1., -0., -0., -1., -0.,  0., -0.,  0.],
           [-0.,  0., -0., -0., -0.,  0., -0., -0., -0.,  0., -0.,  0.,  0.,
            -0.,  0.,  0.,  0.,  0., -1., -0.,  0.,  0., -0., -0.,  0., -0.,
            -0.,  0.,  1., -0., -0.,  0., -0.,  1.,  0., -0., -0., -0., -1.,
            -0., -0., -0., -0., -0.,  0.,  0.,  0.],
           [ 0.,  0., -1., -1.,  0.,  0.,  0.,  0.,  0.,  1.,  0.,  0., -0.,
            -0., -0.,  0.,  1.,  0., -0., -1., -1.,  0.,  0., -1., -1.,  0.,
            -0.,  0., -0.,  0., -0., -0., -0.,  0., -0.,  1., -0.,  1.,  0.,
            -0., -0., -0., -0.,  0.,  0., -0.,  0.],
           [ 0.,  0., -0.,  0., -0.,  0.,  0., -0., -0.,  0.,  0., -0.,  0.,
            -0.,  0., -0.,  0.,  0.,  0.,  0., -0.,  0., -0., -0.,  0.,  0.,
            -0., -0.,  1., -0., -0., -0.,  0., -0., -1., -0.,  0., -0.,  0.,
            -0., -0., -0., -0.,  0.,  0., -0., -0.],
           [ 0., -0.,  0.,  0.,  0., -1.,  0.,  0., -0., -0.,  0.,  0.,  0.,
             1., -0.,  0., -0.,  0.,  0.,  0.,  0.,  0.,  0.,  0.,  0.,  0.,
            -0., -1.,  1., -0.,  0., -0.,  0.,  0.,  0., -0.,  0., -0.,  0.,
             0.,  0.,  0.,  0.,  0.,  0., -0., -0.],
           [-1.,  1.,  0., -0.,  0.,  0., -1., -0., -0.,  0., -1.,  0.,  1.,
            -0.,  0., -0.,  0.,  0., -0., -0.,  1.,  0., -1., -0., -0., -0.,
            -0.,  0.,  1., -0.,  1.,  1., -0., -1.,  0., -0., -1.,  0., -0.,
            -1., -1., -0., -1., -0., -1.,  0.,  0.],
           [-0.,  1.,  0.,  0., -0.,  0.,  0., -0.,  0.,  0., -0.,  0.,  1.,
            -0.,  0., -0.,  0., -0., -0., -0., -0.,  0.,  0., -0.,  0., -0.,
            -0., -0., -0.,  0., -0.,  0.,  0., -0.,  0., -0.,  0.,  0., -0.,
            -1., -1.,  0.,  0., -0.,  0.,  0.,  0.],
           [ 0.,  1., -0., -0.,  0., -0.,  0., -0., -0.,  0., -1., -0.,  1.,
             0.,  0.,  1., -0.,  0., -0., -0., -0.,  0., -1., -0.,  0., -0.,
            -0., -0.,  0.,  1.,  0.,  1., -0.,  0.,  0., -0.,  0., -0., -0.,
            -1., -1., -0.,  0.,  1., -0.,  0.,  0.],
           [ 1., -1.,  0.,  0.,  1., -0., -0.,  0., -1.,  0.,  1., -0., -1.,
            -0., -0.,  0.,  0., -0., -0., -0.,  0., -0., -0., -0.,  0.,  0.,
            -1., -0.,  0., -1.,  0., -1., -0., -0., -0.,  0., -0.,  0., -0.,
             1., -0.,  0., -0.,  0., -0., -0., -0.],
           [ 0.,  1., -0.,  0.,  0.,  0.,  0., -0., -0.,  0.,  0.,  0.,  1.,
             0.,  0.,  1., -0., -0.,  0., -0., -0.,  0., -1.,  0.,  0.,  0.,
            -0., -0., -0., -0., -0., -0.,  0., -0., -0., -0.,  0.,  0.,  0.,
            -1., -1.,  0.,  0.,  1.,  0., -0., -1.],
           [ 1.,  0., -0., -0.,  1.,  0., -0.,  0., -1.,  0.,  1.,  0.,  0.,
             0., -0.,  0.,  0.,  1.,  0., -0.,  0., -0., -0.,  0., -0., -0.,
            -1.,  0.,  0., -1.,  0., -1., -0., -0., -0., -0., -0., -0.,  0.,
            -0., -0.,  0., -0., -0., -0., -0.,  0.],
           [ 1.,  0., -0., -0., -0.,  0., -0.,  0.,  0.,  0.,  1., -0.,  0.,
            -0., -0.,  0., -0., -0.,  0.,  0.,  0., -0., -0.,  0.,  0., -0.,
             0., -0.,  0., -1.,  0., -1., -0., -0.,  0., -0., -0., -0., -0.,
            -0., -0.,  0., -0.,  0., -0., -0.,  0.]], dtype=np.float32), np.array([[-0., -1., -0., -0., -1.,  0., -1.,  0., -0., -1.,  0., -0., -0.,
            -0., -0., -1., -0., -1.,  0., -0., -1., -0., -1.,  0., -0., -0.,
             1.,  0.,  0.,  0., -0., -0., -0.,  0., -0., -0.,  0.,  1.,  0.,
             1., -0.,  1., -1.,  0.,  0.,  0.,  0.],
           [-0., -1., -0.,  0., -1., -0.,  0., -0.,  0.,  0.,  0.,  1.,  0.,
            -0.,  0.,  0.,  0., -1., -0.,  0.,  0., -0., -1.,  0.,  0., -0.,
             1.,  0.,  0.,  0.,  1.,  0., -0., -0., -0., -0., -1., -0., -0.,
             1.,  1., -0.,  0., -1., -1., -0., -0.],
           [-1., -0.,  1., -1., -0.,  0., -0., -0., -0., -0.,  1.,  0., -0.,
             0.,  0.,  0., -0.,  0., -1., -0., -0.,  0.,  1., -0., -1., -0.,
             0., -0., -0., -0., -0.,  1., -0., -1., -0., -0., -0.,  0., -0.,
             0., -0., -0.,  0.,  1.,  1.,  0.,  1.],
           [ 0., -0., -0.,  0.,  0., -0.,  0.,  0., -0.,  0., -0., -1., -0.,
            -0., -0., -0., -0.,  0., -0., -0., -0.,  0.,  1., -0.,  0.,  0.,
             0.,  0.,  0., -0.,  0., -0., -0., -1., -0., -0.,  0., -0.,  1.,
             0., -0., -0., -0.,  1.,  1., -1.,  1.],
           [ 0.,  0.,  0.,  0., -1., -0.,  0., -0.,  0., -1., -0.,  0.,  0.,
            -0.,  0.,  0.,  0., -1.,  0., -0.,  0., -0.,  0., -1.,  1.,  0.,
             1.,  0.,  0.,  0.,  0.,  0., -0., -0., -0.,  1.,  0.,  1.,  0.,
            -0., -0., -0.,  0.,  0.,  0., -0.,  0.],
           [-0., -1.,  0., -1., -1.,  0., -0.,  0., -0., -1., -0., -0., -1.,
            -0., -0., -0., -1., -1.,  0.,  0.,  0.,  0.,  0.,  0., -0., -0.,
             1., -0.,  0., -0., -0., -0.,  1., -0., -0.,  1.,  0., -0.,  0.,
            -0.,  1., -0.,  0.,  0.,  0.,  1., -0.],
           [ 1., -0.,  0., -0., -0.,  0., -0.,  0., -0.,  0., -1., -0., -0.,
             0., -0.,  1.,  0., -0., -0.,  0., -0.,  0.,  0.,  0., -0., -1.,
             0., -0., -0.,  0.,  0., -1., -0., -0., -1.,  0., -0.,  0.,  0.,
             0.,  0.,  0.,  0., -1.,  0.,  0., -1.],
           [-0., -0., -0.,  0., -0., -1., -0., -0.,  0., -0.,  0., -0.,  0.,
            -0., -0., -0.,  0., -0., -1., -0.,  0., -0.,  0.,  0.,  0.,  0.,
            -0.,  1.,  1.,  0., -0.,  0.,  0., -0., -1.,  0.,  1., -0., -1.,
             0.,  0., -0., -1.,  0.,  0., -0., -1.],
           [-0., -0., -0.,  0., -0., -0., -0.,  0.,  0., -0.,  0.,  0., -0.,
            -1.,  1., -0., -1.,  1.,  0., -1.,  0., -1.,  0.,  1.,  0.,  1.,
             0.,  1.,  0.,  0.,  0., -0., -0.,  0., -0.,  0., -0.,  0.,  0.,
             0.,  0.,  0., -0.,  0., -0., -0.,  0.],
           [ 0.,  1., -0., -0.,  1.,  1., -0., -0., -1., -0.,  0., -0.,  1.,
            -1., -0.,  0., -0.,  1., -0.,  0., -0., -0.,  0., -0., -0., -0.,
             0., -0.,  0.,  0., -0.,  0.,  0.,  0., -0.,  0., -0., -0., -0.,
             0., -1., -0., -0.,  0.,  0.,  0.,  0.],
           [-1., -0., -0.,  0.,  1.,  0., -0.,  0., -0.,  1.,  1.,  0.,  0.,
            -0., -1., -0., -0., -0.,  0., -0.,  1.,  0.,  1.,  0.,  0., -0.,
            -1.,  0., -0.,  1.,  0., -0., -0.,  0., -0.,  0.,  0., -1.,  0.,
             0., -0.,  0., -0.,  1., -0.,  0.,  1.],
           [ 0., -0.,  0., -0., -0., -0., -1., -1.,  1., -0.,  1., -1.,  0.,
            -0.,  0.,  0., -0., -0., -0.,  0., -0., -1.,  1., -0., -0., -0.,
            -1.,  0.,  0.,  1., -1.,  0., -0.,  0., -0., -0., -0.,  0., -0.,
             0.,  0., -0., -0.,  1.,  1.,  0.,  1.]], dtype=np.float32))    


def decomposition_333():
    return (np.array([[ 1.,  0., -0., -0., -1.,  0.,  0., -0., -0.,  1., -0.,  0.,  0.,
            -0., -0.,  0., -0.,  0., -0., -0.,  0.,  0.,  0.],
           [-1., -0.,  0.,  0., -0.,  0.,  0.,  0., -1.,  0., -0.,  1., -0.,
             0.,  0.,  0., -0., -0., -1., -0.,  0.,  0.,  1.],
           [ 0., -0., -0., -0.,  0.,  0., -1., -0.,  0., -0.,  1.,  1.,  0.,
             0., -0., -0.,  1.,  0.,  0.,  1.,  0., -0., -0.],
           [ 0., -0.,  1.,  1.,  0., -0., -0., -0.,  0., -0.,  1., -0., -1.,
             0.,  0., -0.,  0.,  0., -0., -0., -1., -0., -0.],
           [-0.,  1.,  0., -1.,  0., -1., -0., -1.,  0., -0., -0.,  1., -0.,
            -0., -0., -0.,  0.,  1., -0.,  1., -0., -0.,  0.],
           [ 0.,  1., -0.,  0., -0.,  0.,  0.,  0., -0.,  0.,  1.,  1., -0.,
            -0.,  0.,  0., -0., -0., -0.,  1.,  0.,  1., -0.],
           [ 1., -0., -1.,  0.,  0.,  0., -0.,  1.,  0., -0.,  0., -0.,  0.,
            -0.,  1., -0.,  0.,  0., -0.,  0., -0.,  0., -1.],
           [-1.,  0., -0., -0.,  0.,  0., -0.,  0.,  0., -0.,  0., -0.,  0.,
            -1., -1., -0.,  0.,  0., -1.,  0., -0.,  0.,  1.],
           [ 0.,  0.,  0.,  0.,  0., -1.,  0.,  0., -0.,  0., -0., -0., -1.,
            -1.,  0.,  1., -0., -0., -1., -0.,  0., -1., -0.]], dtype=np.float32), np.array([[ 0., -0., -1., -1.,  1., -0., -0., -1., -0.,  0., -0., -0.,  0.,
             0.,  0.,  0., -0.,  1., -0., -0.,  1., -0.,  0.],
           [-0.,  0., -1.,  0., -0., -0., -0.,  0., -0.,  1., -0., -0.,  0.,
             0.,  0., -0., -0., -0.,  0., -0.,  1., -0., -0.],
           [ 1.,  0., -1.,  0.,  0., -0.,  0., -0.,  0., -0.,  0.,  0.,  1.,
             0.,  0.,  1., -0., -0., -1.,  0., -0., -0.,  1.],
           [ 0., -0.,  0.,  0., -0.,  1.,  0., -0., -0.,  0.,  1.,  1., -1.,
            -1.,  0.,  0.,  0.,  1.,  0.,  1.,  1.,  0., -0.],
           [ 0.,  0.,  0., -0.,  0.,  1., -0.,  1.,  1., -0.,  1.,  1., -1.,
            -1., -1., -0., -0., -0.,  0.,  1.,  1., -0.,  1.],
           [-0.,  0.,  0., -0., -0.,  1.,  0.,  1., -0.,  0., -0., -0.,  0.,
            -1., -1.,  1., -0., -0., -1., -0., -0., -0.,  1.],
           [ 0., -1., -0., -0.,  0., -1.,  0., -0., -0.,  0., -1.,  0.,  1.,
            -0.,  0., -0.,  0., -1., -0., -1., -1.,  0., -0.],
           [ 0.,  0., -0.,  0.,  0.,  0., -1.,  0.,  0.,  0., -1.,  0.,  1.,
            -0., -0.,  0., -0.,  0.,  0.,  0., -1., -1.,  0.],
           [ 0.,  0., -0.,  0.,  0.,  0.,  0.,  0., -0., -0.,  0., -0., -0.,
            -0., -0., -1., -1.,  0., -0.,  0.,  0., -1.,  0.]], dtype=np.float32), np.array([[-0.,  1.,  0., -0., -1.,  0.,  0., -0.,  1.,  0., -0.,  1., -0.,
             0.,  0., -0., -0.,  0., -0., -1., -0., -0., -0.],
           [-0., -1., -0., -1., -0., -0., -0.,  0.,  0.,  0., -0.,  0., -0.,
            -0.,  0., -0., -0.,  1.,  0.,  0., -0., -0., -0.],
           [-0.,  0.,  0.,  0., -0.,  1.,  0., -1.,  0., -0.,  0.,  0., -0.,
             1., -1., -0., -0.,  1., -0., -0., -0.,  0.,  0.],
           [ 0.,  0.,  0.,  0.,  0., -0.,  1.,  0., -1.,  1., -0.,  0., -0.,
             0., -0., -0., -0., -0., -0., -0., -0., -0.,  0.],
           [ 0., -0., -0.,  1., -0., -0., -1., -0., -0.,  0., -1.,  0., -0.,
            -0., -0., -0., -0., -1.,  0.,  1., -1., -0., -0.],
           [-0.,  0.,  1., -0.,  0., -1.,  0.,  1.,  1.,  0.,  0.,  0., -1.,
             0.,  0., -0., -0., -1., -1., -0., -1.,  0.,  1.],
           [ 1.,  0.,  0., -0.,  0., -0.,  0.,  0.,  1.,  0.,  0.,  0., -0.,
             0., -1., -0., -1., -0.,  0., -0., -0., -0.,  1.],
           [ 0., -0., -0.,  0.,  0., -1.,  1., -0.,  0.,  0.,  1.,  0., -1.,
            -0., -0., -1., -0., -0., -0., -1., -0., -1.,  0.],
           [ 0.,  0.,  0.,  0.,  0., -0., -0.,  0., -1.,  0., -0., -0., -0.,
             0.,  1., -1., -0., -0.,  1.,  0., -0.,  0., -1.]], dtype=np.float32))

    
def decomposition_346():
    return (np.array([[ 0.5,  0. ,  0. ,  0. , -1. ,  1. ,  0. ,  1. , -1. ,  0. ,  0. ,
             0. ,  0.5,  1. , -0.5,  0. ,  0.5,  0. ,  0. ,  0. ,  0.5,  0. ,
             0. ,  0. ,  0. ,  1. , -1. ,  1. ,  0.5, -0.5,  0. ,  0. ,  0.5,
             0. , -1. ,  0. ,  0. ,  0. ,  0. ,  0. ,  0. ,  0. ,  0. ,  0. ,
             1. ,  0. ,  0.5, -1. ,  1. , -1. ,  0. ,  1. ,  0. , -1. ],
           [ 0.5,  0. ,  0. ,  0. ,  1. ,  1. ,  0. ,  1. ,  1. ,  0. ,  0. ,
             0. ,  0.5, -1. ,  0.5,  0. ,  0.5,  0. ,  0. ,  0. ,  0.5,  0. ,
             0. ,  0. ,  0. ,  1. ,  1. , -1. ,  0.5, -0.5,  0. ,  0. , -0.5,
             0. ,  0. ,  0. ,  0. ,  0. ,  0. ,  0. ,  0. ,  0. ,  0. ,  0. ,
            -1. ,  0. ,  0.5,  0. ,  0. , -1. ,  0. ,  1. ,  0. ,  0. ],
           [-0.5,  1. ,  0. ,  0. ,  0. ,  0. ,  0. ,  0. ,  0. ,  0. ,  0. ,
             0. ,  0. ,  0. ,  0. ,  0. , -0.5,  0. ,  0. ,  0. ,  0. ,  0. ,
             0. , -0.5,  0. , -1. ,  0. , -1. ,  0. ,  0. ,  1. ,  0. ,  0. ,
             0. ,  0. ,  0. , -0.5,  0. ,  0.5,  0. ,  0. ,  0. ,  0. ,  0.5,
            -1. ,  0. , -0.5,  0. ,  0. ,  0. ,  0. ,  0. ,  0. ,  0. ],
           [ 0. ,  1. ,  0. ,  0. , -1. ,  1. ,  0. , -1. ,  1. ,  0. ,  0. ,
             0. ,  0.5, -1. , -0.5,  0. ,  0. ,  0. ,  0. ,  0. , -0.5,  0. ,
             0. ,  0.5,  0. ,  0. ,  1. ,  0. , -0.5, -0.5, -1. ,  0. , -0.5,
             0. ,  0. ,  0. ,  0.5,  0. , -0.5,  0. ,  0. ,  0. ,  0. ,  0.5,
             0. ,  0. ,  0. ,  0. ,  0. ,  1. ,  0. ,  1. ,  0. ,  0. ],
           [-0.5,  0. , -1. , -0.5,  0. ,  0. , -1. ,  0. ,  0. , -1. , -1. ,
            -1. ,  0. ,  0. ,  0.5, -1. , -0.5,  0. ,  0. , -0.5,  0.5,  0. ,
             0. , -0.5,  1. ,  0. ,  0. , -1. ,  0. ,  0. ,  0. ,  0. ,  0. ,
            -0.5,  0. ,  1. ,  0. , -0.5,  0.5,  0. , -1. , -0.5,  0. ,  0. ,
             0. ,  0. ,  0. ,  0. ,  0. ,  1. ,  0.5,  0. , -1. ,  0. ],
           [-0.5,  0. ,  0. , -0.5,  0. ,  0. ,  1. ,  0. ,  0. ,  1. , -1. ,
             0. ,  0. ,  0. , -0.5,  1. ,  0.5,  0. ,  0. , -0.5, -0.5,  0. ,
             0. ,  0.5,  0. ,  0. ,  0. ,  1. ,  0. ,  0. ,  0. ,  0. ,  0. ,
             0.5,  0. ,  1. ,  0. , -0.5, -0.5,  0. ,  1. ,  0.5,  0. ,  0. ,
             0. ,  0. ,  0. ,  0. ,  0. ,  1. ,  0.5,  0. ,  0. ,  0. ],
           [ 0.5,  0. ,  0. ,  0. ,  0. ,  0. ,  0. ,  1. ,  0. ,  0. ,  0. ,
             0. ,  0. ,  0. ,  0. ,  1. ,  0.5,  0. ,  0. ,  0. ,  0. ,  0. ,
             0. ,  0.5,  0. ,  0. ,  0. ,  1. ,  0. ,  0. ,  0. ,  1. ,  0. ,
             0. ,  0. , -1. ,  0.5,  0. ,  0. ,  1. ,  0. ,  0. ,  0. , -0.5,
             0. ,  0. ,  0.5,  0. ,  0. ,  0. ,  0. ,  0. ,  0. ,  0. ],
           [ 0. ,  0. ,  0. , -0.5,  0. ,  0. ,  1. ,  1. ,  0. ,  1. , -1. ,
             0. ,  0. ,  0. ,  0.5,  0. ,  0. ,  0. ,  0. , -0.5,  0.5,  0. ,
             0. ,  0. ,  0. ,  0. ,  0. ,  0. ,  0. ,  0. ,  0. , -1. ,  0. ,
             0.5,  0. ,  0. , -0.5,  0.5,  0.5,  1. , -1. ,  0.5,  0. , -0.5,
             0. ,  0. ,  0.5,  0. ,  0. , -1. ,  0.5,  0. ,  0. ,  0. ],
           [ 0. ,  0. ,  1. ,  0.5, -1. ,  1. ,  0. ,  0. , -1. ,  0. ,  0. ,
             0.5,  0.5,  0. ,  0. ,  0. ,  0. , -0.5, -1. ,  0.5,  0. ,  1. ,
             0. ,  0. , -0.5,  0. , -1. ,  0. ,  0. ,  0. ,  0. ,  0. ,  0. ,
             0.5,  0. , -1. ,  0. ,  0.5,  0. ,  0. ,  0. ,  0.5,  1. ,  0. ,
             1. ,  0. ,  0. , -1. ,  0.5,  0. ,  0. ,  0. ,  0. , -0.5],
           [ 0. ,  0. ,  0. ,  0.5,  1. , -1. ,  0. ,  0. ,  1. ,  0. ,  0. ,
             0.5,  0.5,  0. ,  0. ,  0. ,  0. , -0.5, -1. ,  0.5,  0. , -1. ,
             0. ,  0. , -0.5,  0. ,  1. ,  0. ,  0. ,  0. ,  0. ,  0. ,  0. ,
            -0.5,  0. , -1. ,  0. ,  0.5,  0. ,  0. ,  0. ,  0.5, -1. ,  0. ,
            -1. ,  0. ,  0. ,  0. , -0.5,  0. ,  0. ,  0. ,  0. ,  0.5],
           [ 0. ,  1. ,  0. ,  0. ,  0. ,  0. ,  0. ,  0. ,  0. ,  1. , -1. ,
            -0.5,  0. , -1. ,  0. ,  0. ,  0. ,  0.5,  0. , -0.5,  0. , -1. ,
             0.5,  0. ,  0. ,  0. ,  1. ,  0. ,  0. ,  0. ,  0. , -1. ,  0. ,
             0. ,  0. ,  1. ,  0. ,  0. ,  0. ,  0. ,  0. ,  0. ,  0. ,  0. ,
            -1. ,  1. ,  0. ,  0. ,  0. ,  0. ,  0. ,  1. ,  0. ,  0.5],
           [ 0. ,  1. ,  0. ,  0.5, -1. ,  1. ,  0. ,  0. ,  1. , -1. ,  1. ,
             0. ,  0.5, -1. ,  0. ,  0. ,  0. ,  0. ,  1. ,  0. ,  0. ,  0. ,
            -0.5,  0. ,  0.5,  0. ,  0. ,  0. ,  0. ,  0. ,  0. ,  1. ,  0. ,
            -0.5,  0. ,  0. ,  0. , -0.5,  0. ,  0. ,  0. , -0.5,  1. ,  0. ,
             0. ,  1. ,  0. ,  0. ,  0.5,  0. ,  0. ,  1. ,  0. ,  0. ]],
          dtype=np.float32), np.array([[ 0. ,  0. ,  0. , -1. ,  0. ,  0. ,  0. ,  0. ,  0. ,  0.5, -1. ,
             0. ,  0. ,  0. , -1. ,  0. ,  0. ,  0. ,  0. ,  0. , -1. ,  1. ,
             0. ,  0. ,  0. ,  0. ,  0. ,  0. ,  0. ,  0. ,  0. ,  0. ,  0. ,
             1. , -1. ,  0. ,  0. ,  0. ,  0. ,  0. ,  0. ,  0. ,  0. ,  0. ,
             0. ,  0. ,  0. ,  0. ,  0. ,  1. ,  0. ,  0. ,  0. , -1. ],
           [ 0. ,  0. , -1. ,  0. ,  0. ,  0. ,  0. ,  0. , -1. ,  0. ,  0. ,
            -1. ,  1. , -0.5,  0. ,  0. ,  0. ,  1. ,  0. ,  0. ,  0. ,  0. ,
             0. ,  0. ,  0. ,  0. ,  0. ,  0. ,  0. ,  0. ,  0. ,  0. ,  0. ,
             0. ,  0. ,  0. ,  0. ,  0. ,  0. ,  0. ,  0. ,  0. ,  0. ,  0. ,
             0. ,  0. ,  0. ,  0. ,  0. ,  0. ,  0. ,  0.5,  0. ,  0. ],
           [ 0. ,  0. ,  1. ,  0. ,  0. ,  0. ,  0. ,  0. ,  0. ,  0. ,  0. ,
             0. ,  0. ,  0. ,  1. ,  0. ,  0. ,  0. ,  0. ,  0. ,  1. ,  0. ,
             0. ,  0. ,  0. ,  0. ,  0. ,  0. ,  0. ,  0. ,  0. ,  0. ,  0. ,
             0. ,  0. ,  0. ,  0. ,  0. ,  0. ,  0. ,  0. ,  0. ,  0. ,  0. ,
             0. ,  0. ,  0. ,  0. ,  0. , -1. ,  0. ,  0. , -1. ,  0. ],
           [-1. ,  0. , -1. ,  0. ,  0. , -1. ,  0.5,  0. ,  0. ,  0. ,  0. ,
             0. ,  0. ,  0. ,  0. ,  0. ,  0. ,  0. ,  0. ,  0. ,  0. ,  0. ,
             0. ,  1. , -1. ,  0. ,  0. ,  1. ,  0. , -1. ,  0. ,  0. ,  0. ,
             0. ,  0. ,  0. , -1. ,  0. ,  0. ,  0. ,  0. , -1. ,  0.5, -1. ,
             0. ,  0. ,  1. ,  0. ,  0. ,  0. ,  0. ,  0. ,  0. ,  0. ],
           [ 0. ,  0. ,  0. ,  1. ,  0. ,  0. ,  0. ,  0. ,  0. , -0.5,  1. ,
             0. ,  0. ,  0. ,  0. ,  0. ,  0. ,  0. ,  0. ,  0. ,  0. , -1. ,
             0. ,  0. ,  0. ,  0. ,  0. ,  0. ,  0. ,  0. ,  0. ,  0. ,  0. ,
            -1. ,  0. ,  0. ,  0. ,  0. ,  0. ,  0. ,  0. ,  0. ,  0. ,  0. ,
             0. ,  0. ,  0. ,  1. ,  0. ,  0. ,  0. ,  0. ,  0. ,  1. ],
           [ 0. ,  0. , -1. ,  0. ,  0. ,  0. ,  0. ,  0. ,  0. ,  0. ,  0. ,
             0. ,  0. ,  0. ,  0. ,  0. ,  0. ,  0. , -1. ,  0. ,  0. ,  0. ,
             0. ,  0. , -1. ,  0. ,  0. ,  0. ,  0. ,  0. ,  0. ,  0. ,  0. ,
             0. ,  0. ,  0. ,  0. ,  0. ,  0. ,  0. ,  0. ,  0. ,  0.5,  0. ,
             0. ,  0. ,  0. ,  1. , -1. ,  0. ,  0. ,  0. ,  0. ,  0. ],
           [-1. ,  0. ,  0. ,  0. ,  0. ,  0. ,  0. ,  1. ,  0. , -0.5,  0. ,
             0. ,  0. ,  0. ,  1. ,  0. ,  0. ,  0. ,  0. ,  1. ,  1. , -1. ,
             0. ,  0. ,  0. ,  0. ,  0. ,  0. ,  0. ,  0. ,  0. ,  0.5,  0. ,
            -1. ,  1. , -0.5,  0. ,  0. ,  0. , -1. ,  0. ,  0. ,  0. , -1. ,
             0. ,  0. ,  1. ,  0. ,  0. ,  0. , -1. ,  0. ,  0. ,  1. ],
           [ 0. , -0.5,  1. ,  1. ,  0. ,  0. ,  0. ,  0. ,  0. ,  0. ,  0. ,
             0. ,  1. ,  0.5,  0. ,  0. ,  0. ,  1. ,  0. ,  1. ,  0. ,  0. ,
             0. ,  0. ,  1. ,  0. ,  1. ,  0. ,  0. ,  0. ,  0.5,  0. ,  0. ,
             0. ,  0. ,  0. ,  0. ,  1. , -1. ,  0. , -0.5,  0. ,  0. ,  0. ,
            -0.5,  1. ,  0. ,  0. ,  0. ,  0. ,  0. ,  0.5,  0. ,  0. ],
           [ 0. ,  0. , -1. , -1. ,  0. ,  0. ,  0. ,  0. ,  0. ,  0. ,  0. ,
            -1. ,  0. , -0.5,  0. ,  0. ,  0. ,  0. ,  0. , -1. ,  1. ,  0. ,
             0. , -1. , -1. ,  0. ,  0. , -1. ,  0. ,  0. ,  0. ,  0. , -1. ,
             0. ,  0. ,  0. ,  1. , -1. ,  0. ,  0. ,  0.5,  0. ,  0. ,  0. ,
             0. , -1. ,  0. ,  0. ,  0. , -1. ,  0. ,  0. , -1. ,  0. ],
           [-1. ,  0. ,  0. ,  0. ,  0. ,  0. ,  0. ,  0. ,  0. ,  0. ,  0. ,
             0. ,  0. ,  0. ,  0. ,  0. , -1. ,  0. ,  0. ,  0. ,  0. ,  0. ,
             0. ,  0. ,  0. ,  0. ,  0. , -1. ,  0. ,  0. ,  0. ,  0. ,  0. ,
            -1. ,  0. ,  0. ,  0. ,  1. ,  0. ,  0. ,  0. , -1. ,  0. ,  0. ,
             0. ,  0. ,  0. ,  0. ,  0. ,  0. ,  0. ,  0. ,  0. ,  0. ],
           [ 0. ,  0. ,  0. ,  0. , -1. ,  0. ,  0. , -1. , -1. ,  0.5,  1. ,
             0. ,  0. ,  0. ,  0. ,  0. ,  0. ,  0. ,  0. , -1. ,  0. ,  1. ,
             1. ,  0. ,  0. ,  0. ,  1. ,  0. , -1. ,  0. ,  0. , -0.5,  0. ,
             1. ,  0. ,  0.5,  0. ,  0. ,  0. ,  1. ,  0. ,  0. ,  0. ,  0. ,
             0. ,  0. ,  0. ,  1. , -1. ,  0. ,  0. ,  0. ,  0. ,  0. ],
           [ 0. ,  0. ,  0. ,  0. , -1. , -1. ,  0. ,  0. ,  0. ,  0. ,  0. ,
             0. ,  1. ,  0. ,  0. ,  0. ,  0. ,  0. ,  0. ,  0. ,  0. ,  0. ,
             0. ,  0. ,  0. ,  0. ,  0. ,  0. ,  0. ,  0. ,  0. ,  0. ,  0. ,
            -1. ,  0. ,  0. ,  0. ,  1. ,  0. ,  0. ,  0. , -1. ,  0. ,  0. ,
             0. ,  0. ,  0. ,  0. ,  0. ,  0. ,  0. ,  0. ,  0. ,  0. ],
           [ 1. ,  0. ,  0. , -1. ,  0. ,  0. ,  0. ,  1. ,  0. ,  0. , -1. ,
             0. ,  0. ,  0. ,  0. ,  0. ,  0. ,  0. ,  0. , -1. ,  0. ,  0. ,
             0. ,  0. ,  0. ,  0. ,  0. ,  0. ,  0. ,  0. ,  0. ,  0.5,  0. ,
             0. ,  0. ,  0.5,  0. ,  0. ,  0. ,  1. ,  0. ,  0. ,  0. , -1. ,
             0. ,  0. , -1. ,  0. ,  0. ,  1. ,  1. ,  0. ,  0. ,  0. ],
           [ 0. ,  0.5,  0. ,  1. ,  0. ,  0. ,  0. ,  0. , -1. ,  0. ,  0. ,
            -1. ,  0. ,  0. ,  0. ,  0. ,  0. ,  0. ,  0. ,  1. ,  0. ,  0. ,
             0. ,  0. ,  1. ,  0. ,  1. ,  0. ,  0. ,  0. ,  0.5,  0. ,  0. ,
             0. ,  0. , -1. ,  0. ,  1. , -1. ,  0. , -0.5,  0. ,  0. ,  0. ,
            -0.5,  1. ,  0. ,  0. ,  0. ,  0. ,  0. ,  0. ,  0. ,  0. ],
           [ 0. ,  0. ,  0. , -1. ,  0. ,  0. ,  0. ,  0. ,  0. ,  0. ,  0. ,
             1. ,  0. , -0.5,  1. ,  0. ,  0. ,  0. ,  0. , -1. ,  0. ,  0. ,
             0. , -1. , -1. ,  0. ,  0. , -1. ,  0. ,  0. ,  0. ,  0. , -1. ,
             0. ,  0. ,  1. , -1. , -1. ,  2. ,  0. ,  0.5,  0. ,  0. ,  0. ,
             0. , -1. ,  0. ,  0. ,  0. ,  0. ,  0. ,  0. ,  0. ,  0. ],
           [ 0. ,  0. , -1. ,  0. ,  0. , -1. ,  0.5,  0. ,  0. , -1. ,  0. ,
             0. ,  0. ,  0. ,  0. , -1. ,  1. ,  0. ,  0. ,  0. ,  0. ,  0. ,
             0. ,  1. , -1. ,  0. ,  0. ,  0. ,  0. , -1. ,  0. ,  1. ,  0. ,
            -1. ,  0. ,  0. , -1. , -1. ,  0. ,  0. ,  0. ,  0. ,  0.5, -1. ,
             0. ,  0. ,  1. ,  0. ,  0. ,  0. ,  0. ,  0. ,  0. ,  0. ],
           [ 0. ,  0. ,  0. ,  1. ,  1. ,  0. ,  0. ,  1. ,  1. ,  0. ,  0. ,
             0. ,  0. ,  0. ,  0. ,  0. ,  0. ,  0. ,  0. ,  1. ,  0. ,  0. ,
            -1. ,  0. ,  0. ,  0. , -1. ,  0. ,  1. ,  0. ,  0. , -0.5,  0. ,
             0. ,  0. , -0.5,  0. ,  0. ,  0. , -1. ,  0. ,  0. ,  0. ,  0. ,
             1. ,  0. ,  0. ,  0. ,  1. ,  0. ,  0. ,  0. ,  0. ,  1. ],
           [ 0. ,  1. , -1. ,  0. , -1. , -1. ,  0. ,  0. ,  0. , -1. ,  0. ,
             0. , -1. ,  0. ,  0. , -1. ,  2. ,  0. , -1. ,  0. ,  0. ,  0. ,
             0. ,  0. , -1. , -1. ,  0. ,  0. ,  0. ,  0. ,  0. ,  1. ,  0. ,
            -1. ,  0. ,  0. ,  0. , -1. ,  0. ,  0. ,  0. ,  1. ,  0.5,  0. ,
             0. ,  0. ,  0. ,  1. , -1. ,  0. ,  0. , -1. ,  0. ,  0. ],
           [-1. ,  0. ,  0. , -1. ,  0. ,  0. ,  0. , -1. ,  0. ,  0. ,  1. ,
             0. ,  0. ,  0. ,  0. ,  0. ,  0. ,  0. ,  0. , -1. ,  0. ,  0. ,
             0. ,  0. ,  0. ,  0. ,  0. ,  0. ,  0. ,  0. ,  0. , -0.5,  0. ,
             0. ,  0. ,  0.5,  0. ,  0. ,  0. ,  1. ,  0. ,  0. ,  0. , -1. ,
             0. ,  0. ,  1. ,  0. ,  0. , -1. , -1. ,  0. ,  0. ,  0. ],
           [ 0. ,  0.5,  0. ,  1. ,  0. ,  0. ,  0. ,  0. ,  1. ,  0. ,  0. ,
             1. ,  0. ,  0. ,  0. ,  0. ,  0. ,  0. ,  0. ,  1. ,  0. ,  0. ,
             0. ,  0. , -1. ,  0. , -1. ,  0. ,  0. ,  0. , -0.5,  0. ,  0. ,
             0. ,  0. ,  0. ,  0. , -1. ,  1. ,  0. ,  0.5,  0. ,  0. ,  0. ,
             0.5,  1. ,  0. ,  0. ,  0. ,  0. ,  0. ,  0. ,  0. ,  0. ],
           [ 0. ,  0. ,  0. , -1. ,  0. ,  0. ,  0. ,  0. ,  0. ,  0. ,  0. ,
            -1. ,  0. , -0.5,  1. ,  0. ,  0. ,  0. ,  0. , -1. ,  0. ,  0. ,
             0. , -1. ,  1. ,  0. ,  0. , -1. ,  0. ,  0. ,  0. ,  0. , -1. ,
             0. ,  0. ,  0. ,  1. ,  1. ,  0. ,  0. , -0.5,  0. ,  0. ,  0. ,
             0. , -1. ,  0. ,  0. ,  0. ,  0. ,  0. ,  0. ,  0. ,  0. ],
           [ 0. ,  0. , -1. ,  0. ,  0. , -1. , -0.5,  0. ,  0. ,  0. ,  0. ,
             0. ,  0. ,  0. ,  0. ,  0. ,  1. ,  0. ,  0. ,  0. ,  0. ,  0. ,
             0. , -1. , -1. ,  0. ,  0. ,  0. ,  0. , -1. ,  0. ,  0. ,  0. ,
            -1. ,  0. ,  0. ,  1. , -1. ,  0. ,  0. ,  0. ,  0. ,  0.5, -1. ,
             0. ,  0. ,  1. ,  0. ,  0. ,  0. ,  0. ,  0. ,  0. ,  0. ],
           [ 0. ,  0. ,  0. ,  1. ,  1. ,  0. ,  0. ,  1. , -1. ,  0. ,  0. ,
             0. ,  0. ,  0. ,  0. ,  0. ,  0. ,  0. ,  0. ,  1. ,  0. ,  0. ,
             1. ,  0. ,  0. ,  0. ,  1. ,  0. ,  1. ,  0. ,  0. ,  0.5,  0. ,
             0. ,  0. , -0.5,  0. ,  0. ,  0. , -1. ,  0. ,  0. ,  0. ,  0. ,
             0. ,  0. ,  0. ,  0. ,  1. ,  0. ,  0. ,  0. ,  0. ,  1. ],
           [ 0. ,  0. , -1. ,  0. ,  1. , -1. ,  0. ,  0. ,  0. ,  0. ,  0. ,
             0. ,  1. ,  0. ,  0. ,  0. ,  0. ,  0. ,  1. ,  0. ,  0. ,  0. ,
             0. ,  0. , -1. ,  0. ,  0. ,  0. ,  0. ,  0. ,  0. ,  0. ,  0. ,
            -1. ,  0. ,  0. ,  0. , -1. ,  0. ,  0. ,  0. , -1. ,  0.5,  0. ,
             0. ,  0. ,  0. , -1. ,  1. ,  0. ,  0. ,  0. ,  0. ,  0. ]],
          dtype=np.float32), np.array([[ 0. ,  0. ,  0. ,  0. ,  0. ,  0. ,  0. ,  0.5,  0. ,  0. ,  0. ,
             0. ,  0. ,  0. ,  0. ,  0. ,  0. ,  0. ,  0. ,  0. ,  0. ,  0. ,
             0. ,  0. ,  0. ,  0. ,  0. ,  0. , -1. , -1. ,  0. ,  0. ,  0. ,
             0. ,  1. ,  0. ,  0. ,  0. ,  0. ,  0.5,  0. ,  0. ,  0. , -1. ,
             0. ,  0. ,  1. ,  0. ,  0. ,  0. ,  0. ,  0. ,  0. ,  0. ],
           [ 0. ,  0. ,  0. ,  0. ,  0. ,  0. ,  0. ,  0.5,  0. ,  0. ,  0. ,
             0. ,  0. ,  0. ,  0. ,  0. ,  0. ,  0. ,  0. ,  0. , -1. ,  0. ,
             0. ,  0. ,  0. ,  0. ,  0. ,  0. , -1. ,  0. ,  0. ,  0. ,  0. ,
             0. ,  0. ,  0. ,  0. ,  0. ,  0. ,  0.5,  0. ,  0. ,  0. ,  0. ,
             0. ,  0. ,  0. ,  0. ,  0. ,  0.5, -1. ,  0. ,  1. ,  0. ],
           [ 0. ,  0. ,  0. , -1. ,  0. ,  0. ,  0. ,  0. ,  0. ,  0. ,  0.5,
             0. ,  0. ,  0. ,  0. ,  0. ,  0. ,  0. , -0.5,  1. ,  0. ,  0. ,
             0. ,  0. ,  0. ,  0. ,  0. ,  0. ,  0. ,  0. ,  0. ,  0. ,  0. ,
             0. , -1. ,  0. ,  0. ,  0. ,  0. ,  0. ,  0. ,  0. ,  0. ,  0. ,
             0. ,  0.5,  0. , -1. ,  1. ,  0. , -1. ,  0. ,  0. ,  1. ],
           [ 0. ,  1. ,  0. ,  0. ,  0. ,  0. ,  0. ,  0. ,  0. ,  0. ,  0. ,
             0. ,  0. , -1. ,  0. ,  0. ,  0. ,  0. ,  0. ,  0. ,  0. ,  0. ,
             0. ,  0. ,  0. , -1. ,  0. ,  0. ,  0. ,  0. ,  1. ,  0. ,  1. ,
             0. ,  0. ,  0. ,  0. ,  0. ,  0. ,  0. ,  0. ,  0. ,  0. ,  0. ,
             0. , -0.5,  0. ,  0. ,  0. ,  0. ,  0. ,  1. ,  0. ,  0. ],
           [ 0. ,  0. ,  0. ,  0. ,  0. ,  0. ,  1. ,  0. ,  0. ,  0. ,  0. ,
             1. ,  0. ,  0. ,  0. ,  0. ,  0. , -1. ,  0. , -1. ,  0. ,  0. ,
             0. , -1. ,  0. ,  0. ,  0. ,  0. ,  0. ,  0. ,  1. ,  0. ,  0. ,
             0. ,  0. ,  1. , -1. ,  0. ,  1. ,  0.5,  0. ,  0. ,  0. ,  0. ,
             0. ,  0. ,  0. ,  0. ,  0. ,  0. ,  0. ,  0. ,  0. ,  0. ],
           [ 0. ,  0. ,  0. ,  0. ,  0. ,  0. ,  0. ,  0. ,  0.5,  0. ,  0. ,
             0. ,  0. ,  1. ,  0. ,  0. ,  0. , -1. ,  0. ,  0. ,  0. ,  0. ,
            -1. ,  0. ,  0. ,  0. ,  0.5,  0. ,  0. ,  0. ,  0. ,  0. , -1. ,
             0. ,  0. ,  0. ,  0. ,  0. ,  0. ,  0. ,  0. ,  0. ,  0. ,  0. ,
             0. ,  0.5,  0. ,  0. ,  0. ,  0. ,  0. ,  0. ,  0. ,  0. ],
           [ 0. ,  0. ,  0. ,  0. ,  0. ,  0. ,  0. ,  0. ,  0. ,  0. ,  0. ,
             0. ,  0. ,  0. , -1. ,  0. ,  0. ,  0. ,  0. ,  0. ,  1. ,  0. ,
             0. ,  0. ,  0. ,  0. ,  0. ,  0. ,  0. ,  0. ,  1. ,  0. ,  1. ,
             0. ,  1. ,  0. ,  0. ,  0. ,  1. ,  0. ,  1. ,  0. ,  0. ,  0. ,
             0. ,  0. ,  0. ,  0. ,  0. ,  0. ,  0. ,  0. ,  0. ,  0. ],
           [ 0. ,  0. ,  0. ,  0. ,  0. ,  0. ,  1. ,  0. ,  0. ,  0. ,  0. ,
             0. ,  0. ,  0. ,  0. ,  0. ,  0. ,  0. ,  0. ,  0. ,  0. ,  0. ,
             0. , -1. ,  0. ,  0. ,  0. ,  0. ,  0. ,  0. ,  1. ,  0. ,  0. ,
             0. ,  0. ,  0. , -1. ,  0. ,  1. ,  0. ,  1. ,  0. ,  0. ,  0. ,
             0. ,  0. ,  0. ,  0. ,  0. ,  0. ,  0. ,  0. ,  1. ,  0. ],
           [ 0. ,  0. ,  1. ,  0. ,  0. ,  0. ,  0. ,  0. ,  0.5,  0. ,  0. ,
            -1. ,  0. ,  1. ,  0. ,  0. ,  0. ,  0. ,  0. ,  0. ,  0. ,  0. ,
            -1. ,  0. ,  1. ,  0. ,  0.5,  0. ,  0. ,  0. ,  0. ,  0. , -1. ,
             0. ,  0. ,  0. ,  0. ,  0. ,  0. ,  0. ,  0. ,  0. ,  1. ,  0. ,
             0. ,  0. ,  0. ,  0. ,  0. ,  0. ,  0. ,  0. ,  1. ,  0. ],
           [ 0. ,  0. ,  0. ,  0. ,  0. ,  0. ,  0. ,  0. ,  0. ,  0. ,  0. ,
             0. ,  0. ,  0. ,  0. , -1. , -1. ,  0. ,  0. ,  0. ,  0. ,  0. ,
             0. , -1. ,  0. , -1. ,  0. ,  0.5,  0. ,  1. ,  0. ,  0. , -1. ,
             0. ,  0. ,  0. ,  0. ,  0. ,  0. ,  0. ,  0. ,  0. ,  0. ,  0. ,
             0. ,  0. ,  0. ,  0. ,  0. ,  0. ,  0. ,  0. ,  0. ,  0. ],
           [ 1. ,  0. ,  0. ,  0. ,  0. ,  0. , -1. ,  0. ,  0. ,  0. ,  0. ,
             0. ,  0. ,  0. ,  0. , -1. , -1. ,  0. ,  0. ,  0. ,  0. ,  0. ,
             0. ,  0. ,  0. , -1. ,  0. ,  0. ,  0. ,  0. ,  0. ,  0. ,  0. ,
             0. ,  0. ,  0. ,  0. ,  0. ,  0. ,  0. ,  0. ,  0. ,  0. ,  0. ,
             0. ,  0. ,  1. ,  0. ,  0. ,  0. ,  1. ,  0. ,  0. ,  0. ],
           [ 0. ,  0. ,  0. ,  0. ,  0. , -0.5, -1. ,  0. ,  0. , -1. ,  0. ,
             0. , -1. ,  0. ,  0. ,  0. ,  0. , -1. ,  0. ,  0. ,  0. , -0.5,
             0. ,  0. ,  0. ,  0. ,  0. ,  0. ,  0. , -1. ,  0. ,  0. ,  0. ,
             1. ,  0. ,  0. ,  0. ,  0. ,  0. ,  0. ,  0. , -1. ,  0. ,  0. ,
             0. ,  0. ,  0. ,  0. ,  0. ,  0. ,  0. ,  1. ,  0. ,  0. ],
           [ 0. ,  0. ,  0. ,  0. ,  0. ,  0. ,  0. ,  0. ,  0. ,  0. ,  0. ,
             0. ,  0. ,  0. ,  0. ,  0. ,  0. ,  0. ,  0. ,  0. ,  0. ,  0.5,
             0. ,  0. ,  0. ,  0. ,  0.5,  0. , -1. ,  0. ,  1. ,  0. ,  0. ,
             0. ,  1. ,  0. ,  0. ,  0. ,  0. ,  0. ,  0. ,  0. ,  0. ,  0. ,
            -1. ,  0. ,  0. ,  0. ,  0. ,  0. ,  0. ,  0. ,  0. , -1. ],
           [ 0. ,  0. ,  0. ,  0. ,  0. ,  0. ,  0. ,  0.5,  0. ,  1. , -0.5,
             0. ,  0. ,  0. ,  0. , -1. ,  0. ,  0. ,  0. ,  0. , -1. ,  0. ,
            -1. ,  0. ,  0. ,  0. ,  0. ,  0. , -1. ,  0. ,  0. , -1. ,  0. ,
             0. ,  0. ,  0. ,  0. ,  0. ,  0. ,  0. ,  0. ,  0. ,  0. ,  0. ,
             0. ,  0. ,  0. ,  0. ,  0. ,  0.5,  0. ,  0. ,  1. ,  0. ],
           [ 0. ,  0. ,  0. ,  0. ,  0. ,  0. ,  0. ,  0. ,  0. ,  0. ,  0. ,
             0. ,  0. ,  0. ,  0. ,  0. ,  0. ,  0. , -0.5,  0. ,  0. , -0.5,
            -1. ,  0. ,  0. ,  0. ,  0. ,  0. ,  0. ,  0. ,  0. ,  0. ,  0. ,
             0. , -1. ,  0. ,  0. ,  0. ,  0. ,  0. ,  0. ,  0. ,  0. ,  0. ,
             0. ,  0. ,  0. , -1. ,  1. ,  0. ,  0. ,  0. ,  0. ,  1. ],
           [ 0. ,  0. ,  0. ,  0. , -0.5, -0.5,  0. ,  0. ,  0. ,  0. ,  0. ,
             0. ,  0. ,  0. ,  0. ,  0. ,  0. ,  0. ,  0. ,  0. ,  0. ,  0. ,
             0. ,  0. ,  0. ,  1. ,  0. ,  0. ,  1. , -1. ,  0. ,  0. ,  0. ,
             0. ,  0. ,  0. ,  0. ,  0. ,  0. ,  0. ,  0. ,  0. , -1. ,  0. ,
             0. ,  0. ,  0. ,  0. , -1. ,  0. ,  0. ,  0. ,  0. ,  0. ],
           [-1. ,  0. ,  0. ,  0. ,  0. ,  0. ,  0. ,  0. ,  0. ,  0. ,  0. ,
             0. ,  0. ,  0. ,  0. ,  0. ,  1. ,  0. ,  0.5,  0. ,  0. ,  0. ,
             0. ,  0. , -1. ,  1. ,  0. ,  0. ,  0. ,  0. ,  0. ,  0. ,  0. ,
             0. ,  0. ,  0. ,  0. , -1. ,  0. ,  0. ,  1. , -1. ,  0. ,  0. ,
             0. ,  0. , -1. ,  0. ,  0. ,  0. , -1. ,  0. ,  0. ,  0. ],
           [ 0. ,  0. ,  0. ,  0. ,  0. ,  0.5,  0. ,  0. ,  0. ,  0. ,  0. ,
             0. ,  1. ,  0. ,  0. ,  0. ,  0. ,  1. ,  0.5,  0. ,  0. ,  0. ,
             0. ,  0. ,  0. ,  0. ,  0. ,  0. ,  0. ,  1. ,  0. ,  0. ,  0. ,
             0. ,  0. ,  0. ,  0. ,  0. ,  0. ,  0. ,  0. ,  0. ,  1. ,  0. ,
             0. ,  0. ,  0. ,  0. ,  0. ,  0. ,  0. , -1. ,  0. ,  0. ]],
          dtype=np.float32))

    
def decomposition_347():
    return (np.array([[ 0. -0.j , -1. +0.j ,  0. +0.j ,  0. +1.j ,  0. +0.j , -0. +0.j ,
            -0. +0.j ,  0. -0.j , -0. +0.j ,  0. +0.j ,  0. +0.j ,  0. -0.j ,
             0. -0.j , -0. +0.j ,  1. +0.j ,  0. +0.j ,  0. -1.j ,  0. +0.j ,
             1. +0.j , -0. +0.j ,  0. +0.j ,  0. +0.j ,  1. +0.j , -0. +1.j ,
             0. +0.j , -0. +0.j ,  0. +0.j ,  0. +0.j ,  0. -0.j ,  0. +0.j ,
             0. +0.j , -1. -0.j ,  0. +0.j ,  0. -0.j ,  0. -1.j , -0. +0.j ,
             0. +0.j ,  0. -0.j ,  0. -0.j ,  0. +0.j ,  0. -1.j ,  0. +0.j ,
            -0. +0.j ,  0. +0.j ,  0. +0.j ,  0. +0.j , -0. +0.j ,  1. +0.j ,
             0. +0.j , -0. +0.j , -0. +0.j ,  0. +0.j ,  0. -0.j , -0. +0.j ,
            -0. +1.j ,  0. -0.j , -0. +0.j , -0. +0.j ,  1. +0.j ,  0. +0.j ,
             0. -0.j ,  0. -0.j ,  0. +0.j ],
           [ 0. +0.j , -0.5-0.j , -0. +0.j ,  0. +0.j ,  0. +0.5j,  0. +0.j ,
             0. -0.j ,  0. -0.j ,  0. +0.j ,  0.5+0.j , -0. +0.j ,  0. -0.j ,
            -0. +0.j ,  0.5+0.j , -0. +0.j ,  0. +0.j ,  0. +0.5j, -0. +0.5j,
            -0.5-0.j , -0. +0.j ,  0. +0.j ,  0.5+0.j , -0.5+0.j ,  0. -0.5j,
             0. +0.j , -0. +0.5j,  0. +0.j , -0. +0.j ,  0. -0.j ,  0.5+0.j ,
            -0.5+0.j ,  0.5+0.j , -0. +0.j , -0. +0.j ,  0. +0.5j, -0.5+0.j ,
             0. -0.5j, -0.5+0.j ,  0. +0.j , -1. +0.j , -0. +0.5j,  0. -0.5j,
            -0.5-0.j ,  0.5+0.j ,  0. -0.5j,  0. +0.j ,  0. +0.j , -0.5+0.j ,
             0.5+0.j , -0.5-0.j ,  0. +0.j , -0. +0.j ,  0. -0.5j, -0. +0.5j,
             0. -0.5j, -0.5+0.j ,  0. +0.j ,  0. +0.j ,  0.5+0.j ,  0.5+0.j ,
             0. +0.j ,  0.5+0.j ,  0. +0.j ],
           [ 0. -0.j , -0. +0.j ,  0. -0.j , -1. -0.j ,  0. -0.j , -0. +0.j ,
            -0. +0.j , -0. +0.j ,  0. -0.j ,  0. -1.j ,  0. -0.j ,  0. +0.j ,
             0. +0.j ,  0. -1.j ,  0. +0.j ,  0. +0.j ,  0. -0.j ,  1. +0.j ,
             0. +0.j ,  0. -0.j ,  0. -1.j ,  0. -0.j ,  0. -0.j ,  0. +0.j ,
             0. +0.j ,  1. +0.j ,  0. -0.j ,  0. -0.j ,  0. -0.j ,  0. +0.j ,
             0. -1.j , -0. +0.j ,  0. +0.j ,  0. +0.j ,  0. +0.j ,  0. +1.j ,
             1. +0.j ,  0. -0.j ,  0. -0.j ,  0. +0.j ,  0. -0.j , -0. +0.j ,
            -0. +1.j , -0. +0.j , -1. +0.j ,  0. -0.j , -0. +0.j ,  0. +0.j ,
            -0. +0.j ,  0. +0.j ,  0. -0.j ,  0. +0.j , -1. +0.j , -0. +0.j ,
             0. +0.j ,  0. -0.j , -0. +0.j ,  0. -0.j ,  0. +0.j ,  0. -1.j ,
             0. +0.j ,  0. +0.j ,  0. +0.j ],
           [-0. +0.j , -0. +0.j , -0. +0.j ,  0. +0.j ,  1. +0.j ,  0. -0.j ,
             0. +0.j ,  0. +0.j ,  0. -0.j ,  0. +0.j , -0. +0.j , -0. +0.j ,
            -0. +0.j ,  0. +0.j ,  0. +1.j ,  0. +0.j , -0. +0.j ,  0. -0.j ,
             0. -0.j ,  0. +0.j ,  0. -1.j ,  0. -1.j ,  0. +0.j ,  0. +0.j ,
            -0. +0.j , -0. +0.j ,  0. +0.j ,  0. -0.j , -0. +0.j ,  0. -1.j ,
             0. +0.j , -0. +0.j , -0. +0.j ,  0. -0.j , -0. +0.j ,  0. +0.j ,
            -0. +0.j , -0. +1.j , -0. +0.j ,  0. -0.j , -0. +0.j ,  1. +0.j ,
             0. -0.j ,  0. -1.j ,  0. +0.j ,  0. -0.j ,  0. -0.j ,  0. +0.j ,
             0. -1.j , -0. +1.j , -0. +0.j ,  0. -0.j ,  0. +0.j ,  1. +0.j ,
             0. -0.j , -0. +1.j ,  0. +0.j ,  0. +0.j ,  0. +0.j ,  0. +0.j ,
             0. +0.j ,  0. +1.j ,  0. +0.j ],
           [-1. -0.j ,  0. +1.j ,  0. +0.j , -0. +0.j ,  0. -0.j ,  0. +0.j ,
             0. +0.j ,  0. -1.j ,  0. -0.j ,  0. +0.j ,  0. +0.j ,  0. +0.j ,
             0. -0.j ,  0. -1.j , -0. +0.j , -1. -0.j ,  0. +0.j ,  0. -0.j ,
             0. -0.j ,  0. -1.j ,  0. +0.j ,  0. -0.j ,  0. -1.j ,  0. -0.j ,
            -1. +0.j ,  0. -0.j ,  0. +0.j , -0. +0.j , -0. +0.j ,  0. -1.j ,
            -0. +0.j , -0. +1.j ,  0. +0.j , -0.5-0.j ,  0. +0.j , -0. +0.j ,
             0. +0.j , -0. +0.j , -0. +0.j ,  0. -0.j ,  0. +0.j , -0. +0.j ,
             0. +0.j , -0. +0.j ,  0. +0.j ,  0. +0.j ,  0. -0.j ,  0. +0.j ,
            -0. +0.j ,  0. -0.j , -0. +0.j ,  0. -0.j ,  0. +0.j ,  0. -0.j ,
             0. +0.j ,  0. +0.j ,  0. -0.j ,  0. -1.j , -0. +0.j ,  0. +0.j ,
            -0. +0.j , -0. +0.j ,  0. +0.j ],
           [ 0. +0.j ,  0. +0.5j,  0. -0.5j, -0. +0.j , -0. +0.j ,  0. +0.j ,
             0. +0.j ,  0. -0.5j, -0.5+0.j ,  0. +0.j ,  0. +0.j ,  0. -0.5j,
            -0. +0.j ,  0. -0.5j, -0. +0.j ,  0.5+0.j ,  0. +0.j , -0. +0.j ,
            -0. +0.5j,  0. +0.5j,  0. +0.j ,  0. +0.j , -0. +0.5j,  0. +0.j ,
             0.5+0.j ,  0.5+0.j , -0. +0.j ,  0.5+0.j , -0. +0.j ,  0. -0.5j,
             0. +0.j , -0. +0.5j,  0.5+0.j , -0. +0.j , -0. +0.j ,  0. -0.5j,
            -0.5+0.j ,  0. -0.5j, -0.5+0.j ,  0. -0.j , -0. +0.j ,  0. +0.j ,
             0. +0.j ,  0. +0.j ,  0. +0.j ,  0.5+0.j , -0.5+0.j ,  0. +0.j ,
             0. -0.5j,  0. +0.j , -0. +0.5j,  0. -0.5j, -0.5+0.j ,  0. -0.j ,
            -0.5-0.j ,  0. +0.5j,  0. +0.j ,  0. +0.5j, -0. +0.j , -0. +0.j ,
             0. -0.j ,  0. -0.5j,  1. +0.j ],
           [ 0. +0.j ,  0. +0.j ,  0. +0.j ,  0. -0.j ,  0. -0.j ,  0. +0.j ,
             0. +0.j ,  0. +0.j ,  0. -0.j ,  0. +0.j ,  0. -0.j , -1. +0.j ,
             0. +0.j ,  0. -0.j ,  0. +0.j ,  0. +0.j ,  0. +0.j ,  0. +0.j ,
            -1. +0.j ,  0. -0.j ,  0. +0.j ,  0. -0.j ,  0. +0.j , -0. +0.j ,
             0. +0.j ,  0. +0.j ,  0. -0.j ,  0. -1.j ,  0. +0.j ,  0. -0.j ,
             0. +0.j ,  0. +0.j , -0. +1.j ,  0. -0.5j,  0. +0.j ,  1. +0.j ,
             0. -1.j ,  0. -0.j ,  0. +0.j ,  0. -0.j ,  0. +0.j ,  0. +0.j ,
            -0. +0.j ,  0. -0.j ,  0. +0.j ,  0. +0.j ,  0. +1.j ,  0. +0.j ,
             1. +0.j ,  0. +0.j ,  1. +0.j ,  0. +0.j ,  0. +1.j ,  0. -0.j ,
            -0. +0.j ,  0. +0.j , -0.5+0.j ,  0. -0.j ,  0. +0.j ,  0. +0.j ,
             0. -0.j ,  0. -0.j ,  0. +0.j ],
           [ 0. -1.j ,  0. +0.j , -1. +0.j ,  0. +0.j , -0. +0.j , -0. +0.j ,
             0. +0.j ,  0. +0.j , -0. +1.j , -0. +0.j ,  0. +0.j ,  0. +0.j ,
             0. +0.j ,  0. -0.j , -0. +0.j , -0. +0.j ,  0. +0.j ,  0. +0.j ,
             0. +0.j ,  0. -0.j ,  0. +0.j ,  0. +0.j ,  0. +0.j ,  0. +0.j ,
             0. +0.j , -0. +1.j , -0. +0.j , -0. +0.j ,  0. +0.j , -0. +0.j ,
            -0. +0.j ,  0. +0.j , -0. +0.j ,  0. +0.j ,  0. +0.j ,  0. -0.j ,
             0. +0.j ,  1. +0.j , -0. +1.j ,  0. +0.j ,  0. -0.j , -0. +0.j ,
             0. +0.j ,  0. +0.j , -0. +0.j ,  0. -1.j ,  0. +0.j ,  0. +0.j ,
             0. +0.j , -0. +0.j , -0. +0.j ,  1. +0.j , -0. +0.j ,  0. +0.j ,
             0. -1.j ,  1. +0.j , -0.5-0.j ,  0. +0.j ,  0. -0.j ,  0. +0.j ,
             0. +0.j ,  1. +0.j ,  0. +0.j ],
           [ 0. +0.j ,  0. +0.j ,  0. +0.j ,  0. +0.j ,  0. -0.j ,  1. +0.j ,
             1. +0.j ,  1. +0.j ,  0. +0.j , -0. +0.j , -0. +0.j ,  0. +0.j ,
             0. +0.j ,  0. -0.j ,  0. -0.j ,  0. -1.j ,  0. -1.j ,  0. +0.j ,
             0. -0.j ,  1. +0.j ,  0. -0.j , -0. +0.j , -0. +0.j , -0. +0.j ,
             0. +0.j ,  0. +0.j ,  0. -0.j , -0. +1.j ,  0. +0.j , -0. +0.j ,
             0. +0.j , -0. +0.j ,  0. -0.j ,  0. +0.j ,  0. +0.j ,  0. +0.j ,
             0. -0.j ,  0. +0.j ,  0. +0.j ,  0. +0.j ,  0. +0.j ,  0. +0.j ,
             0. +0.j , -0. +0.j ,  0. +0.j ,  0. +1.j ,  0. -0.j ,  1. +0.j ,
             0. -0.j , -1. +0.j ,  0. +0.j , -0. +0.j ,  0. +0.j , -0. +0.j ,
             0. -0.j ,  0. +0.j ,  0. +0.j ,  0. +0.j ,  1. +0.j ,  1. +0.j ,
             1. +0.j ,  0. +0.j ,  0. +0.j ],
           [ 0. +0.j , -0. +0.j ,  0.5+0.j ,  0. -0.j ,  0. +0.5j,  0. -0.j ,
             0.5+0.j ,  0.5+0.j ,  0. +0.5j,  0.5+0.j ,  0.5+0.j ,  0.5+0.j ,
             0. -0.5j, -0. +0.j , -0. +0.j ,  0. -0.5j,  0. -0.5j,  0. +0.5j,
            -0. +0.j , -0.5+0.j ,  0. +0.j ,  0.5+0.j ,  0. +0.j ,  0. -0.5j,
             0. +0.5j,  0. -0.j , -0. +1.j , -0. +0.5j,  0. +0.j ,  0. +0.j ,
            -0.5-0.j , -0. +0.j ,  0. +0.5j,  0. -0.j , -0. +0.5j,  0. +0.j ,
            -0. +0.j ,  0. +0.j ,  0. -0.5j,  0. +0.j ,  0. -0.j ,  0. -0.5j,
             0. +0.j ,  0. -0.j , -0. +0.5j,  0. +0.5j,  0. +0.5j, -0.5-0.j ,
             0. +0.j , -0.5-0.j , -0.5+0.j ,  0.5+0.j ,  0. +0.j ,  0. -0.5j,
             0. +0.j ,  0. +0.j ,  0. +0.j , -0.5-0.j ,  0.5+0.j ,  0.5+0.j ,
             0. +0.j ,  0. +0.j ,  0. +0.j ],
           [ 0. +0.j ,  0. -0.j , -0. +0.j ,  0. +0.j ,  0. +0.j ,  0. +0.j ,
             0. -0.j ,  0. +0.j ,  0. +0.j ,  0. -0.j ,  0. +1.j ,  0. -1.j ,
             0. -0.j ,  0. +0.j ,  0. +0.j ,  0. -0.j , -0. +0.j ,  1. +0.j ,
            -0. +0.j ,  0. +0.j ,  0. +0.j ,  0. +1.j , -0. +0.j , -0. +0.j ,
            -1. -0.j ,  0. -0.j ,  0. +0.j ,  0. +0.j ,  1. +0.j ,  0. +0.j ,
             0. -1.j ,  0. +0.j , -1. -0.j , -0. +0.j , -1. +0.j , -0. +0.j ,
             0. -0.j ,  0. -0.j ,  1. +0.j ,  0. +0.j ,  0. +0.j , -0. +0.j ,
             0. +0.j ,  0. -0.j , -1. -0.j ,  0. +0.j , -1. -0.j ,  0. +0.j ,
             0. +0.j , -0. +0.j ,  0. -0.j ,  0. -0.j ,  0. +0.j , -0. +0.j ,
            -0. +0.j ,  0. +0.j , -0. +0.j ,  0. +0.j ,  0. +0.j ,  0. -0.j ,
             0. +1.j ,  0. -0.j ,  0. +0.j ],
           [ 0. +0.j ,  0. +0.j ,  0. -1.j ,  0. -0.j ,  1. +0.j , -0. +1.j ,
             0. +0.j ,  0. +0.j , -1. -0.j ,  0. +1.j ,  0. -0.j ,  0. +0.j ,
             1. +0.j ,  0. +0.j ,  0. -0.j ,  0. -0.j , -0. +0.j ,  0. +0.j ,
            -0. +0.j ,  0. -0.j ,  0. +0.j ,  0. +0.j ,  0. +0.j ,  1. +0.j ,
             0. +0.j ,  0. +0.j , -0. +0.j ,  0. +0.j ,  1. +0.j , -0. +0.j ,
             0. +0.j ,  0. -0.j ,  0. +0.j ,  0. +0.j ,  0. +0.j , -0. +0.j ,
             0. -0.j ,  0. +0.j ,  0. -0.j , -0. +0.j ,  0. +0.j ,  1. +0.j ,
            -0. +0.j ,  0. +0.j ,  0. +0.j , -0. +0.j ,  0. +0.j ,  0. +0.j ,
             0. +0.j , -0. +0.j ,  0. -1.j , -0. +1.j , -0. +0.j ,  1. +0.j ,
            -0. +0.j ,  0. +0.j , -0. +0.j ,  0. -1.j ,  0. -0.j ,  0. +0.j ,
             0. +0.j ,  0. +0.j ,  0. +0.j ]]), np.array([[ 0. +0.j , -0. +0.j ,  0. -0.5j,  0. +0.j ,  0.5+0.j , -0. +1.j ,
             0. +0.j ,  0. +0.j , -0. +0.5j,  0. +0.j , -0. +0.j ,  0. -0.j ,
             0. +1.j ,  0. +0.j ,  0. +0.j ,  0. +0.j ,  0. -0.j ,  0. +0.j ,
             0. -0.j , -1. -0.j , -0. +0.j ,  0. -0.j , -0. +0.j , -1. -0.j ,
            -0. +0.j ,  0. +0.j ,  0. -0.5j,  0. +0.j , -0. +0.j , -0. +0.j ,
             0. -0.j ,  0. +0.j ,  0. -0.j ,  0. +0.j ,  0. +0.j ,  0. +0.j ,
             0. -0.j , -0. +0.j ,  0. +0.j ,  0. +0.j , -0. +0.j ,  0. -0.5j,
             0. -0.j ,  0. +0.j ,  0. +0.j ,  0. +0.j ,  0. +0.j , -1. +0.j ,
             0. +0.j ,  0. -0.j ,  0. -0.j , -0.5-0.j ,  0. -0.j ,  0. +0.5j,
             0. +0.j , -0. +0.j ,  0. +0.j ,  0. -1.j ,  0. +0.j ,  0. +0.j ,
             0. +0.j ,  0. +0.j ,  0. +0.j ],
           [-0. +0.j ,  0.5+0.j ,  0. +0.j ,  0. +0.j ,  0. +0.j ,  0. +0.j ,
             0. +0.j ,  0. -0.j ,  0. -0.j , -0. +0.j ,  0. -0.j ,  0. +0.j ,
             0. +0.j , -0. +0.j ,  0. +0.j ,  0. +0.j , -0. +0.5j,  0. +0.j ,
             0. +0.j ,  0. -0.j ,  0. -0.j ,  0. -0.j , -0. +0.5j,  0. +0.j ,
             0. -0.j , -0. +0.j ,  0. +0.j ,  0. -0.j , -0. +0.j , -0. +0.j ,
             0. +0.j ,  0. -0.5j,  0. -0.j ,  0. +0.j ,  0. +0.j ,  0. +0.j ,
             0. +0.j ,  0. +0.j , -0. +0.j ,  0.5+0.j ,  1. +0.j ,  0. +0.j ,
             0. +0.j , -0. +0.j ,  0. +0.j , -0. +0.j , -0. +0.j ,  0.5+0.j ,
             0. +0.j , -0. +0.j ,  0. +0.j ,  0. -0.j ,  0. -0.j ,  0. +0.j ,
             0. +0.j ,  0. -0.j ,  0. +0.j ,  0. +0.j , -0.5-0.j , -0. +0.j ,
             0. -0.j ,  0. +0.j ,  0. +0.j ],
           [ 0. -0.j ,  0. +0.j ,  0. -0.j ,  0. -0.j , -0. +0.j ,  0. +0.j ,
             0. +0.j ,  0. +0.j ,  0. +0.j ,  0. +0.j ,  1. +0.j , -0.5+0.j ,
             0. -0.j ,  0. +0.j , -0. +0.j ,  0. +0.j ,  0. +0.j , -0.5-0.j ,
             0. -0.j ,  0. -1.j , -0. +0.j ,  0. -0.j , -0. +0.j , -0. +0.j ,
             0. -1.j ,  0. +0.j ,  0.5+0.j ,  0. +0.j , -0. +0.j , -0. +0.j ,
             0. -0.5j, -0. +0.j ,  0.5+0.j ,  0. -0.j , -1. -0.j , -0. +0.j ,
            -0. +0.j , -0. +0.j ,  0. +0.j ,  0. +0.j ,  0. -0.j ,  0. +0.j ,
             0. -0.j ,  0. +0.j ,  0. +0.5j,  0. +0.j ,  0. -0.5j,  0. -1.j ,
             0. +0.j ,  0. +0.j , -0. +0.j ,  0. -0.j ,  0. -0.j ,  0. -0.j ,
             0. +0.j ,  0. +0.j ,  0. +0.j ,  0. -0.j , -0. +0.j ,  0. -0.j ,
             0. -1.j , -0. +0.j ,  0. +0.j ],
           [ 0. +0.j ,  1. +0.j ,  0. +0.j , -0. +0.j ,  0.5+0.j ,  0. +0.j ,
             0. +0.j ,  0. -0.j , -0. +0.j ,  0. -0.j , -0. +0.j , -0. +0.j ,
             0. -0.j , -0. +0.j , -0. +1.j , -0. +0.j ,  0. -0.j ,  0. +0.j ,
             0. +0.j ,  0. +0.j , -0. +0.j , -0. +0.j , -0. +0.j ,  0. +0.j ,
            -0. +0.j ,  0. +0.j ,  0. +0.j , -0. +0.j , -0. +0.j ,  1. +0.j ,
             0. +0.j ,  0. +0.j ,  0. -0.j ,  0. +0.j , -0. +0.j , -0. +0.j ,
            -0. +0.j , -0.5+0.j ,  0. +0.j ,  0.5+0.j ,  0. -0.j ,  0. -0.5j,
             0. -0.j ,  0. -1.j ,  0. +0.j ,  0. +0.j ,  0. +0.j ,  0. +0.j ,
             0. -0.j ,  1. +0.j ,  0. +0.j ,  0. +0.j ,  0. -0.j , -0. +0.5j,
             0. +0.j ,  0. -0.5j,  0. +0.j ,  0. +0.j , -1. +0.j , -0. +0.j ,
             0. +0.j , -0.5-0.j ,  0. +0.j ],
           [ 0. +0.j ,  0. -1.j , -0. +0.j , -1. +0.j ,  0. -0.j , -0. +0.j ,
             0. +0.j ,  0. -0.j ,  0. +0.j ,  0. +0.j , -0. +0.j ,  0. -0.j ,
            -0. +0.j ,  0. -1.j ,  0. -0.j ,  0. +0.j , -0. +0.j ,  0.5+0.j ,
             0. +0.j ,  0. +0.j ,  0. -0.j ,  0. +0.j ,  0. +0.j ,  0. +0.j ,
             0. +0.j ,  0. -0.j , -0. +0.j ,  0. -0.j ,  0. +0.j , -0. +0.j ,
            -0. +0.5j,  0. +0.j ,  0. +0.j ,  0. +0.j , -0. +0.j ,  0. -0.5j,
             0. +0.5j, -0. +0.j ,  0. +0.j ,  0. -0.5j, -0. +0.j , -0. +0.j ,
             0. -1.j ,  0. +0.j ,  0. -0.5j,  0. +0.j , -0. +0.j ,  0. +0.j ,
             0. -0.j ,  0. +0.j ,  0. +0.j , -0. +0.j , -0.5-0.j ,  0. -0.j ,
             0. -0.j , -0. +0.j ,  0. -0.j ,  0. +0.j , -0. +1.j ,  0. -1.j ,
             0. -0.j ,  0. +0.j ,  0. +0.j ],
           [ 0. +0.j , -0. +0.j ,  0. -0.j , -0. +0.j ,  0. +0.j , -0. +0.j ,
             1. +0.j ,  0. +0.5j,  0. +0.j ,  0. +0.j ,  0. -0.j ,  0. +0.j ,
             0. -0.j , -0. +0.j ,  0. +0.j ,  0. -0.5j,  0. -0.5j, -0. +0.j ,
            -0. +0.j ,  0.5+0.j ,  0. +0.j , -0. +0.j ,  0. +0.j , -0. +0.j ,
             0. +0.j ,  0. +0.j ,  0. +0.5j,  0. +0.j ,  0. +0.j ,  0. -0.j ,
             0. +0.j , -0. +0.j ,  0. +0.j , -0. +0.j , -0. +0.j ,  0. -0.j ,
             0. -0.j ,  0. +0.j ,  0. +0.j , -0. +0.j ,  0. +0.j ,  0. +0.j ,
            -0. +0.j , -0. +0.j ,  0. -0.j ,  0. -0.j ,  0. +0.j ,  0.5+0.j ,
             0. +0.j ,  0. +0.j ,  0. -0.j ,  0. +0.j , -0. +0.j ,  0. -0.j ,
             0. -0.j ,  0. +0.j ,  0. -0.j , -0. +0.j , -0.5+0.j ,  0. +0.j ,
             0. -0.j , -0. +0.j ,  0. +0.j ],
           [ 0. +1.j ,  0. -1.j ,  0. +0.j , -0.5-0.j ,  0. +0.j ,  0.5+0.j ,
             0. +0.j ,  1. +0.j ,  0. -0.j ,  0. -0.5j,  0. +0.j ,  0. +0.j ,
             0. -0.j ,  0. -0.5j,  0.5+0.j , -0. +0.j ,  0. -0.j ,  0. +0.j ,
            -0.5-0.j , -0. +1.j , -0.5+0.j ,  0. +0.5j, -1. -0.j ,  0. +0.5j,
            -0. +0.5j, -0. +0.5j,  0. +0.j ,  0.5+0.j , -0.5-0.j ,  0. -0.5j,
             0. +0.j ,  0. +0.j , -0. +0.j ,  0. -1.j ,  0.5+0.j ,  0. -0.j ,
             0. +0.j ,  0. -0.j , -0.5-0.j ,  0. +0.j ,  0. +0.j ,  0. +0.j ,
            -0. +0.j ,  0. +0.j ,  0. +0.j ,  0. +0.5j,  0. +0.j ,  0. +1.j ,
             0. +0.5j,  0. -0.5j,  0. +0.5j, -0. +0.j , -0. +0.j , -0. +0.j ,
            -0. +0.5j, -0. +0.j ,  0. +1.j , -0.5-0.j , -0. +1.j ,  0. -0.5j,
            -0. +0.5j, -0. +0.j ,  0. +0.j ],
           [ 0. +0.j ,  0. +0.j ,  0. -1.j ,  0. +0.j ,  1. +0.j ,  0. +0.j ,
             0. +0.j ,  0. -0.j , -0. +1.j ,  0. +0.j ,  0. +0.j ,  0. +0.j ,
             0. -0.j ,  0. +0.j ,  0. +0.j ,  0. +0.j , -0. +0.j ,  0. +0.j ,
             0. +0.j ,  0. +0.j ,  0. -0.j ,  0. -0.j ,  0. +0.j ,  0. +0.j ,
            -0. +0.j ,  0. -0.j ,  0. -1.j , -0. +0.j ,  0. -0.j ,  0. -0.j ,
             0. -0.j ,  0. -0.j , -0. +0.j ,  0. +0.j , -0. +0.j ,  0. +0.j ,
            -0. +0.j ,  0. +0.j ,  0. +0.j ,  0. -0.j , -0. +0.j ,  0. -1.j ,
            -0. +0.j ,  0. +0.j ,  0. +0.j ,  0. +0.j ,  0. +0.j ,  0. +0.j ,
             0. -0.j , -0. +0.j ,  0. +0.j , -1. +0.j ,  0. -0.j , -0. +1.j ,
             0. +0.j ,  0. +0.j , -0. +0.j , -0. +0.j ,  0. -0.j ,  0. +0.j ,
             0. +0.j ,  0. +0.j ,  0. +0.j ],
           [ 0. +0.j ,  1. +0.j ,  0. -0.j , -0. +0.j ,  0. -0.j ,  0. +0.j ,
             0. +0.j ,  0. +0.j ,  0. +0.j ,  0. -0.j , -0. +0.j ,  0. +0.j ,
             0. -0.j , -0. +0.j ,  0. +0.j ,  0. +0.j ,  0. +1.j ,  0. +0.j ,
             0. +0.j ,  0. +0.j , -0. +0.j ,  0. +0.j ,  0. -1.j ,  0. +0.j ,
             0. +0.j ,  0. +0.j ,  0. +0.j ,  0. +0.j , -0. +0.j ,  0. -0.j ,
             0. +0.j ,  0. -1.j ,  0. -0.j ,  0. -0.j ,  0. +0.j ,  0. -0.j ,
             0. +0.j ,  0. +0.j , -0. +0.j ,  1. +0.j , -0. +0.j , -0. +0.j ,
             0. -0.j ,  0. +0.j ,  0. +0.j ,  0. +0.j ,  0. -0.j , -1. -0.j ,
             0. +0.j , -0. +0.j ,  0. +0.j ,  0. -0.j ,  0. +0.j ,  0. +0.j ,
             0. +0.j ,  0. +0.j ,  0. +0.j , -0. +0.j , -1. +0.j ,  0. -0.j ,
             0. +0.j ,  0. +0.j ,  0. +0.j ],
           [ 0. +0.j ,  0. +0.j ,  0. -0.j ,  0. -0.j ,  0. +0.j ,  0. -0.j ,
            -0. +0.j ,  0. +0.j ,  0. +0.j ,  0. +0.j , -0. +0.j , -1. -0.j ,
             0. +0.j ,  0. -0.j , -0. +0.j ,  0. +0.j , -0. +0.j , -1. -0.j ,
            -0. +0.j , -0. +0.j ,  0. +0.j ,  0. +0.j ,  0. +0.j ,  0. +0.j ,
            -0. +0.j ,  0. +0.j ,  1. +0.j ,  0. +0.j ,  0. +0.j ,  0. +0.j ,
             0. -1.j ,  0. +0.j ,  1. +0.j ,  0. +0.j ,  0. +0.j ,  0. +0.j ,
             0. +0.j ,  0. -0.j ,  0. +0.j ,  0. +0.j ,  0. -0.j ,  0. -0.j ,
             0. -0.j ,  0. -0.j ,  0. +1.j ,  0. -0.j ,  0. -1.j ,  0. +0.j ,
             0. -0.j , -0. +0.j ,  0. +0.j ,  0. +0.j ,  0. -0.j ,  0. -0.j ,
             0. +0.j ,  0. +0.j ,  0. -0.j ,  0. +0.j , -0. +0.j ,  0. +0.j ,
            -0. +0.j ,  0. +0.j ,  0. +0.j ],
           [-0. +0.j ,  0. +0.j ,  0. -0.j ,  0. +0.j , -1. +0.j , -0. +0.j ,
             0. -0.j ,  0. -0.j , -0. +0.j , -0. +0.j ,  0. +0.j ,  0. +0.j ,
             0. +0.j ,  0. -0.j ,  0. +0.j ,  0. -0.j ,  0. +0.j ,  0. +0.j ,
            -0. +0.j ,  0. +0.j , -0. +0.j ,  0. +0.j ,  0. +0.j , -0. +0.j ,
             0. +0.j ,  0. +0.j , -0. +0.j ,  0. +0.j , -0. +0.j ,  0. +0.j ,
            -0. +0.j ,  0. +0.j , -0. +0.j , -0. +0.j ,  0. +0.j ,  0. +0.j ,
             0. -0.j ,  1. +0.j , -0. +0.j , -1. -0.j ,  0. +0.j ,  0. +1.j ,
             0. +0.j ,  0. -0.j ,  0. -0.j , -0. +0.j ,  0. +0.j ,  0. +0.j ,
             0. +0.j ,  0. +0.j ,  0. +0.j , -0. +0.j ,  0. -0.j ,  0. -1.j ,
             0. -0.j ,  0. +1.j ,  0. +0.j ,  0. -0.j , -0. +0.j , -0. +0.j ,
             0. +0.j ,  1. +0.j ,  0. +0.j ],
           [ 0. +0.j ,  0. -0.j ,  0. +0.j ,  0. -0.j ,  0. +0.j ,  0. -0.j ,
            -0. +0.j , -0. +0.j , -0. +0.j , -0. +0.j , -0. +0.j ,  0. +0.j ,
             0. +0.j ,  0. -0.j , -0. +0.j , -0. +0.j , -0. +0.j , -1. -0.j ,
             0. -0.j ,  0. +0.j ,  0. +0.j ,  0. -0.j , -0. +0.j ,  0. -0.j ,
             0. +0.j ,  0. -0.j ,  0. +0.j ,  0. +0.j ,  0. +0.j ,  0. +0.j ,
             0. -1.j ,  0. -0.j ,  0. -0.j ,  0. -0.j ,  0. +0.j , -0. +1.j ,
             0. -1.j , -0. +0.j ,  0. +0.j ,  0. +1.j ,  0. -0.j , -0. +0.j ,
             0. -0.j , -0. +0.j ,  0. +1.j ,  0. +0.j , -0. +0.j ,  0. +0.j ,
             0. +0.j , -0. +0.j ,  0. +0.j ,  0. +0.j ,  1. +0.j ,  0. -0.j ,
             0. +0.j ,  0. +0.j ,  0. -0.j ,  0. -0.j ,  0. +0.j ,  0. +0.j ,
            -0. +0.j ,  0. +0.j ,  0. +0.j ],
           [ 0. +0.j ,  0. -0.j ,  0. +0.j , -0. +0.j ,  0. -0.j ,  0. +0.j ,
             0. +0.j , -0. +1.j ,  0. -0.j , -0. +0.j , -0. +0.j ,  0. +0.j ,
             0. -0.j , -0. +0.j ,  0. +0.j , -0. +1.j ,  0. +1.j ,  0. +0.j ,
             0. +0.j , -1. +0.j ,  0. +0.j ,  0. +0.j , -0. +0.j ,  0. +0.j ,
             0. +0.j ,  0. +0.j ,  0. -1.j ,  0. +0.j ,  0. +0.j , -0. +0.j ,
             0. -0.j ,  0. +0.j ,  0. +0.j ,  0. -0.j ,  0. +0.j ,  0. +0.j ,
             0. -0.j ,  0. -0.j ,  0. +0.j , -0. +0.j ,  0. -0.j ,  0. +0.j ,
            -0. +0.j ,  0. +0.j ,  0. +0.j ,  0. +0.j ,  0. +0.j , -1. +0.j ,
             0. +0.j , -0. +0.j ,  0. +0.j ,  0. -0.j ,  0. -0.j ,  0. +0.j ,
             0. +0.j ,  0. -0.j ,  0. +0.j , -0. +0.j , -1. +0.j ,  0. -0.j ,
             0. +0.j ,  0. +0.j ,  0. +0.j ],
           [ 0. +0.j ,  0. +0.j ,  0. +0.j , -0. +0.j , -0. +0.j , -0. +0.j ,
             0. +0.j ,  0. -0.j ,  0. -0.j ,  0. -0.j ,  0. +0.j ,  0. -0.j ,
            -0. +0.j ,  0. -0.j ,  0. +0.j , -0. +0.j ,  0. -0.j ,  0. -0.j ,
            -0. +0.j ,  0. +0.j ,  0. +0.j , -0. +0.j ,  0. -0.j ,  0. +0.j ,
            -0. +0.j ,  0. +0.j , -1. -0.j ,  0. +0.j ,  0. -0.j ,  0. +0.j ,
             0. +0.j , -0. +0.j ,  0. +0.j ,  0. -0.j ,  0. +0.j ,  0. -0.j ,
             0. +0.j ,  0. +0.j , -0. +0.j ,  0. +1.j ,  0. +0.j ,  0. -0.j ,
             0. -0.j ,  0. -0.j ,  0. +0.j ,  0. +0.j ,  0. +0.j ,  0. -0.j ,
            -0. +0.j , -0. +0.j ,  0. +0.j ,  0. +0.j , -0. +0.j , -0. +0.j ,
            -0. +0.j ,  0. -0.j , -0. +0.j ,  0. +0.j ,  0. +0.j ,  0. +0.j ,
             0. +0.j , -0. +0.j ,  1. +0.j ],
           [ 0. +0.j ,  0. +0.j , -0.5+0.j ,  0. -0.j ,  0. -0.5j,  0. +0.j ,
             0. +0.j ,  0. +0.j ,  0.5+0.j ,  0. +1.j ,  0. +0.j ,  1. +0.j ,
             1. +0.j ,  0. -0.j ,  0. +0.j , -0. +0.j ,  0. +0.j ,  1. +0.j ,
             0. +0.j ,  0. -0.j ,  0. -0.j ,  0. +0.j , -0. +0.j ,  0. +0.j ,
            -0. +0.j , -0. +0.j , -0.5+0.j ,  0. +0.j ,  1. +0.j ,  0. +0.j ,
             0. +0.j , -0. +0.j ,  0. +0.j ,  0. +0.j ,  0. +0.j ,  0. -0.j ,
             0. +0.j ,  0. +0.j , -0. +0.j ,  0. +0.j ,  0. +0.j , -0.5-0.j ,
             0. +0.j , -0. +0.j , -0. +0.j , -0. +0.j ,  0. -0.j ,  0. +0.j ,
            -0. +0.j ,  0. +0.j ,  0. -1.j , -0. +0.5j,  0. +0.j ,  0.5+0.j ,
            -0. +0.j ,  0. +0.j , -0. +0.j ,  0. +0.j ,  0. +0.j , -0. +0.j ,
             0. +0.j ,  0. -0.j ,  0. +0.j ],
           [ 0. -0.j ,  0. +0.5j,  0. +0.j ,  1. +0.j , -0. +0.j ,  0. +0.j ,
             0. +0.j ,  0. +0.j ,  0. +0.j ,  0. +0.j ,  0. -0.j ,  0. +0.j ,
             0. +0.j ,  0. +0.j , -0. +0.j , -0. +0.j , -0.5+0.j ,  0. +0.j ,
             1. +0.j , -0. +0.j ,  0. +0.j ,  0. +0.j ,  0.5+0.j ,  0. +0.j ,
            -0. +0.j , -0. +0.j ,  0. +0.j ,  0. +0.j ,  0. -0.j ,  0. -0.j ,
             0. -1.j ,  0.5+0.j ,  0. -0.j ,  0. -0.j , -1. -0.j ,  0. -0.j ,
             0. -1.j ,  0. +0.j ,  0. -0.j , -0. +0.5j, -0. +1.j ,  0. +0.j ,
             0. +0.j , -0. +0.j ,  0. +0.j ,  0. +0.j ,  0. +0.j ,  0. -0.5j,
            -0. +0.j , -0. +0.j , -0. +0.j ,  0. +0.j ,  0. -0.j ,  0. +0.j ,
            -0. +0.j ,  0. +0.j , -0. +0.j ,  0. +0.j ,  0. -0.5j,  0. +0.j ,
             0. +0.j , -0. +0.j ,  0. +0.j ],
           [-0. +0.j , -0. +0.j ,  0. -0.j ,  0. +0.j ,  0. +0.j , -0. +0.j ,
             0. +0.j ,  0. -0.j ,  0. +0.j , -0. +0.j ,  0. +1.j ,  0. -0.5j,
             0. +0.j ,  0. +0.j ,  0. +0.j ,  0. +0.j ,  0. +0.j ,  0. -0.5j,
            -0. +0.j , -0. +0.j ,  0. +0.j ,  0. +0.j ,  0. +0.j ,  0. +0.j ,
             0. -0.j ,  0. +0.j ,  0. +0.5j,  0. -0.j ,  0. +0.j ,  0. +0.j ,
            -0.5-0.j , -0. +0.j ,  0. -0.5j, -0. +0.j ,  0. +0.j ,  0. +0.j ,
             0. +0.j ,  0. +0.j , -0. +0.j , -0. +0.j , -0. +0.j ,  0. +0.j ,
             0. +0.j , -0. +0.j , -0.5-0.j ,  0. -0.j ,  0.5+0.j ,  0. -0.j ,
             0. -0.j , -0. +0.j ,  0. +0.j ,  0. +0.j ,  0. -0.j ,  0. -0.j ,
             0. -0.j ,  0. +0.j ,  0. -0.j , -0. +0.j ,  0. +0.j ,  0. +0.j ,
             0. -0.j ,  0. +0.j ,  0. +0.j ],
           [ 0. +0.j ,  0. +0.j ,  0. +0.j ,  0. +0.j ,  0. -0.5j,  0. +0.j ,
            -0. +0.j ,  0. +0.j ,  0. +0.j ,  0. +0.j ,  0. +0.j , -0. +0.j ,
            -0. +0.j ,  0. -0.j ,  0. +0.j ,  0. -0.j ,  0. +0.j ,  0. -0.j ,
             0. +0.j , -0. +0.j ,  1. +0.j ,  0. -1.j , -0. +0.j , -0. +0.j ,
            -0. +0.j , -0. +0.j ,  0. +0.j , -0. +0.j ,  0. -0.j , -0. +0.j ,
             0. +1.j ,  0. +0.j ,  0. +0.j ,  0. +0.j ,  0. -0.j , -0. +0.j ,
            -0. +1.j ,  0. +0.5j, -0. +0.j ,  0. -0.5j,  0. -0.j , -0.5+0.j ,
            -0. +0.j , -1. -0.j ,  0. +0.j , -0. +0.j , -0. +0.j , -0. +0.j ,
             0. -1.j , -0. +0.j , -0. +0.j ,  0. -0.j ,  0. +0.j ,  0.5+0.j ,
             0. +0.j , -0.5-0.j , -0. +0.j ,  0. +0.j , -0. +0.j ,  0. -0.j ,
             0. -0.j , -0. +0.5j,  0. +0.j ],
           [ 0. +0.j , -0. +0.j ,  0. +0.j ,  0. +0.j , -0. +0.j ,  0. -0.j ,
             0. -0.j , -0. +0.j ,  0. +0.j ,  0. +0.j ,  0. -0.j ,  0. +0.j ,
             0. +0.j , -0. +0.j ,  0. +0.j ,  0. +0.j , -0. +0.j ,  0. -0.5j,
             0. -0.j ,  0. -0.j ,  0. -0.j ,  0. -0.j ,  0. +0.j ,  0. +0.j ,
             0. +0.j , -0. +0.j ,  0. +0.j ,  0. +0.j ,  0. +0.j , -0. +0.j ,
            -0.5+0.j , -0. +0.j ,  0. -0.j ,  0. +0.j ,  0. -0.j ,  0.5+0.j ,
            -0.5+0.j ,  0. +0.j , -0. +0.j ,  0.5+0.j ,  0. -0.j ,  0. +0.j ,
             1. +0.j ,  0. +0.j ,  0.5+0.j , -0. +0.j , -0. +0.j , -0. +0.j ,
             0. +0.j ,  0. +0.j ,  0. +0.j , -0. +0.j ,  0. +0.5j,  0. +0.j ,
             0. +0.j ,  0. +0.j ,  0. +0.j , -0. +0.j ,  0. +0.j , -0. +0.j ,
             0. -0.j ,  0. +0.j ,  0. +0.j ],
           [-0. +0.j ,  0. +0.j ,  0. +0.j ,  0. +0.j ,  0. +0.j ,  0. -0.j ,
             0. +1.j ,  0.5+0.j ,  0. -0.j ,  0. -0.j ,  0. +0.j ,  1. +0.j ,
            -0. +0.j , -0. +0.j ,  0. +0.j ,  0.5+0.j ,  0.5+0.j ,  1. +0.j ,
             0. +0.j , -0. +0.5j, -0. +0.j , -0. +0.j ,  0. +0.j , -0. +0.j ,
             0. +0.j , -0. +0.j , -0.5-0.j ,  1. +0.j ,  0. -0.j ,  0. +0.j ,
             0. -0.j ,  0. -0.j ,  0. +0.j ,  0. +0.j , -0. +0.j ,  0. +0.j ,
             0. -0.j ,  0. +0.j ,  0. -0.j ,  0. +0.j ,  0. +0.j ,  0. -0.j ,
            -0. +0.j , -0. +0.j , -0. +0.j ,  0. -0.j ,  0. +0.j ,  0. +0.5j,
             0. -0.j ,  0. +0.j ,  0. +0.j , -0. +0.j ,  0. +0.j ,  0. +0.j ,
             0. +0.j , -0. +0.j ,  0. +0.j , -0. +0.j , -0. +0.5j,  0. -1.j ,
            -0. +1.j , -0. +0.j ,  0. +0.j ],
           [-1. +0.j ,  0. -0.j , -0. +0.j ,  0. +0.5j, -0. +0.j ,  0. +0.5j,
             0. -0.j ,  0. +0.j ,  0. +0.j ,  0.5+0.j ,  0. -0.j ,  0. -1.j ,
             0. +0.j , -0.5+0.j ,  0. +0.5j,  0. +0.j , -0. +0.j ,  0. -1.j ,
            -0. +0.5j,  0. +0.j ,  0. -0.5j, -0.5-0.j ,  0. +0.j , -0.5-0.j ,
             0.5+0.j , -0.5-0.j ,  0. -0.j ,  0. -0.5j,  0. -0.5j,  0.5+0.j ,
             1. +0.j ,  0. +0.j ,  0. +1.j , -1. +0.j ,  0. -0.5j,  0. +0.j ,
             1. +0.j , -0. +0.j ,  0. -0.5j,  0. +0.j ,  0. +0.j , -0. +0.j ,
             0. +0.j ,  0. +0.j ,  0. +0.j , -0.5-0.j ,  0. -0.j ,  0. -0.j ,
            -0.5-0.j ,  0.5+0.j , -0.5+0.j ,  0. +0.j ,  0. +1.j ,  0. +0.j ,
            -0.5-0.j ,  0. +0.j , -1. -0.j ,  0. -0.5j,  0. -0.j , -0.5+0.j ,
             0.5+0.j ,  0. +0.j ,  0. +0.j ],
           [ 0. +0.j ,  0. +0.j ,  0.5+0.j , -0. +0.j ,  0. +0.5j,  0. +0.j ,
             0. +0.j , -0. +0.j , -0.5+0.j , -0. +0.j ,  0. -0.j ,  0. +0.j ,
            -1. -0.j ,  0. +0.j , -0. +0.j ,  0. +0.j ,  0. -0.j ,  0. +0.j ,
             0. -0.j , -0. +0.j , -0. +0.j , -0. +0.j ,  0. +0.j ,  0. +0.j ,
             0. +0.j , -0. +0.j ,  0.5+0.j ,  0. +0.j ,  0. +0.j ,  0. +0.j ,
             0. +0.j ,  0. +0.j ,  0. +0.j ,  0. -0.j ,  0. +0.j ,  0. +0.j ,
             0. +0.j ,  0. +0.j ,  0. -0.j ,  0. +0.j ,  0. +0.j , -0.5+0.j ,
             0. +0.j ,  0. -0.j ,  0. +0.j ,  0. +0.j , -0. +0.j , -0. +0.j ,
             0. +0.j ,  0. -0.j ,  0. +0.j ,  0. +0.5j,  0. +0.j , -0.5+0.j ,
             0. -0.j ,  0. +0.j ,  0. +0.j , -0. +0.j ,  0. +0.j , -0. +0.j ,
             0. -0.j ,  0. +0.j ,  0. +0.j ],
           [ 0. +0.j ,  0. +0.5j,  0. -0.j ,  0. +0.j ,  0. -0.j ,  0. +0.j ,
             0. +0.j ,  0. +0.j , -0. +0.j , -0. +0.j ,  0. -0.j ,  0. -0.j ,
             0. +0.j , -0. +0.j , -1. -0.j , -0. +0.j , -0.5-0.j , -0. +0.j ,
             0. -0.j ,  0. +0.j ,  0. +0.j ,  0. +0.j ,  0.5+0.j ,  0. -1.j ,
             0. +0.j ,  0. +0.j ,  0. -0.j ,  0. -0.j , -0. +0.j ,  0. -0.j ,
             0. -0.j ,  0.5+0.j ,  0. +0.j , -0. +0.j ,  0. +0.j , -0. +0.j ,
             0. +0.j , -0. +0.j , -0. +0.j ,  0. +0.5j,  0. +1.j ,  1. +0.j ,
             0. -0.j , -0. +0.j ,  0. +0.j , -0. +0.j ,  0. +0.j ,  0. -0.5j,
            -0. +0.j ,  0. -0.j ,  0. +0.j , -0. +0.j ,  0. +0.j ,  0. +0.j ,
             0. -1.j , -0. +0.j ,  0. +0.j , -0. +0.j ,  0. -0.5j,  0. +0.j ,
             0. +0.j ,  0. -1.j ,  0. +0.j ],
           [-0. +0.j ,  0. +0.j ,  0. -1.j ,  0. +0.j ,  1. +0.j ,  0. +0.j ,
             0. +0.j , -0. +0.j ,  0. -0.j ,  0. +0.j ,  0. -1.j , -0. +0.5j,
             0. -0.j ,  0. +0.j , -0. +0.j ,  0. +0.j , -0. +0.j , -0. +0.5j,
             0. -0.j ,  0. +0.j ,  0. -0.j ,  1. +0.j ,  0. -0.j , -0. +0.j ,
             0. +0.j , -0. +0.j ,  0. -0.5j,  0. +0.j , -0. +1.j ,  0. +0.j ,
            -0.5+0.j , -0. +0.j ,  0. -0.5j,  0. +0.j ,  0. +0.j ,  0. +0.j ,
             0. +0.j ,  0. -0.j ,  0. +1.j ,  0. -0.j ,  0. -0.j ,  0. +0.j ,
            -0. +0.j ,  0. +0.j ,  0.5+0.j ,  0. +0.j , -0.5-0.j ,  0. +0.j ,
             0. -0.j ,  0. -0.j ,  0. -0.j ,  0. +0.j ,  0. +0.j ,  0. -0.j ,
            -0. +0.j , -0. +0.j , -0. +0.j , -0. +0.j ,  0. -0.j , -0. +0.j ,
            -0. +0.j ,  0. +0.j ,  0. +0.j ],
           [ 0. +0.j ,  0. +0.j ,  0. +0.j ,  0. +0.j ,  0. -0.5j,  0. -0.j ,
             0. -0.j ,  0. -0.j ,  0. +0.j ,  0. +0.j ,  0. +0.j ,  0. -0.j ,
             0. +0.j ,  0. -0.j ,  0. +0.j , -0. +0.j ,  0. -0.j , -0. +0.j ,
             0. +0.j ,  0. +0.j ,  0. +0.j ,  0. -0.j ,  0. +0.j , -0. +0.j ,
             0. +0.j ,  0. +0.j ,  0. +0.j ,  0. +0.j , -0. +0.j ,  0. -0.j ,
            -0. +0.j ,  0. +0.j ,  0. +0.j ,  0. -0.j ,  0. +0.j ,  0. +0.j ,
             0. +0.j ,  0. -0.5j,  0. -0.j , -0. +0.5j,  0. +0.j ,  0.5+0.j ,
            -0. +0.j ,  1. +0.j ,  0. +0.j ,  0. +0.j ,  0. -0.j ,  0. +0.j ,
             0. -0.j ,  0. -0.j ,  0. +0.j ,  0. +0.j ,  0. +0.j , -0.5-0.j ,
            -0. +0.j , -0.5-0.j ,  0. +0.j ,  0. +0.j , -0. +0.j ,  0. -0.j ,
             0. +0.j ,  0. -0.5j,  0. +0.j ],
           [ 0. +0.j ,  0. +0.j ,  0. +0.j , -0. +0.j ,  0. +0.j ,  0. +0.j ,
             0. +0.j ,  0. +0.j , -0. +0.j ,  1. +0.j , -0. +0.j , -0. +0.j ,
             0. +0.j ,  0. +0.j , -0. +0.j , -0. +0.j ,  0. +0.j ,  0. -0.5j,
            -0. +0.j ,  0. +0.j ,  0. -1.j ,  0. +0.j ,  0. +0.j ,  0. -0.j ,
             0. +0.j , -1. +0.j ,  0. +0.j ,  0. -0.j , -0. +0.j , -0. +0.j ,
             0.5+0.j ,  0. -0.j ,  0. +0.j ,  0. -0.j ,  0. +0.j , -0.5-0.j ,
             0.5+0.j ,  0. -0.j ,  0. +0.j , -0.5-0.j ,  0. +0.j , -0. +1.j ,
            -1. -0.j ,  0. +0.j , -0.5+0.j ,  0. -0.j ,  0. +0.j ,  0. +0.j ,
             0. +0.j ,  0. -0.j ,  0. +0.j , -0. +0.j ,  0. +0.5j, -0. +0.j ,
             0. +0.j ,  0. +0.j ,  0. +0.j ,  0. +0.j ,  0. +0.j ,  0. +0.j ,
             0. +0.j ,  1. +0.j ,  0. +0.j ],
           [ 0. +0.j , -0. +0.j , -1. +0.j ,  0. +0.j ,  0. -1.j ,  1. +0.j ,
            -0. +1.j ,  0.5+0.j ,  0. -0.j ,  0. +0.j , -0. +0.j ,  0. -0.j ,
            -0. +0.j ,  0. -0.j ,  0. -0.j ,  0.5+0.j ,  0.5+0.j ,  0. +0.j ,
            -0. +0.j , -0. +0.5j,  0. +0.j , -0. +0.j ,  0. +0.j ,  0. -0.j ,
             0. +0.j ,  0. -0.j , -0.5-0.j ,  0. -0.j , -0. +0.j , -0. +0.j ,
             0. +0.j ,  0. -0.j ,  0. -0.j ,  0. +0.j ,  0. +0.j , -0. +0.j ,
             0. +0.j ,  0. +0.j ,  0. +0.j ,  0. +0.j , -0. +0.j ,  0. +0.j ,
            -0. +0.j ,  0. +0.j ,  0. +0.j ,  0. +1.j ,  0. -0.j , -0. +0.5j,
             0. +0.j ,  0. -1.j ,  0. +0.j ,  0. -0.j ,  0. -0.j ,  0. -0.j ,
             0. -0.j ,  0. +0.j ,  0. +0.j ,  0. +0.j ,  0. +0.5j,  0. +0.j ,
             0. +0.j ,  0. -0.j ,  0. +0.j ],
           [ 1. +0.j , -0. +0.j ,  0. +1.j ,  0. -0.5j, -1. -0.j ,  0. -0.5j,
            -0. +0.j ,  0. +0.j ,  0. +0.j ,  0.5+0.j ,  0. +0.j ,  0. -0.j ,
            -0. +0.j ,  0.5+0.j ,  0. -0.5j,  0. +0.j ,  0. +0.j ,  0. -0.j ,
             0. -0.5j,  0. +0.j ,  0. -0.5j, -0.5-0.j , -0. +0.j ,  0.5+0.j ,
            -0.5-0.j , -0.5-0.j ,  0. +0.j , -0. +0.5j,  0. -0.5j, -0.5+0.j ,
             0. -0.j , -0. +0.j ,  0. +0.j ,  1. +0.j , -0. +0.5j,  0. +0.j ,
             0. +0.j ,  0. -0.j ,  0. -0.5j,  0. +0.j ,  0. +0.j , -0. +1.j ,
             0. +0.j ,  0. -0.j ,  0. +0.j ,  0.5+0.j ,  0. +0.j , -0. +0.j ,
            -0.5+0.j , -0.5-0.j , -0.5-0.j ,  1. +0.j , -0. +0.j , -0. +0.j ,
             0.5+0.j ,  0. +1.j , -1. -0.j ,  0. +0.5j, -0. +0.j ,  0.5+0.j ,
            -0.5+0.j ,  1. +0.j ,  0. +0.j ]]), np.array([[ 0. +0.j ,  0. -0.j , -0. +0.j ,  0. +0.j ,  0. -0.j ,  0. +0.j ,
             0. +0.j , -0. +0.j ,  0. -0.j ,  1. +0.j ,  0. -0.j ,  0. +0.j ,
             1. +0.j ,  0. -0.j , -0. +0.j ,  0. +0.j , -0. +0.j ,  0. +0.j ,
             0. +0.j ,  0. +0.j ,  0. -0.j ,  0. +0.j ,  0. +0.j , -0. +1.j ,
             0. -0.j ,  0. -1.j ,  0. +0.j ,  0. +0.j ,  0. +0.j ,  0. +0.j ,
             0. +0.j ,  0. +0.j ,  0. -0.j , -0. +0.j ,  0. -0.j , -0. +0.j ,
             0. -0.j , -1. +0.j , -0. +0.j ,  0. +0.j ,  0. +0.j , -1. +0.j ,
             0. +0.j ,  0. +0.j , -0. +0.j ,  0. +0.j , -0. +0.j ,  0. -0.j ,
            -0. +0.j ,  0. +0.j ,  0. -0.j ,  0. -0.j , -0. +0.j , -1. +0.j ,
             0. -1.j ,  0. +0.j ,  0. +0.j ,  0. +0.j ,  0. +0.j ,  0. +0.j ,
             0. +0.j ,  1. +0.j ,  0. +0.j ],
           [-0.5+0.j ,  0. +0.j , -0. +0.j ,  0. +0.j ,  0. -0.j , -0. +0.j ,
            -0. +0.j , -0. +0.j , -0. +1.j ,  0. +0.j , -0. +0.j , -0. +0.j ,
            -0. +1.j , -0. +0.j ,  0. +0.j ,  0. +0.j ,  0. +0.j ,  0. +0.j ,
             0. +0.j ,  0. -0.j , -0. +0.j , -0. +0.j , -0. +0.j ,  0. +0.j ,
             0. -0.j ,  0. -0.j , -0. +0.j ,  0. +0.j ,  0. +0.j ,  0. -0.j ,
             0. -0.j , -0. +0.j ,  0. -0.j , -0. +0.j ,  0. +0.j ,  0. +0.j ,
            -0. +0.j ,  0. +0.j ,  0. +0.j ,  0. -0.j ,  0. +0.j ,  0. +0.j ,
             0. +0.j ,  0. -0.j ,  0. +0.j ,  0. +0.j ,  0. +0.j , -0. +0.j ,
             0. -0.j ,  0. +0.j ,  0. +1.j ,  0. -1.j ,  0. +0.j , -0. +0.j ,
             0. -0.j ,  0. +0.j , -0. +1.j , -1. -0.j ,  0. -0.j ,  0. +0.j ,
             0. +0.j ,  0. -0.j ,  0. +0.j ],
           [-0. +0.j , -0. +0.j , -0. +1.j ,  0. +0.j ,  0. +0.j ,  0. -1.j ,
             0. +0.j , -0. +0.j , -1. +0.j ,  0. +0.j ,  0. +0.j ,  0. +0.j ,
            -1. +0.j ,  0. -0.j , -0. +0.j ,  0. -0.j , -0. +0.j ,  0. +0.j ,
             0. +0.j , -0. +0.j ,  0. -0.j , -0. +0.j ,  0. +0.j ,  0. +0.j ,
            -0. +0.j ,  0. -0.j ,  0. +0.j , -0. +0.j ,  1. +0.j , -0. +0.j ,
             0. +0.j ,  0. -0.j , -0. +0.j ,  0. +0.j ,  0. -0.j ,  0. +0.j ,
             0. -0.j , -0. +0.j , -1. +0.j ,  0. +0.j ,  0. +0.j ,  0. -0.j ,
             0. +0.j ,  0. +0.j , -0. +0.j ,  0. -1.j ,  0. -0.j , -0. +0.j ,
            -0. +0.j ,  0. +0.j ,  0. -0.j ,  0. -0.j ,  0. +0.j ,  0. -0.j ,
             0. -0.j ,  0. +0.j ,  0. +0.j ,  0. +0.j , -0. +0.j ,  0. +0.j ,
             0. +0.j ,  0. +0.j ,  0. +0.j ],
           [ 0. +0.j , -1. +0.j , -0. +0.j , -1. +0.j ,  0. -0.j ,  0. -0.j ,
             0. -0.j ,  0. +0.j ,  0. -0.j ,  0. -0.j ,  0. +0.j ,  0. +0.j ,
            -0. +0.j , -1. -0.j , -0. +1.j , -0. +0.j ,  0. +0.j ,  0. +0.j ,
             0. -0.j ,  0. -0.j ,  0. +0.j ,  0. +0.j ,  0. +0.j ,  0. +0.j ,
             0. +0.j ,  0. -0.j , -0. +0.j ,  0. +0.j , -0. +0.j , -1. +0.j ,
             0. -0.j ,  0. +1.j ,  0. +0.j ,  0. +0.j ,  0. +0.j ,  0. +0.j ,
            -0. +0.j , -0. +0.j ,  0. +0.j , -0. +0.j ,  0. +1.j ,  0. +0.j ,
             0. +0.j ,  0. +0.j ,  0. -0.j ,  0. -0.j ,  0. -0.j ,  0. +0.j ,
             0. +0.j ,  0. +0.j ,  0. -0.j ,  0. -0.j ,  0. +0.j ,  0. +0.j ,
             0. +0.j , -0. +0.j ,  0. +0.j ,  0. +0.j , -0. +0.j ,  0. -0.j ,
            -0. +0.j ,  0. +0.j ,  0. +0.j ],
           [ 0.5+0.j ,  0. -0.j ,  0. +0.j ,  0. +0.j ,  0. +0.j ,  0. -0.j ,
             0. +0.j ,  0. +0.j , -0. +0.j ,  0. +0.j ,  0. -0.j , -0. +0.j ,
            -0. +0.j ,  0. +0.j ,  0. +0.j ,  0. +0.j ,  0. -0.j ,  0. +0.j ,
            -1. +0.j , -0. +0.j , -0. +0.j ,  0. -0.j ,  1. +0.j ,  0. +0.j ,
             0. -0.j ,  0. +0.j ,  0. +0.j ,  0. +0.j ,  0. -0.j ,  0. +0.j ,
            -0. +0.j ,  1. +0.j ,  0. -0.j , -1. +0.j ,  0. -0.j , -0. +0.j ,
             0. -0.j ,  0. +0.j , -0. +0.j ,  0. +0.j ,  1. +0.j ,  0. +0.j ,
             0. -0.j ,  0. -0.j , -0. +0.j ,  0. +0.j ,  0. -0.j ,  0. -0.j ,
             0. +0.j ,  0. -0.j ,  0. +0.j , -0. +0.j ,  0. -0.j ,  0. -0.j ,
            -1. +0.j , -0. +0.j , -0. +0.j ,  0. -0.j , -0. +0.j ,  0. +0.j ,
             0. +0.j ,  0. +0.j ,  0. +0.j ],
           [ 0. -0.j , -0. +0.j ,  0. -0.j ,  0. -0.j ,  0. +0.j ,  0. -0.j ,
             0. +0.j , -0. +0.j , -0. +0.j ,  0. -0.j ,  0. -0.j ,  0. +0.j ,
             0. -0.j ,  0. -0.j , -0. +0.j , -1. -0.j ,  1. +0.j , -0. +0.j ,
             0. +0.j , -1. +0.j , -0. +0.j ,  0. +0.j ,  0. +0.j , -0. +1.j ,
            -0. +1.j , -0. +0.j ,  0. -0.j ,  0. +0.j , -0. +0.j ,  0. -0.j ,
            -0. +0.j , -0. +0.j ,  0. +0.j , -0. +0.j ,  1. +0.j ,  0. -0.j ,
             0. -0.j ,  0. +0.j ,  0. -0.j ,  0. -0.j ,  0. -1.j ,  0. +0.j ,
             0. +0.j ,  0. +0.j ,  0. +0.j ,  0. +0.j ,  0. +0.j ,  1. +0.j ,
             0. -0.j ,  0. +0.j ,  0. +0.j ,  0. +0.j ,  0. +0.j ,  0. +0.j ,
             0. -0.j ,  0. +0.j ,  0. +0.j ,  0. -1.j , -0. +0.j , -0. +0.j ,
             0. -0.j , -0. +0.j ,  0. +0.j ],
           [ 0. -0.j ,  0. +0.j ,  0. +0.j , -0. +0.j ,  0. +0.j ,  0. +0.j ,
             0. +0.j , -0. +0.j , -0. +0.j , -0. +0.j ,  1. +0.j ,  0. +0.j ,
             0. +0.j ,  0. +0.j ,  0. -0.j ,  0. +0.j , -0. +0.j ,  0. +0.j ,
            -1. -0.j ,  0. -0.j ,  0. -0.j , -0. +1.j , -0. +0.j ,  0. -0.j ,
             0. -0.j ,  0. -0.j ,  0. +0.j ,  0. +0.j ,  0. -0.j , -0. +0.j ,
             0. -1.j , -0. +0.j ,  0. +0.j ,  0. +0.j ,  0. -1.j ,  0. -1.j ,
             1. +0.j , -0. +0.j ,  0. +0.j ,  0. -0.j ,  0. +0.j ,  0. -0.j ,
             0. -0.j ,  0. -0.j ,  1. +0.j ,  0. -0.j ,  0. +0.j , -0. +0.j ,
             0. -1.j ,  0. +0.j ,  0. -0.j ,  0. -0.j ,  0. +0.j ,  0. +0.j ,
             0. -0.j ,  0. -0.j ,  0. -0.j ,  0. +0.j ,  0. +0.j , -0. +0.j ,
            -0. +0.j ,  0. -0.j ,  0. +0.j ],
           [ 0. -0.j ,  0. +0.j ,  0. -0.j ,  0. +0.j ,  0. +0.j , -0. +0.j ,
             0. -0.j , -0. +0.j ,  0. +0.j , -0. +0.j ,  0. +1.j ,  0. -0.j ,
             0. +0.j , -0. +0.j , -0. +0.j , -0. +0.j ,  0. +0.j ,  0. +0.j ,
             0. +0.j ,  0. -0.j ,  0. +0.j ,  0. +0.j , -0. +0.j ,  0. +0.j ,
             0. -1.j , -0. +0.j ,  0. +0.j ,  0. +0.j ,  0. +0.j ,  0. +0.j ,
             0. -0.j , -0. +0.j ,  1. +0.j ,  0. -1.j , -0. +0.j ,  0. -0.j ,
             0. -0.j ,  0. +0.j , -1. +0.j ,  0. +0.j ,  0. +0.j ,  0. +0.j ,
            -0. +0.j , -0. +0.j ,  0. +0.j , -0. +0.j ,  0. -1.j ,  0. +0.j ,
             0. -0.j ,  0. +0.j ,  0. +0.j ,  0. +0.j ,  0. -0.j ,  0. +0.j ,
             0. +0.j ,  0. +0.j ,  1. +0.j ,  0. -0.j , -0. +0.j ,  0. +0.j ,
             0. +0.j ,  0. +0.j ,  0. +0.j ],
           [ 0. -0.j ,  0. -0.j , -0. +0.j ,  0. +0.j ,  0. +0.j ,  0. +0.j ,
             0. +0.j ,  0. +0.j ,  0. -0.j ,  0. -0.j , -1. +0.j , -1. -0.j ,
             0. +0.j ,  0. -0.j ,  0. -0.j , -0. +0.j ,  0. +0.j ,  0. +0.j ,
            -0. +0.j ,  0. +0.j , -0. +0.j ,  0. +0.j ,  0. -0.j , -0. +0.j ,
             0. +0.j , -0. +0.j ,  0. +0.j ,  0. -1.j ,  0. -1.j ,  0. +0.j ,
             0. +0.j ,  0. +0.j ,  0. +0.j ,  0. -0.j ,  0. +0.j ,  0. +0.j ,
             0. +0.j ,  0. +0.j ,  0. +0.j ,  0. +0.j ,  0. +0.j ,  0. -0.j ,
            -0. +0.j , -0. +0.j ,  0. +0.j ,  0. +0.j ,  1. +0.j ,  0. +0.j ,
             0. +0.j , -0. +0.j ,  0. -1.j ,  0. -0.j ,  0. +0.j , -0. +0.j ,
             0. -0.j ,  0. -0.j ,  0. -0.j , -0. +0.j ,  0. +0.j , -0. +0.j ,
             0. +1.j , -0. +0.j ,  0. +0.j ],
           [-0. +0.j ,  0. -0.j ,  0. +0.j ,  0. -0.j ,  0. +0.j , -0. +0.j ,
            -0. +0.j , -0. +0.j ,  0. +0.j , -0. +0.j , -0. +0.j ,  0. +0.j ,
            -0. +0.j , -0. +0.j ,  0. -1.j ,  0. -0.j , -0. +0.j ,  0. -0.j ,
             0. +0.j ,  0. +0.j , -0. +1.j ,  0. +0.j ,  0. -0.j ,  0. +0.j ,
             0. -0.j ,  0. -1.j ,  0. +0.j ,  0. +0.j ,  0. -0.j ,  0. -0.j ,
             0. +0.j , -0. +0.j , -0. +0.j , -0. +0.j ,  0. +0.j , -0. +0.j ,
             0. -0.j , -1. -0.j , -0. +0.j ,  0. +0.j ,  0. -0.j ,  0. +0.j ,
             0. +0.j ,  0. +1.j ,  0. +0.j ,  0. +0.j ,  0. +0.j ,  0. +0.j ,
             0. -0.j , -0. +0.j ,  0. -0.j , -0. +0.j , -0. +0.j ,  0. -0.j ,
             0. -1.j ,  0. +0.j ,  0. +0.j ,  0. -0.j ,  0. -0.j , -0. +0.j ,
             0. +0.j ,  1. +0.j ,  0. +0.j ],
           [-0.5-0.j ,  0. -0.j ,  0. +0.j ,  0. +0.j ,  0. +0.j , -0. +0.j ,
            -0. +0.j ,  0. +0.j , -0. +0.j ,  0. +0.j ,  0. +0.j ,  0. +0.j ,
             0. -0.j ,  0. -0.j ,  0. -0.j ,  0. +0.j , -0. +0.j ,  0. +0.j ,
             0. -0.j ,  0. +0.j ,  0. +0.j ,  0. +0.j , -0. +0.j ,  0. -0.j ,
             0. +0.j ,  0. +0.j ,  0. -0.j ,  0. +0.j , -0. +0.j ,  0. +1.j ,
             0. +0.j ,  0. -0.j , -0. +0.j ,  0. +0.j ,  0. +0.j ,  0. -0.j ,
             0. +0.j , -0. +1.j , -0. +0.j ,  0. +0.j , -0. +0.j ,  0. -0.j ,
             0. -0.j ,  1. +0.j ,  0. +0.j ,  0. -0.j ,  0. +0.j ,  0. +0.j ,
             0. +1.j , -0. +0.j ,  0. +0.j ,  0. +0.j ,  0. +0.j , -0. +0.j ,
             0. +0.j , -1. +0.j , -0. +1.j ,  0. +0.j , -0. +0.j ,  0. +0.j ,
             0. +0.j ,  0. +0.j ,  0. +0.j ],
           [ 0. +0.j ,  0. +0.j ,  0. +1.j ,  0. -0.j , -0. +1.j ,  0. +0.j ,
             0. -0.j , -0. +0.j , -1. +0.j , -0. +0.j ,  0. -0.j ,  0. +0.j ,
             0. +0.j , -0. +0.j ,  0. -0.j ,  0. -0.j ,  0. -0.j ,  0. +0.j ,
             0. +0.j ,  0. -0.j ,  0. +0.j ,  1. +0.j ,  0. +0.j ,  0. +0.j ,
            -0. +0.j ,  0. -0.j ,  0. +0.j , -0. +0.j ,  0. -0.j , -0. +0.j ,
             0. +0.j ,  0. +0.j ,  0. +0.j ,  0. +0.j ,  0. +0.j ,  0. +0.j ,
            -0. +0.j , -0. +0.j , -1. +0.j ,  0. +0.j ,  0. +0.j ,  0. +0.j ,
            -0. +0.j ,  0. -1.j ,  0. +0.j ,  0. -1.j ,  0. -0.j , -0. +0.j ,
             0. +0.j , -1. -0.j ,  0. +0.j ,  0. -0.j ,  0. +0.j , -1. -0.j ,
             0. +0.j ,  0. +0.j ,  0. +0.j , -0. +0.j , -0. +0.j ,  0. -0.j ,
             0. +0.j ,  0. +0.j ,  0. +0.j ],
           [ 0. +0.j ,  0. +0.j , -0. +0.j , -0. +1.j ,  0. -0.j ,  0. +0.j ,
             0. +0.j ,  0. -0.j , -0. +0.j ,  0. +0.j ,  0. +0.j ,  0. +0.j ,
            -0. +0.j ,  0. +0.j , -0. +0.j , -0. +0.j ,  0. +0.j ,  0. +0.j ,
             1. +0.j ,  0. +0.j , -1. +0.j ,  0. +0.j ,  0. +0.j ,  0. -0.j ,
             0. -0.j , -0. +0.j , -0. +0.j , -0. +0.j ,  0. -0.j ,  0. -0.j ,
             0. -0.j ,  0. -0.j ,  0. +0.j ,  0. +0.j ,  0. +0.j , -0. +1.j ,
            -1. +0.j ,  0. +0.j ,  0. +0.j , -0. +0.j ,  0. +0.j ,  0. +0.j ,
             0. -1.j , -0. +0.j ,  0. -0.j ,  0. +0.j ,  0. -0.j , -0. +0.j ,
             0. +1.j , -0. +0.j , -0. +0.j , -0. +0.j , -0. +0.j ,  0. -0.j ,
             0. -0.j ,  0. +0.j , -0. +0.j ,  0. -0.j ,  0. +0.j ,  0. +0.j ,
            -0. +0.j ,  0. -0.j ,  0. +0.j ],
           [-0. +0.j ,  0. +0.j ,  0. -0.j ,  0. +0.j ,  0. -0.j ,  0. +0.j ,
             0. -0.j ,  0. +0.j ,  0. -0.j ,  0. -0.j , -0. +0.j , -0. +0.j ,
            -0. +0.j , -1. -0.j ,  0. +0.j ,  0. -0.j , -0. +0.j ,  0. +0.j ,
             0. +0.j ,  0. +0.j ,  0. -0.j ,  0. +0.j ,  0. +0.j ,  0. +0.j ,
             0. +0.j ,  0. +1.j ,  0. -0.j ,  0. +0.j , -0. +0.j ,  0. +0.j ,
             0. -0.j ,  0. +0.j ,  0. +0.j , -0. +1.j ,  0. +0.j ,  1. +0.j ,
             0. -0.j , -0. +0.j ,  0. -0.j , -0. +0.j ,  0. -0.j ,  0. -0.j ,
            -1. -0.j ,  0. -0.j , -0. +0.j ,  0. -0.j ,  0. +0.j ,  0. -0.j ,
             0. -0.j ,  0. +0.j ,  0. +0.j ,  0. +0.j , -1. +0.j ,  0. -0.j ,
             0. -0.j , -0. +0.j , -1. +0.j ,  0. +0.j , -0. +0.j ,  0. +0.j ,
            -0. +0.j ,  0. +0.j ,  0. +0.j ],
           [ 0. +0.j , -0. +0.j , -0. +0.j ,  0. +0.j , -0. +0.j , -0. +0.j ,
             0. +0.j ,  0. -0.j ,  0. -0.j ,  0. -1.j , -0. +0.j ,  1. +0.j ,
             0. +0.j , -0. +0.j , -0. +0.j ,  0. +0.j ,  0. +0.j ,  0. +1.j ,
             0. +0.j ,  0. -0.j , -0. +0.j , -0. +0.j , -0. +0.j ,  0. -0.j ,
             0. +0.j ,  0. +0.j ,  0. +0.j , -0. +1.j ,  0. +0.j ,  0. +0.j ,
             0. +0.j ,  0. -0.j ,  0. +0.j ,  0. +0.j ,  0. +0.j , -0. +0.j ,
            -0. +0.j ,  0. -0.j ,  0. -0.j , -0. +0.j , -0. +0.j ,  0. +0.j ,
            -0. +1.j ,  0. +0.j , -1. -0.j ,  0. +0.j , -1. +0.j ,  0. +0.j ,
            -0. +0.j ,  0. +0.j ,  0. +1.j ,  0. +0.j , -0. +0.j ,  0. +0.j ,
             0. +0.j ,  0. +0.j ,  0. +0.j ,  0. +0.j ,  0. -0.j , -0. +1.j ,
             0. +0.j ,  0. +0.j ,  0. +0.j ],
           [ 0. -0.j ,  1. +0.j , -0. +0.j , -0. +0.j , -0. +0.j ,  0. -0.j ,
            -1. -0.j ,  0. +0.j ,  0. -0.j , -0. +0.j , -0. +0.j ,  0. -0.j ,
             0. -0.j ,  1. +0.j , -0. +0.j ,  0. +0.j , -1. -0.j ,  0. +0.j ,
             0. +0.j ,  0. +0.j ,  0. +0.j ,  0. +0.j ,  0. +0.j , -0. +0.j ,
             0. -0.j ,  0. +0.j ,  0. +0.j ,  0. +0.j ,  0. -0.j ,  1. +0.j ,
            -0. +0.j ,  0. -1.j , -0. +0.j ,  0. +0.j ,  0. +0.j , -0. +0.j ,
             0. -0.j ,  0. +0.j , -0. +0.j ,  0. +0.j , -0. +0.j ,  0. -0.j ,
            -0. +0.j ,  0. -0.j , -0. +0.j ,  0. +0.j ,  0. +0.j ,  0. +0.j ,
            -0. +0.j ,  1. +0.j ,  0. +0.j ,  0. +0.j , -0. +0.j , -0. +0.j ,
            -0. +0.j ,  0. +0.j , -0. +0.j , -0. +0.j , -1. +0.j , -1. +0.j ,
            -0. +0.j ,  0. -0.j ,  0. +0.j ],
           [-0.5+0.j ,  0. +0.j ,  0. +0.j , -0. +0.j ,  0. +0.j ,  0. +0.j ,
             0. -1.j ,  1. +0.j ,  0. +0.j , -0. +0.j ,  0. +0.j , -0. +0.j ,
             0. +0.j ,  0. -0.j ,  0. +0.j ,  0. -1.j ,  0. +0.j ,  0. -0.j ,
             0. -0.j , -0. +0.j ,  0. -0.j ,  0. -0.j ,  0. +0.j ,  0. +0.j ,
             0. +0.j ,  0. +0.j ,  0. +0.j ,  0. +1.j ,  0. -0.j , -0. +0.j ,
             0. +0.j ,  0. -0.j , -0. +0.j ,  1. +0.j ,  0. +0.j ,  0. +0.j ,
             0. -0.j ,  0. +0.j ,  0. +0.j ,  0. +0.j ,  0. +0.j ,  0. +0.j ,
             0. -0.j , -0. +0.j ,  0. +0.j ,  1. +0.j ,  0. +0.j ,  0. +0.j ,
             0. +0.j ,  0. +0.j ,  0. +0.j ,  0. +0.j ,  0. +0.j , -0. +0.j ,
            -0. +0.j ,  0. -0.j ,  0. +0.j , -0. +0.j , -0. +0.j ,  0. +0.j ,
            -0. +0.j ,  0. +0.j ,  0. +0.j ],
           [ 0. +0.j ,  0. +0.j ,  0. -0.j , -0. +0.j ,  0. +0.j ,  0. -1.j ,
             1. +0.j ,  0. +0.j ,  0. +0.j ,  0. -0.j ,  0. -0.j , -0. +0.j ,
            -0. +0.j ,  0. +0.j , -0. +0.j ,  1. +0.j ,  0. -0.j ,  0. +0.j ,
            -0. +0.j ,  1. +0.j ,  0. +0.j ,  0. +0.j , -0. +0.j , -0. +0.j ,
             0. -1.j ,  0. +0.j ,  0. +0.j ,  0. +0.j , -0. +0.j ,  0. +0.j ,
             0. +0.j ,  0. +0.j ,  0. -0.j ,  0. +0.j ,  0. +0.j ,  0. +0.j ,
             0. -0.j ,  0. +0.j ,  0. +0.j ,  0. +0.j ,  0. -0.j , -0. +0.j ,
             0. +0.j ,  0. +0.j ,  0. +0.j ,  0. +0.j ,  0. -0.j ,  0. +0.j ,
             0. +0.j ,  0. +0.j ,  0. -0.j ,  0. +0.j , -0. +0.j ,  0. -0.j ,
            -0. +0.j ,  0. +0.j , -0. +0.j ,  0. +1.j ,  0. -0.j , -0. +0.j ,
            -1. +0.j ,  0. +0.j ,  0. +0.j ],
           [ 0. +0.j ,  0. -1.j ,  0. +0.j ,  0. -1.j ,  0. -0.j , -0. +0.j ,
             0. +0.j ,  0. -0.j ,  0. +0.j ,  0. +0.j , -0. +0.j , -0. +0.j ,
            -0. +0.j ,  0. -1.j , -1. +0.j ,  0. +0.j ,  0. -0.j ,  0. +0.j ,
            -1. -0.j ,  0. -0.j ,  1. +0.j ,  0. -0.j ,  0. -0.j ,  0. -0.j ,
             0. -0.j , -1. +0.j ,  0. +0.j ,  0. -0.j ,  0. +0.j ,  0. -1.j ,
            -0. +0.j , -1. -0.j ,  0. +0.j ,  0. -0.j , -0. +0.j ,  0. -1.j ,
             1. +0.j ,  0. +1.j ,  0. +0.j , -0. +1.j ,  0. +0.j ,  0. -0.j ,
             0. +0.j ,  0. -0.j ,  0. -0.j ,  0. -0.j ,  0. +0.j ,  0. +0.j ,
             0. -1.j , -0. +0.j ,  0. +0.j , -0. +0.j ,  0. +0.j ,  0. -0.j ,
            -1. -0.j ,  0. -0.j ,  0. +0.j ,  0. +0.j ,  0. +0.j ,  0. +0.j ,
             0. +0.j ,  0. -1.j ,  0. +0.j ],
           [ 0. +0.5j,  0. +0.j ,  0. +0.j ,  0. +0.j ,  0. +0.j ,  0. -0.j ,
             0. +0.j ,  0. +0.j ,  0. +0.j ,  0. -0.j ,  0. +0.j ,  0. +0.j ,
             0. -0.j , -0. +0.j ,  0. +0.j , -0. +0.j ,  0. +0.j ,  0. +0.j ,
            -0. +0.j ,  0. +0.j ,  0. +0.j ,  0. +0.j ,  0. +0.j ,  0. -0.j ,
             0. +0.j ,  0. +0.j ,  0. +0.j , -0. +0.j ,  0. +0.j ,  0. -0.j ,
            -0. +0.j , -0. +0.j , -0. +0.j ,  0. -1.j ,  0. +0.j ,  0. +0.j ,
            -0. +0.j ,  0. -0.j ,  0. +0.j ,  0. +0.j ,  0. +0.j ,  0. -0.j ,
             0. -0.j ,  0. +0.j ,  0. -0.j ,  0. +0.j , -0. +0.j , -0. +0.j ,
             0. -0.j , -0. +0.j , -0. +0.j ,  0. +0.j ,  0. -0.j ,  0. +0.j ,
            -0. +0.j ,  0. +0.j ,  1. +0.j ,  0. -0.j , -0. +0.j ,  0. -0.j ,
             0. -0.j ,  0. +0.j ,  1. +0.j ],
           [ 0. +0.j ,  0. +0.j ,  1. +0.j ,  0. -0.j ,  0. -0.j , -1. -0.j ,
             0. +0.j ,  0. +0.j , -0. +1.j ,  0. -0.j ,  0. +0.j , -1. -0.j ,
             0. -0.j ,  0. +0.j ,  0. -0.j ,  0. -1.j ,  0. +0.j , -0. +0.j ,
            -0. +0.j ,  0. -1.j ,  0. +0.j ,  0. +0.j ,  0. +0.j ,  0. +0.j ,
            -1. -0.j , -0. +0.j ,  0. +1.j ,  0. -1.j ,  0. -1.j ,  0. +0.j ,
            -0. +0.j , -0. +0.j ,  0. +0.j ,  0. -0.j ,  0. -0.j ,  0. +0.j ,
             0. +0.j ,  0. +0.j , -0. +1.j ,  0. +0.j , -0. +0.j ,  0. +0.j ,
             0. +0.j ,  0. +0.j ,  0. -0.j , -1. +0.j ,  1. +0.j ,  0. +0.j ,
             0. +0.j ,  0. -0.j ,  0. -1.j ,  0. -0.j ,  0. +0.j ,  0. -0.j ,
             0. -0.j ,  0. +0.j ,  0. -0.j ,  1. +0.j ,  0. +0.j , -0. +0.j ,
             0. +1.j ,  0. +0.j ,  0. +0.j ]]))

    

def decomposition_348():
    return (np.array([[ 1., -0.,  0., -0.,  0.,  1.,  0., -1.,  0., -1., -0., -0.,  1.,
             1.,  0., -1.,  0., -1., -0., -0.,  0.,  1.,  0.,  1.,  0.,  1.,
            -1., -1., -1.,  0., -0.,  0.,  0.,  0.,  0.,  0., -0., -0., -0.,
             1.,  1., -1.,  1.,  1.,  0., -0., -0.,  0., -0., -0., -0.,  0.,
            -0., -1., -0., -1.,  1., -1.,  0.,  0., -1., -1., -0.,  0., -0.,
             1., -1., -1.,  1., -0.,  0., -0.,  0., -1.],
           [-0., -0., -0.,  1., -0.,  1., -0.,  0., -1.,  0.,  0., -0.,  1.,
             1., -0., -1., -0.,  0., -0.,  0., -0., -0., -0.,  1., -0., -0.,
             0.,  0.,  0., -1., -0.,  0.,  0., -0.,  0.,  0., -0., -0., -0.,
            -0., -0.,  0.,  1., -0., -0.,  0.,  0., -0., -0., -0.,  0., -0.,
             0., -1., -0.,  0., -0., -1.,  0., -0.,  0.,  0., -0.,  0., -0.,
             1.,  0.,  0., -0.,  0., -0., -0., -0., -1.],
           [-0.,  0.,  0., -0., -0.,  1.,  0., -1.,  0.,  0., -0.,  1., -0.,
            -0., -0.,  0.,  0., -1.,  0., -0.,  0., -0., -0.,  1.,  0., -0.,
             0.,  0., -1.,  0.,  0., -1.,  0., -0.,  0.,  0.,  0., -0.,  1.,
             1., -0., -1.,  1.,  1., -0.,  0., -0.,  0., -0.,  0., -0.,  0.,
             0.,  0.,  0., -1.,  1., -1., -0.,  0.,  0.,  0.,  0., -0.,  1.,
            -0.,  0., -1.,  1., -0.,  0.,  1.,  0., -1.],
           [-1.,  0.,  0.,  1., -0.,  0., -0.,  1., -1., -0., -0.,  0.,  0.,
             0.,  0., -0.,  0., -0.,  0.,  0., -0.,  0., -0.,  0.,  1., -1.,
            -0.,  1.,  1.,  0., -0., -0.,  0.,  0.,  0.,  0.,  0.,  0.,  0.,
             0., -1., -0.,  0., -1.,  0.,  0.,  0., -0., -0., -0.,  0.,  0.,
            -0., -0.,  0.,  1.,  0., -0.,  0., -0., -0.,  1., -0., -0.,  0.,
             0., -0., -0., -1., -0.,  0.,  0.,  0., -0.],
           [ 0.,  0.,  0.,  0.,  1.,  0.,  0.,  1.,  0., -0.,  0., -0.,  0.,
             0., -0., -0.,  1., -0., -1., -0.,  0.,  0., -0., -1.,  0.,  0.,
            -0., -0., -0.,  0., -1.,  1., -0.,  0.,  1., -0.,  0.,  0.,  0.,
            -1.,  0.,  1., -1.,  0., -0., -0.,  0.,  1., -1.,  0., -0.,  0.,
            -1., -0., -1.,  1.,  0., -0.,  0.,  0., -0., -0., -1.,  0.,  0.,
             0., -0.,  1., -1., -0., -0., -0., -0.,  1.],
           [-0., -0., -1.,  0., -0.,  0., -1., -0., -0.,  0., -0., -0.,  0.,
             0.,  0., -0., -0., -0., -1.,  1., -1., -0.,  0.,  0., -0., -0.,
             0.,  0., -0., -0., -1., -0.,  1., -0.,  1., -0., -0., -1.,  0.,
             0., -0., -0.,  0., -0.,  0., -0., -0., -0., -1., -1.,  1., -1.,
             0., -0., -1., -0., -0., -0., -0., -1.,  0.,  0., -1.,  0.,  0.,
             0.,  0., -0.,  0.,  1.,  0., -0.,  0.,  1.],
           [-0., -0.,  0., -0., -0.,  0.,  0.,  1.,  0.,  0.,  0.,  0., -0.,
            -0.,  0.,  0.,  1.,  1.,  0., -0.,  0., -0.,  0., -1., -0., -0.,
             0.,  0.,  1.,  0.,  0.,  1., -0., -0.,  1., -0., -0.,  0., -1.,
            -1., -0.,  1., -1.,  0.,  0.,  0.,  0.,  1.,  0.,  0., -0.,  0.,
             0.,  0.,  0.,  1.,  0.,  1.,  0.,  0.,  0.,  0.,  0., -1., -1.,
            -0.,  0.,  1., -1., -0., -0.,  0., -0.,  1.],
           [-0., -0.,  0.,  0., -1.,  0., -1., -1., -0.,  0.,  0.,  0.,  0.,
            -0., -0.,  0.,  0.,  0.,  0.,  1., -1.,  0.,  0., -0.,  0., -0.,
            -0.,  0.,  0.,  0.,  0.,  0.,  1.,  1.,  0., -0., -0.,  0., -0.,
            -0., -0., -1.,  1., -0., -0., -0., -0., -1.,  0., -1., -0.,  0.,
            -0., -0., -0., -1.,  0.,  0., -0., -1., -0.,  0.,  0., -0., -0.,
             0., -0.,  0., -0., -0., -0.,  0., -0.,  0.],
           [ 0.,  0.,  0.,  0.,  0., -0., -0.,  0., -0., -1.,  0., -0.,  1.,
             0., -1., -1.,  0.,  0.,  1.,  0., -0.,  1., -1., -0., -0.,  1.,
            -0., -1.,  0., -0., -0.,  0., -1.,  0., -1., -1.,  0.,  1.,  0.,
            -0., -0.,  0., -0., -0., -1.,  0.,  1.,  0.,  1., -0.,  0., -0.,
            -0.,  0., -0.,  0., -0.,  0.,  0., -0.,  0., -1., -0.,  0., -0.,
             1., -1.,  0., -0.,  0., -1., -0., -0.,  0.],
           [ 0.,  0., -0., -0.,  0., -0.,  1., -0.,  0.,  0., -1.,  0., -0.,
            -0.,  0.,  0., -0., -0.,  1., -1., -0., -0.,  0., -0.,  0., -0.,
            -0.,  0., -0.,  0.,  1., -0., -1., -0., -1., -1.,  0.,  1.,  0.,
             0., -0., -0., -0.,  0.,  0., -1., -0., -0.,  1.,  1., -1.,  1.,
             0.,  0.,  1., -0.,  0.,  0., -1.,  1., -0.,  0., -0.,  0.,  0.,
             1.,  0., -0.,  0., -1.,  0., -0.,  0.,  0.],
           [-1., -1.,  0., -0., -0., -0., -0.,  0., -0.,  0.,  0., -0., -0.,
            -1.,  0.,  0.,  0.,  0., -0.,  0.,  0., -0.,  0., -0., -0., -0.,
             1.,  0.,  0., -0., -0.,  0., -1.,  0., -1., -1., -1.,  1., -0.,
            -0.,  0.,  0., -0., -0.,  0.,  0.,  1.,  0.,  1., -0.,  0., -0.,
             0., -0., -0.,  0., -0.,  0.,  0., -0., -0.,  0.,  0., -0., -0.,
            -0.,  0.,  0., -0.,  0., -1.,  1., -0.,  0.],
           [-0., -0.,  0., -0., -0., -0.,  1., -0.,  0.,  1.,  0., -0.,  0.,
            -0., -0.,  1.,  0.,  0., -0.,  0., -0.,  0.,  1., -0., -0., -1.,
             0.,  1., -0., -0.,  1.,  0.,  0.,  0., -0., -0., -0.,  0., -0.,
            -0.,  0., -0.,  0.,  0., -0., -1., -1., -0.,  0.,  1., -1., -0.,
            -0., -0., -0., -0., -0.,  0., -1.,  1.,  0., -0., -0., -0., -0.,
             0., -0.,  0.,  0.,  0., -0.,  0., -1.,  0.]], dtype=np.float32), np.array([[ 0., -0., -0., -0., -0., -0., -0., -0.,  0., -0., -0.,  0.,  0.,
             0., -0., -0., -0., -1., -0., -0.,  0., -0., -0., -0., -0., -0.,
             0.,  0.,  0.,  0.,  0.,  0.,  0., -0.,  0.,  0.,  0., -0.,  1.,
            -1.,  0.,  0., -0., -0., -0.,  0.,  0.,  0., -0.,  0., -0., -0.,
             0.,  0., -0., -0., -0., -0.,  0., -0., -1., -0., -0., -0., -0.,
            -0.,  1., -0., -0., -0.,  0.,  0.,  0.,  0.],
           [-0., -0., -0.,  0., -0.,  0.,  0., -0., -0.,  0., -0.,  0., -0.,
            -0., -0., -0., -0.,  0.,  1., -0., -0., -1., -0.,  0., -0., -0.,
            -0.,  0.,  0., -0.,  0.,  0.,  0., -0., -0., -0.,  0., -0.,  0.,
             0.,  0.,  0.,  0., -0., -1.,  0., -0.,  0.,  0.,  0.,  0.,  1.,
            -0., -0., -1.,  0.,  0.,  0., -0.,  0., -0., -0.,  0.,  0.,  0.,
             0., -0., -0., -0., -0., -0., -0.,  0., -0.],
           [ 0.,  0.,  0., -0., -0.,  0.,  0., -0.,  0., -1.,  0., -0.,  0.,
            -0., -0.,  0.,  0., -1.,  1.,  1.,  0.,  0.,  1.,  0., -0.,  0.,
            -0.,  0.,  0., -0., -1.,  0., -0.,  1., -0., -0., -0.,  0.,  1.,
            -1.,  0.,  0., -0.,  0., -0., -0.,  0., -0.,  0.,  0.,  0.,  1.,
             0., -0.,  0.,  0.,  0., -0.,  0., -1., -1., -0.,  0., -0.,  0.,
             0., -0.,  0., -0., -0., -0., -0.,  0.,  0.],
           [-0.,  1.,  0., -0.,  0., -0., -0.,  0.,  0., -0., -0.,  0.,  0.,
            -0., -0.,  0., -0., -0., -1.,  0.,  0., -0.,  0., -0.,  0.,  0.,
             1., -0., -0.,  0., -0., -0.,  0.,  0.,  0., -0.,  0.,  1., -0.,
             0., -0., -0., -0.,  0., -0., -0., -0., -0.,  1., -0., -0., -0.,
            -0.,  0., -0., -0.,  0., -0.,  0., -0.,  0.,  0., -0.,  0., -0.,
            -0.,  1., -0.,  0.,  1., -1.,  0.,  0.,  0.],
           [-0.,  0., -0., -0.,  0., -0.,  0.,  0.,  0.,  0.,  0., -0.,  0.,
            -0., -0.,  0.,  0., -1.,  1., -0., -0.,  0., -0.,  0.,  0.,  0.,
             0., -0.,  0.,  0., -0.,  0.,  0., -0., -0., -0., -0.,  0.,  1.,
            -1., -0., -0.,  0.,  0.,  0., -0., -0.,  0.,  0., -0., -0.,  1.,
            -1.,  0., -1., -0.,  0.,  0.,  0., -0.,  0.,  0., -0.,  0., -0.,
            -0.,  0., -0.,  0., -0., -0., -0., -0.,  0.],
           [ 0.,  0.,  0., -0., -0., -0., -0.,  0.,  0.,  0.,  0., -0.,  0.,
            -0.,  1.,  0., -0.,  0.,  1.,  0., -0., -0., -0., -0.,  0.,  0.,
             0.,  0., -0.,  0.,  0., -1.,  0., -0., -0., -0., -0., -0., -0.,
            -0., -0., -0.,  0.,  0.,  0., -0., -0., -0., -0., -0., -0.,  1.,
             0.,  0., -1., -0.,  0., -0.,  0.,  0.,  0.,  0.,  0., -0., -1.,
            -0.,  0.,  1.,  0., -0., -0., -0., -0.,  0.],
           [-0.,  0.,  0., -0.,  0., -0., -0.,  0.,  0., -0.,  0., -0.,  1.,
             0.,  0., -0., -0., -0.,  0.,  0.,  0., -1.,  0., -1., -0.,  0.,
             0., -0.,  0.,  1., -0., -0., -0.,  0., -0., -0., -0.,  0., -1.,
            -0.,  0.,  0., -0., -0.,  0.,  0., -0., -0.,  0., -0., -0.,  0.,
            -0.,  1., -0., -0., -0., -1., -0., -0., -0., -0., -0.,  0.,  0.,
             0.,  0., -1., -0.,  0., -0., -0., -0., -0.],
           [ 0.,  0., -0., -0.,  0.,  0., -0., -0., -0., -0., -0., -0., -0.,
            -0.,  0.,  0., -0., -0.,  0.,  0.,  0., -1.,  0.,  0.,  1., -0.,
             0.,  0., -1., -0., -0., -0., -0.,  0., -0., -0., -0., -0., -1.,
            -0., -1.,  0., -0.,  0.,  0., -0., -0., -0.,  0., -0., -0.,  0.,
            -0., -0., -0.,  0., -0.,  0.,  0., -0., -0.,  1., -0.,  0., -0.,
            -0.,  0., -1.,  1.,  0., -0., -0., -0., -0.],
           [ 0., -0., -0., -0., -0., -0., -0.,  0., -0., -1., -0., -0., -0.,
             0., -0., -1.,  0., -0., -0.,  0.,  1.,  0., -0.,  0., -0.,  0.,
             0.,  0., -0., -0.,  0., -0., -0.,  0., -0.,  0.,  0.,  0.,  0.,
             1., -0.,  1., -1.,  0., -0.,  1.,  0., -0., -0.,  0., -0.,  0.,
            -0., -0., -0.,  0., -0.,  0.,  0., -1., -0., -0., -0., -0., -0.,
            -1., -1.,  0.,  0.,  0., -0.,  0.,  0.,  1.],
           [ 0.,  0., -0.,  0.,  0., -0., -0.,  0.,  0., -0., -1.,  0., -1.,
            -0., -0., -0., -0., -0.,  0.,  0., -0.,  1., -0.,  0.,  0.,  0.,
            -0., -0.,  0.,  0.,  0.,  0., -0.,  0., -0., -0.,  0., -0., -0.,
            -0.,  0.,  0., -0., -0., -0.,  0.,  0.,  0.,  0., -0.,  0., -1.,
            -0., -0., -0., -0.,  0., -0., -0., -0., -0.,  0.,  0.,  0.,  0.,
             1., -0.,  0.,  0., -0.,  0., -0., -0., -0.],
           [ 0.,  0., -0., -0.,  0.,  0., -0.,  0., -0.,  0.,  0.,  0.,  0.,
            -0.,  0.,  0., -0., -0.,  0., -1.,  1., -0.,  0., -0., -0., -0.,
            -0.,  0.,  0.,  0., -0.,  0., -0., -1., -0., -0., -0., -0.,  0.,
             1.,  0.,  1., -1.,  0., -0., -0.,  0., -0.,  0.,  0., -0., -1.,
            -0.,  0., -0., -0.,  0., -0.,  0., -0., -0., -0.,  0., -0.,  0.,
             0.,  0., -0., -0.,  0.,  0., -0.,  0.,  1.],
           [ 0.,  0.,  0., -0., -0., -0.,  0., -0., -0.,  0., -0.,  0., -0.,
            -1.,  0.,  0., -0.,  0., -0., -0., -0.,  0.,  0., -0., -0., -0.,
            -1.,  0., -0., -0.,  0.,  0., -0., -0.,  0., -1.,  0., -1.,  0.,
             0., -0., -0.,  0.,  0., -0., -0.,  0., -0.,  0., -0., -0.,  0.,
             0.,  0.,  0.,  0.,  0.,  0.,  0.,  0., -0., -0., -0., -0., -0.,
            -1., -1.,  0., -0., -1.,  1.,  0., -0.,  0.],
           [ 0., -0., -0., -0., -0., -0., -0., -0., -0.,  0.,  0.,  0.,  0.,
            -0.,  0.,  0., -0.,  1.,  0.,  0., -0., -0., -0.,  0., -0., -0.,
            -0.,  0., -0., -0.,  0.,  0., -0.,  0., -0., -0., -0., -0.,  0.,
             1., -0., -0.,  0.,  0.,  0., -0.,  0.,  0.,  0.,  0., -0., -1.,
             1.,  0.,  1.,  0., -0.,  1.,  0.,  0.,  0., -0., -1.,  0.,  0.,
            -0., -0.,  0.,  0.,  0.,  0.,  0.,  0.,  1.],
           [ 0.,  0.,  1., -0.,  0.,  0.,  0., -0., -0.,  0.,  0., -0.,  0.,
            -0.,  0.,  0., -0., -0.,  0., -0., -0.,  0.,  0., -1., -0., -0.,
            -0.,  0., -0., -0., -0., -0., -0., -0., -0., -0., -0., -0.,  0.,
             0., -0., -0.,  0.,  0.,  0., -0.,  0., -0., -0.,  0.,  0.,  0.,
            -0.,  0., -0.,  0.,  0., -0.,  0.,  0., -0., -0.,  0.,  0., -0.,
            -0., -0., -1., -0.,  1.,  0., -0.,  0.,  1.],
           [ 0.,  0.,  0.,  0., -0., -0., -0., -0., -0., -0.,  0., -0., -1.,
             0.,  0.,  0.,  0.,  0.,  0., -0.,  0.,  1., -0.,  1.,  0., -0.,
            -0., -0., -0., -1.,  0., -0., -0., -0.,  0., -0., -0., -0., -0.,
             0.,  0.,  0.,  0., -0.,  0.,  0.,  0., -0.,  0.,  0.,  0., -0.,
             0.,  0.,  0.,  0., -0., -0., -0., -0., -0.,  0., -0.,  0., -0.,
             1., -0.,  1., -0.,  0.,  0., -0.,  0., -1.],
           [ 0.,  0., -1., -1., -0., -0., -0.,  0., -0., -0., -0., -0.,  0.,
            -0.,  0.,  0.,  0.,  0.,  0.,  0.,  0.,  1.,  0.,  1., -1., -0.,
            -0.,  1., -0.,  0.,  0., -0., -0.,  0.,  0., -0., -0., -0., -0.,
            -0., -0.,  0., -0.,  0.,  0., -0., -0., -0.,  0.,  0., -1., -0.,
             0., -0.,  0., -0.,  0.,  0.,  1., -0., -0., -1., -0.,  0.,  0.,
            -0.,  0.,  1.,  0.,  0.,  0., -0., -0., -1.],
           [-0.,  0., -0., -0., -0., -0., -0., -0.,  0., -0.,  0.,  0.,  0.,
             0., -0., -0., -0.,  1.,  0., -0.,  0.,  0.,  0.,  0., -0., -0.,
             1.,  0., -0., -0., -0.,  0.,  0., -0.,  0., -0.,  0., -0., -1.,
            -0., -0.,  0., -0., -0., -0.,  0.,  0.,  0.,  0.,  0.,  0., -0.,
            -0., -0.,  0., -0., -1.,  0.,  0., -0.,  1., -0., -0., -0.,  0.,
            -0.,  0.,  0., -0., -0.,  0.,  1.,  0.,  0.],
           [-0., -0.,  0.,  0., -0.,  0.,  0.,  0., -0., -0., -0.,  1., -0.,
            -0., -1.,  0., -1., -0., -1., -0., -0., -0.,  0.,  0.,  0., -0.,
            -0.,  0., -0.,  0., -0.,  1.,  0.,  0., -1.,  0.,  1., -1., -0.,
            -0., -0.,  0.,  0., -0., -0., -0., -0.,  0.,  0.,  0.,  0., -1.,
            -0.,  0.,  1.,  0.,  0., -0.,  0., -0., -0., -0.,  0.,  0., -0.,
             0.,  0., -0., -0., -1., -0., -0.,  0., -0.],
           [ 0., -0., -0.,  0.,  0., -0.,  0., -0., -0.,  1.,  0., -0.,  0.,
            -0.,  0.,  0.,  0.,  1., -1.,  0.,  0., -0., -1.,  0.,  0.,  0.,
            -0., -0., -0.,  0.,  1., -0., -1.,  0., -1.,  0., -0.,  0., -1.,
            -0., -0., -1., -0.,  0.,  0.,  0., -0., -1., -0., -0., -0.,  0.,
             0.,  0., -0., -0.,  0., -0.,  0.,  1.,  1.,  0.,  0., -0., -0.,
             0., -0., -0.,  0.,  0., -0., -0., -0.,  0.],
           [-0., -1.,  0., -0.,  0., -0., -0.,  0.,  0.,  0., -0.,  0., -0.,
            -0.,  0., -0., -0., -0.,  1., -0.,  0., -0., -0., -0.,  0.,  0.,
             0., -0.,  0.,  0.,  0.,  0.,  0.,  0.,  1., -0.,  0.,  0.,  0.,
            -0.,  0., -0., -0.,  0., -0.,  0., -0., -0., -1., -0., -0., -0.,
            -0., -0.,  0., -0.,  0.,  0.,  0.,  0., -0., -0., -0.,  0.,  0.,
            -0.,  0., -0.,  0.,  0., -0.,  1., -0., -0.],
           [ 0., -0., -0., -0.,  0., -0.,  0.,  0.,  0., -0.,  0., -0.,  0.,
             0.,  0.,  0.,  0., -0., -1., -0., -0., -0.,  0.,  0., -0.,  0.,
            -0.,  0.,  0.,  0., -0., -0.,  0., -0., -1., -0., -0.,  0., -1.,
            -0.,  0.,  0.,  0.,  0., -0., -0.,  0.,  0.,  1., -0.,  0.,  0.,
            -0., -0., -0., -0.,  0.,  0.,  0., -0., -0., -0., -0.,  1.,  0.,
            -0., -0., -0., -0.,  0.,  0., -0.,  0.,  0.],
           [ 0., -0.,  0., -0., -0., -0.,  0.,  0.,  0., -0.,  0., -0.,  0.,
             0., -1.,  0., -1., -0., -1.,  0., -0., -0.,  0., -0.,  0.,  0.,
            -0.,  0.,  0.,  0., -0.,  1.,  0.,  0., -1.,  0., -0., -1.,  0.,
            -0.,  0.,  0.,  0.,  0.,  0., -0., -0.,  0.,  0., -0., -0., -1.,
            -0., -0.,  1., -0.,  0.,  0.,  0., -0., -0.,  0.,  0.,  0.,  1.,
            -0.,  0.,  0.,  0., -1., -0., -0., -0.,  0.],
           [-0., -0., -0.,  0.,  0., -1.,  0.,  0.,  0.,  0.,  0., -0.,  0.,
             1.,  0., -0., -0.,  0., -0.,  0.,  0., -0., -0., -0., -0.,  0.,
             0., -0., -0.,  0.,  0., -0., -0.,  0., -0., -0., -0., -0.,  1.,
            -0., -0., -0., -0., -0., -0.,  0.,  0., -0.,  0., -0., -0.,  0.,
            -0., -1., -0., -0., -0.,  1., -0.,  0.,  0.,  0.,  0.,  0., -0.,
             0.,  0., -0., -0., -0., -0., -1., -0., -0.],
           [ 1., -0., -0., -0.,  0.,  0., -0.,  0.,  0.,  0., -0., -0.,  0.,
            -0., -0.,  0., -0.,  0., -0.,  0.,  0., -0., -0.,  0.,  0., -0.,
             0.,  0.,  1.,  0.,  0.,  0., -0.,  0., -0., -0., -0., -0.,  1.,
             0.,  1., -0., -0.,  1.,  0.,  0., -0., -0.,  0., -0., -0., -0.,
            -0.,  0.,  0.,  0., -0., -0.,  0.,  0.,  0.,  0., -0.,  0.,  0.,
            -0.,  0., -0.,  0., -0.,  0., -1., -0., -0.],
           [-0., -0., -0., -0.,  0.,  0.,  0.,  1., -0.,  1., -0.,  0.,  0.,
             0., -0., -0., -0.,  0.,  0., -0.,  0., -0.,  0., -0.,  0.,  1.,
            -0., -0.,  0.,  0., -0.,  0.,  0., -0.,  0.,  0., -0., -0., -0.,
            -1.,  0., -1., -0., -0.,  0.,  0., -0.,  0., -0., -0., -0., -0.,
             0., -0.,  0.,  0.,  0.,  0.,  0., -0.,  0.,  0., -0., -0., -0.,
            -0.,  1., -0., -0., -0.,  0., -0., -0.,  0.],
           [ 0., -0., -0., -0.,  0., -0., -1.,  0.,  0.,  0., -0., -0., -0.,
             0.,  0., -0.,  0.,  0., -0.,  1., -0., -1.,  0.,  0., -0.,  0.,
             0., -1.,  0., -0., -0., -0., -0., -0.,  0., -0., -0.,  0.,  0.,
             0., -0.,  0., -0., -0.,  0.,  0.,  0.,  0., -0., -0., -0.,  1.,
             0.,  0.,  0., -0., -0., -0., -0., -0.,  0.,  1.,  0., -0., -0.,
             0.,  0., -0.,  0.,  0., -0.,  0., -1., -0.],
           [ 0., -0.,  0., -0.,  0.,  0., -1.,  1., -0., -0.,  0., -0.,  0.,
            -0., -0.,  0.,  0.,  0., -0.,  1.,  0.,  0., -0.,  0.,  0., -0.,
             0.,  0.,  0., -0.,  0., -0.,  0.,  1.,  0., -0.,  0.,  0., -0.,
            -1.,  0., -1., -0.,  0.,  0., -0.,  0.,  0., -0.,  0.,  0.,  1.,
             0., -0.,  0., -0., -0., -0.,  0., -0.,  0., -0.,  0., -0., -0.,
             0., -0.,  0.,  0., -0., -0.,  0.,  0.,  0.],
           [ 1., -0.,  0.,  0., -0., -0.,  1., -0., -0., -0., -0., -0.,  0.,
            -0., -0.,  0., -0., -0.,  0.,  0.,  0., -0.,  0., -0.,  0., -0.,
             1.,  1., -0.,  0.,  0.,  0., -1.,  0., -0., -0., -0.,  1.,  0.,
             0.,  0.,  0.,  0., -0.,  0.,  0.,  1.,  0., -0.,  0.,  0., -0.,
            -0., -0., -0.,  0.,  0.,  0.,  0.,  0., -0.,  0., -0.,  0.,  0.,
            -0.,  1., -0., -0.,  1., -1., -0., -0.,  0.],
           [ 0., -0., -0., -0., -1.,  0., -1., -0., -0., -0.,  0., -0.,  0.,
            -0., -0.,  0.,  0., -1., -0., -0., -0.,  0.,  0.,  0.,  0., -0.,
             0.,  0., -1.,  0.,  1., -0., -0., -0.,  0., -0.,  0.,  0., -0.,
            -1.,  0.,  0.,  0., -0., -0.,  0.,  0.,  0., -0.,  0., -0.,  1.,
            -1., -0., -1.,  1., -0.,  0., -0.,  1., -0., -0., -0., -0.,  0.,
            -0.,  0., -0.,  0., -0., -0.,  0.,  0.,  0.],
           [ 0., -0.,  0., -0.,  0., -0.,  0., -0., -0., -0.,  0.,  0.,  0.,
            -0., -0.,  0.,  0.,  0., -0., -0., -0., -0., -0., -0.,  0., -0.,
             0.,  0.,  0.,  0., -0.,  0., -0., -0.,  0., -0.,  0.,  0., -0.,
            -0.,  0.,  0.,  0.,  0., -0., -0.,  0.,  0.,  0.,  1.,  1., -0.,
             0.,  0.,  0.,  1., -0., -0.,  0.,  0.,  0., -0.,  0.,  0.,  0.,
            -0.,  0.,  1., -1., -1., -0., -0.,  0.,  0.],
           [ 0., -0.,  0.,  0., -0.,  0., -0., -1., -1.,  0.,  0.,  0.,  1.,
            -0., -0.,  1., -0., -0., -0., -0.,  0., -1.,  0., -1., -0., -1.,
             0.,  0., -0.,  1.,  0.,  0., -0.,  0.,  0., -0.,  0.,  0.,  0.,
            -0., -0., -0.,  1.,  0.,  0.,  0.,  0.,  0.,  0.,  0.,  0.,  0.,
            -0., -0., -0.,  0., -0.,  0., -0.,  0., -0., -0., -0.,  0.,  0.,
             0.,  0., -1., -0., -0., -0.,  0.,  0., -0.],
           [-0., -0., -0., -0., -0.,  0.,  0.,  0.,  0.,  0., -0.,  0., -0.,
            -0., -0., -0., -0., -0., -0., -0.,  0., -1., -0.,  0.,  1.,  0.,
             0., -1.,  0., -0.,  0.,  0., -0.,  0.,  0., -0.,  0.,  0.,  0.,
            -0.,  0., -0., -0., -0., -0.,  0.,  0.,  0., -0.,  0., -0., -0.,
            -0.,  0., -0., -1.,  0.,  0.,  0.,  0.,  0.,  1., -0., -0.,  0.,
            -0.,  0., -1.,  1., -0., -0.,  0.,  0., -0.]], dtype=np.float32), np.array([[-0., -0., -0., -0., -0.,  0.,  0.,  0.,  1., -1.,  0.,  0.,  0.,
            -0.,  0.,  1., -0., -0.,  0.,  0.,  0.,  0., -1., -0.,  0., -1.,
             0., -0., -0., -0.,  0., -0.,  0.,  0., -0., -0., -0., -0., -0.,
            -0., -0.,  0., -0.,  0.,  0.,  0., -0., -0.,  0., -0., -0.,  0.,
             0.,  0.,  0., -0., -1., -0., -0., -0.,  1., -0.,  0., -0., -0.,
            -0., -0., -0.,  0., -0., -0.,  0., -0., -0.],
           [-0., -0.,  0.,  0.,  1.,  0., -0., -0., -0.,  0., -0.,  0.,  0.,
            -0.,  0., -0., -0.,  1.,  0.,  0., -0.,  0.,  0., -0., -0.,  0.,
            -0., -0., -0., -0., -1.,  0., -0., -1.,  0.,  0.,  0.,  0.,  0.,
             1.,  0.,  1., -0., -0.,  0., -1.,  0., -0., -0., -0.,  0., -0.,
            -1.,  0., -0., -0., -1., -0., -0.,  1., -0.,  0., -0., -0.,  0.,
             0.,  0., -0.,  0.,  0.,  0.,  0., -0.,  0.],
           [ 0.,  0., -0.,  0., -0., -0., -0.,  0.,  0.,  1.,  0., -0., -0.,
             0.,  0., -0.,  0., -0.,  0.,  0., -0., -0.,  1.,  0.,  0., -0.,
             1.,  0.,  0., -0.,  0., -0.,  0.,  0., -0., -0., -0., -0.,  0.,
            -0., -0., -0., -0.,  0., -0., -1., -0.,  0.,  0., -0., -0.,  0.,
             0., -0.,  0.,  0.,  0.,  0., -0., -0., -1.,  0.,  0.,  0., -0.,
            -0., -1.,  0., -0., -0., -1.,  0., -0., -0.],
           [ 0.,  0.,  0., -0., -0.,  0., -0.,  0.,  0.,  0., -0.,  1., -1.,
             0., -0., -0., -0.,  0.,  0., -0.,  0., -1.,  0., -0., -1.,  0.,
             0., -0., -0., -1., -0., -0., -0.,  0.,  0.,  0., -0.,  0., -0.,
             0., -0.,  0., -0., -0., -1., -0., -0., -0., -0.,  0.,  0., -0.,
             0., -0., -0., -0., -0., -0.,  0.,  0., -0.,  1., -0., -0., -0.,
             0., -0., -0.,  0.,  0.,  0., -0.,  0.,  0.],
           [-0., -0., -0.,  0.,  0., -0.,  0., -0., -0.,  0.,  1.,  1.,  0.,
            -0.,  0.,  0., -0., -0., -0.,  1., -0.,  0., -0.,  0.,  0.,  0.,
            -0.,  0.,  0.,  0.,  0.,  1.,  0., -1., -0., -0.,  0., -0.,  0.,
            -0.,  0., -0.,  0.,  0.,  0.,  0.,  0.,  0.,  0., -0., -0.,  1.,
            -1.,  0.,  1.,  0.,  0.,  0., -0., -0.,  0., -0.,  0.,  0.,  1.,
             0.,  0.,  0., -0., -0., -0.,  0., -0., -0.],
           [-0.,  0., -0., -0., -0.,  0., -0.,  0.,  0., -0.,  1., -0., -0.,
            -0., -0.,  0.,  0.,  0.,  0., -0., -0., -0.,  0., -0., -0.,  0.,
            -0., -0., -0., -0.,  0., -0.,  0.,  0.,  0., -0., -1., -0., -0.,
             0.,  0.,  0., -0., -0.,  1.,  0., -0., -0.,  0.,  0., -0., -0.,
             0.,  0., -0., -0., -0., -0., -0., -0.,  0.,  0.,  0., -0., -0.,
             0.,  0., -0.,  0., -0.,  0., -0.,  1.,  0.],
           [ 0.,  0., -0.,  0.,  0.,  0., -0.,  1.,  0.,  1., -0.,  0., -0.,
             0.,  0., -1., -0.,  0.,  0.,  0.,  0., -0.,  1., -0., -0.,  1.,
             0.,  0., -0., -0., -0., -0.,  0., -0., -0., -0., -0., -0., -0.,
            -0., -0.,  1., -1., -0., -0., -0., -0., -1.,  0., -0.,  0., -0.,
             0., -0., -0., -0., -0., -0.,  0.,  0.,  0.,  0.,  0., -0., -0.,
             0., -0., -0.,  0.,  0., -0., -0., -0., -0.],
           [-0., -0.,  0., -0., -1.,  0.,  0., -0., -0., -0.,  0.,  0.,  0.,
            -0., -0.,  0.,  0.,  0., -0., -0., -1.,  0., -0., -0.,  0., -0.,
            -0., -0., -0.,  0.,  1.,  0., -0.,  1., -0., -0.,  0., -0.,  0.,
             0.,  0.,  0.,  0., -0.,  0.,  1.,  0., -1.,  0.,  0., -0.,  0.,
            -0.,  0.,  0., -0., -0., -0.,  0., -1.,  0., -0.,  0., -0.,  0.,
             0.,  0., -0.,  0., -0.,  0.,  0.,  0.,  0.],
           [ 0.,  0., -0.,  0.,  0.,  0., -1.,  0.,  0.,  0.,  0., -0., -0.,
             0.,  0., -0., -0., -0.,  0.,  1., -1., -0., -1., -0.,  0.,  0.,
             0.,  0.,  0., -0., -0., -0.,  1., -0.,  0., -0., -0., -0., -0.,
            -0., -0.,  0., -0.,  0., -0.,  1., -1.,  0.,  0., -0.,  0., -0.,
             0., -0.,  0., -0.,  0., -0.,  0., -1., -0.,  0.,  0., -0., -0.,
            -0., -0.,  0.,  0., -0., -0., -0., -1., -0.],
           [-1., -1.,  0.,  0., -0., -1.,  0., -0.,  0., -0.,  0.,  0.,  0.,
            -1.,  0.,  0.,  0., -0., -0., -0.,  0.,  0., -0.,  0., -0., -0.,
            -1.,  0.,  0., -0.,  0.,  0.,  0., -0., -0., -0., -0., -0.,  0.,
             0.,  0., -0.,  0.,  1.,  0.,  0., -0.,  0.,  0., -0., -0., -0.,
            -0.,  0.,  0., -0.,  1.,  0.,  0.,  0.,  0., -0.,  0.,  0.,  0.,
            -0., -0.,  0., -0.,  0.,  0.,  1.,  0.,  0.],
           [ 0.,  0.,  0., -0.,  0.,  0., -0., -0., -0., -0., -0., -0.,  0.,
             0.,  0., -0., -1.,  0.,  0., -0.,  0., -0.,  0., -0.,  0.,  0.,
             0., -0., -0.,  0., -0., -0., -1., -0.,  1.,  1.,  0.,  1., -0.,
             0., -0.,  0., -0., -0., -0., -0.,  0., -1., -1.,  0.,  0., -0.,
            -0., -0., -0., -0., -0., -0.,  0.,  0.,  0., -0., -0., -1., -0.,
            -0.,  0., -0.,  0., -0., -0., -0., -0.,  0.],
           [-0.,  1.,  0.,  0., -0., -0.,  0., -0., -0.,  0.,  0.,  0., -0.,
            -0.,  0., -0.,  0., -0., -0., -0.,  0., -0., -0.,  0., -0.,  0.,
            -0.,  0.,  0., -0., -0.,  0.,  0.,  0., -0.,  1.,  0., -0.,  0.,
            -0., -0., -0.,  0.,  0.,  0., -0., -1.,  0.,  0., -0.,  0., -0.,
             0., -0., -0.,  0.,  0.,  0.,  0.,  0., -0.,  0., -0.,  0.,  0.,
            -0., -0.,  0., -0.,  0.,  1.,  0.,  0., -0.],
           [ 0.,  0., -0.,  0., -0.,  0., -0.,  0., -0.,  0., -0., -0., -0.,
             0.,  0., -0.,  0.,  1.,  0.,  0., -0., -0.,  0.,  0., -0.,  0.,
             0., -0., -1., -0.,  0.,  0.,  0.,  0., -0., -0., -0., -0., -1.,
            -0., -1.,  0., -0., -0., -0., -0., -0., -0.,  0., -0., -0., -0.,
            -0., -1.,  0.,  0., -0., -1., -0.,  0., -1.,  0., -0., -1., -0.,
             0.,  0.,  0., -0., -0.,  0., -0., -0., -0.],
           [-0., -0., -0., -0.,  1.,  0.,  0., -0.,  0., -0.,  0., -0.,  0.,
            -0., -0.,  0.,  0., -0., -0.,  0., -0.,  0., -0., -0.,  0., -0.,
            -0., -0.,  0.,  0., -0., -0.,  0., -0., -0., -0.,  0., -0.,  0.,
             0.,  0.,  0., -0., -0.,  0.,  0., -0., -0., -0.,  0.,  0.,  0.,
             1.,  0., -0., -0., -0.,  0.,  0., -0.,  0., -0.,  1., -1., -0.,
             0., -0., -0.,  0., -0.,  0.,  0., -0.,  0.],
           [ 0.,  1., -0.,  0., -0.,  0., -0.,  0.,  0.,  0.,  0.,  0., -0.,
             0.,  1., -0., -0.,  0.,  1.,  0., -0., -0.,  1., -0., -0., -0.,
             0.,  0., -0., -0.,  1.,  0.,  0.,  0.,  0., -0., -0., -0., -0.,
             0., -0., -0., -0.,  0., -1.,  0., -0., -0.,  1., -0., -0., -0.,
            -0., -0.,  1.,  0., -0., -0.,  0., -0., -0.,  0.,  1.,  0.,  0.,
            -0., -0., -0., -0., -0., -0.,  0.,  0.,  0.],
           [ 0.,  0.,  0., -1.,  0.,  0.,  0., -0., -0.,  0., -0., -1., -0.,
             0., -0., -0., -1.,  0.,  0., -0., -0., -0.,  0., -1.,  1.,  0.,
             0.,  0., -0.,  1., -0., -1., -0.,  0., -0., -0.,  0., -0., -0.,
            -0.,  0., -0.,  0., -0., -0.,  0.,  0.,  0.,  0.,  0.,  0., -0.,
             0., -0., -0.,  0., -0., -0.,  0.,  0., -0.,  0.,  0., -0.,  0.,
             0., -0., -1.,  1., -0.,  0., -0.,  0., -0.],
           [-0., -0., -1.,  0., -0.,  0., -0.,  0.,  0., -0.,  0., -1.,  0.,
            -0.,  0.,  0., -1.,  0., -0.,  0.,  0.,  0., -0.,  0., -0., -0.,
            -0., -0., -0., -0.,  0., -1.,  0., -0., -0., -0., -0.,  0., -0.,
             0.,  0.,  0., -0., -0.,  0., -0., -0.,  0.,  0., -1., -1.,  0.,
            -0., -0.,  0., -0., -0., -0., -1., -0.,  0., -0., -0.,  0., -1.,
             0.,  0.,  0., -0.,  0., -0.,  0., -0.,  0.],
           [ 0.,  0., -1., -0.,  0., -0.,  0., -0., -0.,  0.,  0.,  0., -0.,
             0., -1., -0.,  0.,  0.,  0., -0.,  0., -0.,  0., -0.,  0.,  0.,
             0.,  0.,  0.,  0.,  0.,  0., -0.,  0.,  0., -0.,  1., -1.,  0.,
            -0., -0., -0.,  0.,  0., -0.,  0.,  0., -0.,  0.,  0., -1.,  0.,
             0., -0.,  0.,  0., -0.,  0., -1.,  0., -0.,  0.,  0., -0.,  0.,
            -0., -0., -0.,  0., -1.,  1.,  0.,  0., -0.],
           [ 0.,  0.,  0.,  0.,  0., -1., -0., -0.,  1.,  0., -0.,  0.,  0.,
            -0., -0.,  0.,  0., -0., -0., -0.,  0., -0.,  0., -0., -0.,  0.,
             0.,  0.,  0.,  1., -0.,  0., -0., -0.,  0.,  0., -0.,  0.,  0.,
             0., -0., -0., -0.,  0., -0., -0.,  0.,  0., -0.,  0.,  0., -0.,
             0., -1., -0., -0.,  0., -0.,  0.,  0., -0.,  0., -0.,  0., -0.,
             0., -0.,  0., -0., -0., -0., -0.,  0.,  0.],
           [ 0., -0., -1., -0., -0., -1.,  0.,  0., -0.,  0.,  0.,  0., -0.,
             0., -0., -0.,  0., -0., -0.,  0., -1.,  0.,  0.,  1.,  0.,  0.,
             0.,  0.,  0., -0.,  0.,  0.,  0.,  0., -0., -0.,  0., -0., -0.,
            -0., -0., -0.,  1.,  0.,  0.,  0.,  0.,  0.,  0., -0., -0.,  0.,
            -0.,  0.,  0.,  0.,  0.,  1., -0., -0., -0., -0.,  1.,  0.,  0.,
            -0., -0., -0., -0.,  0., -0., -0.,  0., -1.],
           [-0., -0.,  0.,  0., -0.,  0., -0.,  0.,  0., -0., -1.,  0.,  1.,
            -1.,  0.,  1.,  0.,  0., -0.,  0.,  0., -0., -0., -0., -0.,  0.,
            -0., -0., -0.,  0., -0., -0.,  0.,  0., -0.,  1., -0.,  0., -0.,
            -0.,  0.,  0., -0., -0.,  0., -1., -0., -0., -0.,  0.,  0.,  0.,
            -0.,  1., -0., -0., -0., -0., -0., -0.,  0., -0., -0., -0., -0.,
             1.,  0.,  0.,  0.,  0.,  0., -0., -0.,  0.],
           [-0.,  0.,  0., -1., -0., -0.,  0., -0.,  0.,  0., -0.,  0., -0.,
             0.,  0., -0.,  0., -0., -0., -0.,  0., -0.,  0.,  0.,  1.,  0.,
             0., -0., -0., -0., -0.,  0., -0.,  0.,  0.,  0., -0.,  0.,  0.,
            -0., -1., -0.,  0.,  1., -0., -0., -0.,  0., -0.,  0.,  0., -0.,
             0., -0., -0., -0., -0.,  0.,  0.,  0.,  0., -0., -0.,  0., -0.,
             0., -0.,  0., -0.,  0., -0., -0., -0.,  0.],
           [ 0.,  0.,  0.,  0.,  1., -0., -0., -0., -0., -0.,  0.,  0., -0.,
             0., -0., -0.,  0.,  0., -0.,  0., -0.,  0.,  0.,  0., -0.,  0.,
             0.,  0.,  1.,  0.,  0.,  0.,  0., -0., -0., -0.,  0., -0., -0.,
             0.,  0.,  0.,  0.,  1., -0., -0.,  0.,  0.,  0., -1., -1.,  0.,
            -0., -0.,  0.,  1., -0.,  0., -1., -0., -0.,  0.,  0.,  0.,  0.,
            -0., -0., -0., -1., -0.,  0., -0.,  0., -0.],
           [-1., -0.,  0., -0., -0.,  0.,  0.,  0., -0.,  0., -0., -0.,  0.,
            -0.,  0.,  0., -0.,  0., -0., -0.,  0., -0., -0.,  0.,  0., -0.,
             0., -1., -0., -0., -0., -0., -0.,  0., -0.,  0., -0.,  0., -0.,
             0.,  1., -0., -0., -0.,  0., -0., -1., -0., -0.,  0.,  0., -0.,
             0.,  0., -0., -0., -0., -0., -1.,  0., -0., -1., -0., -0., -0.,
             0., -0.,  0.,  0.,  0., -0., -0., -1.,  0.]], dtype=np.float32))    
    

    
def decomposition_356():
    return (np.array([[-0.,  0., -0., -0.,  1.,  0., -0., -0., -0., -0.,  0.,  0.,  0.,
            -0.,  0.,  0., -0.,  0.,  1.,  1.,  0.,  0.,  0., -1.,  0.,  0.,
            -0.,  0., -0.,  0.,  0.,  0., -1., -0., -0., -1., -0., -0., -0.,
            -0.,  0.,  1.,  0., -1., -1., -0., -1.,  0.,  1.,  1., -0.,  0.,
            -0., -0.,  0., -0., -0.,  0., -1., -1.,  0.,  0., -0., -0.,  0.,
             0.,  0.,  0.],
           [-0.,  1.,  0.,  0.,  1.,  1., -0.,  0., -0.,  0.,  0.,  0., -0.,
            -0.,  0., -1., -0.,  0.,  1., -0., -0.,  0., -0., -0., -0.,  0.,
            -0.,  0.,  0.,  0., -0., -0., -0.,  0.,  0., -0., -0., -0., -0.,
             0., -0.,  1.,  0., -0., -1.,  1.,  0.,  0.,  1.,  1.,  1.,  0.,
             0., -0., -0.,  1., -0.,  0., -1., -0., -0., -0., -0.,  1.,  1.,
            -0., -0., -0.],
           [-0.,  0.,  0.,  0., -0., -0., -0., -0., -0., -0.,  0.,  0.,  0.,
             0., -1., -0.,  0., -0.,  0., -1., -0.,  0.,  0.,  1.,  0.,  1.,
            -0., -1., -0.,  0.,  1.,  0.,  1.,  0.,  0.,  1., -0., -0., -0.,
             0., -0.,  0.,  0., -0., -0.,  0.,  1.,  0., -0.,  0., -0.,  0.,
            -0., -0.,  0.,  0.,  1., -0.,  0.,  1., -1.,  0.,  0., -0.,  1.,
             0.,  1., -0.],
           [-0.,  0., -0., -0., -0.,  0., -0.,  0.,  0.,  1., -0.,  1.,  1.,
             0., -0., -0.,  0., -0.,  0., -0.,  0., -1., -1.,  0.,  0., -0.,
             0., -0.,  0., -0., -0.,  0., -0.,  0.,  0., -0., -0., -0., -1.,
            -0., -0., -0.,  0.,  1., -0., -0.,  0.,  1.,  0., -0., -0.,  0.,
            -1.,  1., -1., -0., -0., -0., -0., -0., -0.,  0.,  0.,  0.,  1.,
            -0.,  0., -0.],
           [ 0., -0.,  0.,  0., -1.,  0., -0.,  0.,  0.,  1.,  0.,  1.,  0.,
            -0., -0.,  1.,  0.,  0., -1.,  0., -0., -0.,  0.,  1.,  0.,  1.,
             0., -1., -0., -0.,  1.,  0.,  0.,  0., -0., -0., -0., -0.,  0.,
            -0.,  0., -1.,  0., -0.,  1.,  0.,  0., -0., -0., -1.,  0.,  0.,
            -0., -0.,  0., -0.,  1.,  0.,  1.,  0., -1., -0., -0.,  0., -0.,
            -0.,  1., -0.],
           [-1.,  0.,  0.,  0., -0., -0., -1.,  0.,  0.,  0.,  0.,  0.,  0.,
             0.,  0., -0.,  0., -0., -0., -0., -0.,  0., -0., -0., -0., -1.,
            -0.,  0.,  0., -0.,  0.,  0.,  1., -0.,  1., -0.,  1.,  0., -0.,
             0., -0., -1.,  0.,  1.,  0.,  0.,  0., -0.,  0., -1.,  1.,  1.,
            -0., -0., -0.,  0., -0., -1., -0.,  1., -0., -0.,  0., -0., -0.,
             0., -0.,  0.],
           [-0., -1., -0., -0.,  0., -0.,  0.,  0., -0.,  0., -1., -0.,  0.,
             0., -0., -0.,  0.,  0.,  0.,  0.,  0., -0., -0.,  0., -0., -0.,
            -0., -0.,  0., -0., -1., -0.,  0., -0.,  0., -1., -0.,  0., -0.,
            -1.,  0., -1.,  1., -0.,  1., -1., -0., -0., -0.,  0., -0.,  0.,
             0., -0.,  0.,  0., -0., -1., -0.,  0., -0., -0.,  0.,  0., -1.,
             0., -0.,  1.],
           [ 0., -1., -0.,  0., -0., -0.,  1., -0.,  0.,  0.,  0.,  0.,  0.,
            -0.,  0.,  0., -0., -0., -0., -0.,  0., -0., -0.,  0.,  0., -0.,
             0.,  1.,  0.,  0., -1., -0., -1., -0., -0., -1., -0.,  0., -0.,
            -1.,  0.,  0.,  1., -0.,  1., -0., -0.,  0.,  0., -0.,  0.,  0.,
            -0.,  0.,  0., -0., -0.,  0.,  0., -0., -0.,  1., -0.,  0., -1.,
             0.,  0.,  1.],
           [ 0.,  0., -0.,  1., -0., -0.,  0.,  0.,  0.,  0.,  0., -0., -0.,
            -1.,  0.,  0.,  1., -0., -0., -0., -1., -0., -0., -0.,  1.,  0.,
            -0., -1.,  0., -1., -0.,  0.,  1., -1., -0.,  0., -0.,  0., -0.,
            -0.,  0., -1.,  0.,  0., -0., -1., -0., -0.,  0., -0.,  0., -0.,
            -0.,  0.,  0., -0.,  0.,  0., -0., -0., -0.,  0., -1.,  0.,  0.,
             0., -0., -0.],
           [ 0., -0., -1.,  0., -0., -0.,  1.,  0., -0., -1.,  1., -1., -0.,
            -0.,  0.,  0., -0.,  0.,  1., -1., -0., -0., -0., -0.,  0.,  0.,
             0.,  1., -1.,  0., -0., -0.,  0.,  0.,  0., -0.,  0.,  0.,  0.,
             0.,  0.,  1.,  0., -0.,  0., -0., -0., -0.,  0.,  0.,  0.,  0.,
             0.,  0.,  0.,  0., -0., -0., -0.,  0.,  0., -0.,  0., -1.,  0.,
            -0., -1., -0.],
           [-0.,  0., -0., -0.,  0., -0., -1., -0., -1., -0.,  0.,  0., -1.,
             1.,  0., -0., -0.,  1.,  0., -0., -0., -0.,  1.,  0.,  0., -1.,
            -0.,  0., -0.,  0., -0., -0., -0., -1.,  0.,  0.,  1., -0., -0.,
             0.,  0., -1.,  0., -0.,  0.,  0., -0.,  0., -0., -1., -0.,  1.,
             0., -0., -0.,  0.,  0.,  0., -0.,  0.,  0., -0.,  0.,  0., -1.,
            -1., -0., -1.],
           [ 1., -0.,  0.,  0.,  0.,  0., -0., -0., -1.,  0., -1.,  0.,  0.,
             0.,  0.,  0.,  0.,  1.,  0., -0., -0.,  0.,  1.,  0., -1.,  0.,
             0.,  0.,  0.,  0., -1., -0., -0., -1.,  0.,  0., -0.,  0.,  0.,
             0., -1., -1.,  1.,  0.,  1., -0.,  0., -1., -0.,  0., -0.,  0.,
             0.,  0.,  0.,  0., -0., -0., -0.,  0.,  0., -0., -0.,  0., -1.,
            -0., -0.,  0.],
           [ 0., -0.,  0.,  0., -0.,  0.,  1., -1., -0., -0., -0.,  0.,  1.,
            -1.,  0.,  0.,  0., -0., -0., -0.,  0., -1.,  0., -0.,  0.,  0.,
            -1.,  1.,  0.,  1., -1.,  0., -0., -0., -0.,  0., -1.,  0., -0.,
             0.,  0., -0.,  0.,  1.,  1.,  0., -0.,  0., -0.,  0.,  0., -0.,
            -0.,  0.,  0., -0., -0.,  0.,  0.,  0., -0.,  0., -0., -0.,  0.,
             1.,  0.,  1.],
           [-0., -0.,  0.,  0., -0., -0.,  0.,  0.,  0., -0.,  0.,  0., -1.,
             0.,  0., -0., -0.,  1.,  0.,  0., -1.,  1.,  1.,  0., -0., -0.,
             1., -1.,  0., -1.,  0.,  0.,  0., -1., -0.,  0., -0., -0.,  0.,
            -0.,  0., -1., -0., -1.,  0.,  0., -0., -1., -0.,  0.,  0., -0.,
            -0.,  0., -0., -0.,  0., -0., -0.,  0.,  0., -0., -1.,  0., -1.,
             0.,  0., -0.],
           [-0., -0.,  0., -0.,  0.,  0., -0., -0., -0.,  0.,  0.,  0.,  0.,
             0., -0., -1.,  0.,  0.,  0.,  0., -1., -0., -0., -1., -0., -1.,
            -0.,  0., -0., -0., -1., -1.,  0., -0., -0.,  0., -0., -1., -1.,
            -0.,  0.,  0.,  0.,  0., -1.,  0.,  0., -0.,  0.,  1.,  0.,  0.,
            -0., -0., -1., -0., -1., -0., -1.,  0.,  0.,  0., -1.,  0., -0.,
             0., -0., -0.]], dtype=np.float32), np.array([[-0.,  0., -0., -0., -0., -0.,  0.,  0., -0.,  0., -0., -0., -1.,
            -0.,  1.,  0., -0., -0.,  0.,  0.,  0.,  1.,  0.,  0., -0.,  0.,
             0.,  0., -0., -0.,  0.,  0., -0., -0., -0., -0.,  0., -0., -0.,
            -0., -0.,  0., -0., -1.,  0., -0., -1.,  0.,  0.,  0.,  0.,  0.,
             0., -0.,  0., -0.,  0.,  0., -0.,  1.,  0., -0., -0., -0., -0.,
            -0., -0., -0.],
           [ 1., -0., -0., -0.,  0., -0., -0.,  0., -1.,  0.,  0.,  0., -0.,
            -0.,  0., -0.,  0.,  0., -0.,  0., -0., -0., -0.,  0.,  0., -0.,
            -0., -0.,  0.,  0., -0., -0., -0., -0.,  1., -0., -0.,  0., -0.,
            -0.,  1., -0.,  0.,  0., -0., -0.,  0., -0., -1., -0.,  1., -0.,
            -0., -0., -0.,  1.,  0.,  0.,  0., -0., -0.,  0.,  0., -0.,  0.,
            -0., -0.,  0.],
           [-0., -0., -1.,  1., -0.,  0., -0.,  0., -0.,  0.,  1.,  1.,  0.,
             0.,  0., -0., -0., -0., -1.,  0., -0.,  0., -0., -0., -1.,  0.,
            -0., -0., -0.,  0., -0., -1.,  0., -1.,  0.,  0.,  0.,  0.,  0.,
            -0., -0., -1.,  0.,  0., -0., -1., -0., -0., -0., -0., -0., -0.,
             0.,  1., -1.,  0.,  0., -1., -0., -0.,  0.,  0.,  1.,  1.,  0.,
            -0., -0., -0.],
           [ 0.,  0., -0.,  0.,  0.,  0., -0., -1., -0.,  0., -0., -0.,  0.,
             0., -1.,  0.,  0., -0.,  0.,  0., -0.,  0.,  0.,  0.,  0., -0.,
            -0., -0., -0.,  0., -0.,  0.,  0.,  0., -1.,  0.,  1.,  0., -0.,
            -0.,  0.,  0., -0., -0.,  0.,  0.,  1.,  0.,  0.,  0.,  0., -0.,
            -0., -0., -0., -0.,  0., -0.,  0., -1.,  0.,  0.,  0., -0., -0.,
             1.,  0.,  0.],
           [-0., -0.,  0., -0.,  0., -0., -0., -1., -0., -0.,  0.,  0., -0.,
            -0.,  0.,  0., -0.,  0., -0.,  0., -0., -0., -0.,  1., -0., -1.,
             0.,  0.,  0., -0.,  0., -0.,  0., -0., -0.,  0.,  1.,  0., -0.,
             0., -0.,  0., -0., -0.,  0., -0., -0.,  0.,  0.,  0.,  0.,  1.,
             0.,  0.,  0.,  0.,  1.,  0.,  0., -0., -0.,  0., -0., -0.,  0.,
             1.,  0., -0.],
           [ 1., -0.,  0.,  0.,  0., -0., -0., -0., -1., -0.,  0.,  0., -0.,
            -0., -0.,  1., -0., -0., -0.,  0.,  0., -0.,  0.,  0., -0.,  0.,
             0.,  0., -0., -0., -0., -0., -0.,  0., -0., -0.,  0.,  0., -0.,
             0.,  1.,  0.,  0.,  0., -0., -0., -0.,  0.,  0., -1.,  0., -1.,
             0., -0., -0., -0.,  0.,  0., -1.,  0., -0., -0.,  0., -0., -0.,
            -0., -0., -0.],
           [-0.,  0., -0., -0., -0.,  0.,  0.,  0., -0., -0.,  0.,  0.,  2.,
             1., -1., -0.,  1.,  0.,  0., -0., -0., -1.,  1., -0., -0., -0.,
             0., -0.,  0., -0., -0.,  0.,  1., -0., -0., -1.,  0.,  0., -0.,
             0.,  0.,  0.,  0.,  1., -0.,  0.,  1.,  0.,  1., -0.,  0., -0.,
            -0., -0., -0.,  0., -0.,  0., -0., -1., -0.,  0., -0., -0.,  1.,
            -1.,  0., -0.],
           [-1., -0., -0., -0., -0., -0., -0., -0., -0.,  0., -0., -0., -0.,
             0., -0., -0., -0., -0., -0.,  0.,  0., -0.,  0., -0., -0., -0.,
            -0., -0., -0.,  0., -0., -0.,  0., -0., -1., -0.,  0., -0., -0.,
            -0., -1.,  0., -0.,  0., -0., -0.,  0.,  0.,  0., -0., -1.,  0.,
            -0., -0.,  0., -1., -0., -1., -0.,  0., -0.,  0., -0., -0., -0.,
            -0.,  0., -0.],
           [-0.,  0.,  1., -1.,  0., -0., -0.,  0., -0.,  0., -1.,  0.,  0.,
             0., -0.,  0.,  0.,  0.,  0., -0.,  0., -0.,  0.,  0.,  1., -0.,
            -0.,  0., -0., -0.,  0., -0., -0., -0., -0., -0., -0., -0., -0.,
            -0., -0., -0.,  0., -0., -0.,  1.,  0., -0.,  0., -0.,  0., -0.,
            -0.,  0.,  0., -0., -0., -0., -0., -0.,  0.,  0., -0., -1., -0.,
            -0.,  0., -0.],
           [-0., -1., -0., -0.,  0., -0.,  0.,  0., -0.,  0.,  0., -0.,  0.,
             0.,  0., -0.,  0.,  0.,  0., -0.,  0., -0., -0., -0.,  0., -0.,
             0.,  0., -0., -0., -0.,  0.,  0., -0., -0.,  0., -0., -0., -0.,
             1., -1., -0., -1., -0.,  0., -0., -0.,  0., -0.,  0., -0.,  0.,
            -0.,  0.,  0., -1., -0.,  0., -0.,  0., -0.,  1.,  0., -0.,  0.,
            -0.,  0., -0.],
           [ 0., -0., -0.,  0., -0.,  0.,  1.,  1., -1.,  0., -0.,  0., -0.,
            -0., -0., -0., -0., -0.,  0., -1., -0.,  0.,  0., -2.,  0.,  1.,
             0.,  0.,  1., -0.,  0.,  0., -0.,  0., -0.,  0., -1.,  0., -0.,
            -0., -0., -0.,  0., -0., -1., -0.,  1., -0.,  0., -0., -0., -1.,
             0., -0., -0.,  0., -1., -0., -1., -0., -0., -0., -0.,  0.,  0.,
            -1.,  0.,  1.],
           [-0., -0.,  1.,  0.,  0.,  1.,  0.,  0., -0.,  0., -1., -0.,  0.,
            -0., -0.,  0.,  0., -0., -0., -0.,  0., -0., -0., -0.,  0., -0.,
            -0., -0., -0.,  0.,  0., -0., -0.,  0.,  0., -0.,  0., -0.,  0.,
            -0., -1.,  0., -0.,  0.,  0.,  0., -0.,  0., -0.,  0., -0.,  0.,
             0., -0.,  0.,  0., -0.,  0.,  0., -0.,  0., -0.,  0., -1., -0.,
            -0.,  0., -0.],
           [ 0.,  0., -0., -0., -0.,  0., -0.,  0.,  0., -0., -0.,  0., -1.,
            -1.,  1.,  0., -1., -0.,  0., -0., -0.,  1., -0.,  0.,  0.,  0.,
            -0.,  0.,  0., -0., -0.,  0., -1., -0.,  0.,  0.,  0.,  0.,  0.,
            -0., -0., -0.,  0., -1.,  0.,  0., -0., -0.,  0.,  0.,  0., -0.,
            -0.,  0.,  0., -0., -0.,  0., -0.,  1.,  0.,  0., -0., -0.,  0.,
             1., -0., -0.],
           [ 1., -0.,  0.,  0.,  0., -0., -0.,  0., -1., -0., -0., -0.,  0.,
            -0., -0., -0.,  0., -0.,  0., -0., -0., -0.,  0., -0., -0.,  0.,
             0.,  0.,  0.,  0., -0., -0.,  0.,  0.,  1.,  1.,  0.,  0., -0.,
            -1.,  1., -0., -0., -0., -0.,  0., -1.,  0., -1., -0.,  1.,  0.,
            -0., -0., -0.,  1., -0.,  1.,  0., -0.,  0.,  0.,  0.,  0., -0.,
            -1.,  0.,  1.],
           [ 0.,  0., -0., -0., -0., -0.,  0.,  0.,  0., -0.,  0., -1.,  0.,
            -0.,  0., -0.,  0.,  0.,  0.,  0., -0.,  0., -0., -0.,  0.,  0.,
             0.,  1.,  0.,  1.,  0.,  1., -0., -0.,  0., -0.,  0., -0.,  0.,
             0., -0.,  0.,  0.,  0., -0., -0.,  0., -0.,  0., -0.,  0., -0.,
            -0., -1.,  1., -0., -0.,  0.,  0., -0., -0., -1., -1., -0., -0.,
            -0.,  1., -0.],
           [-0.,  0., -0., -0., -0., -0., -0., -1.,  0.,  0., -0., -0., -0.,
            -0., -1.,  0., -0.,  0.,  0.,  0.,  0.,  0., -0., -0., -0., -0.,
             0., -0.,  0., -0., -0.,  0.,  0.,  0.,  0., -0.,  0., -0., -0.,
             0.,  0., -0.,  0.,  0.,  0.,  0.,  0.,  0., -0.,  0., -0., -0.,
            -0., -0., -0., -0.,  0.,  0., -0.,  0.,  0., -1.,  0.,  0., -0.,
            -0., -0.,  0.],
           [-0.,  0.,  0.,  0., -0., -0., -1., -1., -0., -0.,  0., -0.,  0.,
             0., -0., -0., -0.,  0., -0.,  1.,  0., -0., -0.,  1., -0., -1.,
            -0.,  0., -1.,  0., -0.,  0., -0.,  0.,  0., -0.,  1., -0., -0.,
             0.,  0., -0.,  0., -0.,  0.,  0., -1.,  0., -0., -0., -0.,  1.,
             0.,  0.,  0.,  0.,  1.,  0., -0., -0., -0., -0.,  0.,  0., -0.,
             0., -0.,  0.],
           [ 0.,  0., -1., -0.,  0., -1., -0., -1.,  0., -0.,  1.,  0.,  0.,
            -0., -0., -1., -0.,  0.,  0., -0.,  0., -0.,  0., -0.,  0.,  0.,
             0.,  0., -0., -0., -1., -0., -0., -0.,  0., -0.,  0., -0.,  0.,
             0., -0.,  0., -1., -0., -0., -0., -0.,  0.,  0.,  0., -0., -0.,
             0.,  0.,  0., -0.,  1., -0., -0., -0., -0.,  0., -0.,  1., -0.,
            -0., -0., -0.],
           [ 0.,  0., -0.,  0.,  0.,  0.,  0., -0., -0.,  0.,  0.,  0., -1.,
            -1.,  0.,  0., -1.,  0.,  0.,  0., -0., -0., -0.,  0.,  0., -0.,
            -0., -0., -0., -0.,  0., -0.,  0.,  0.,  0.,  0.,  0.,  0., -0.,
            -0.,  0., -0., -0., -0.,  0.,  0.,  0.,  0.,  0.,  0.,  0., -0.,
             1., -0., -0., -0.,  0., -0.,  0.,  0.,  0., -0., -0.,  0., -0.,
             1., -0.,  0.],
           [ 0.,  0., -0.,  1.,  0., -0.,  0.,  0.,  1.,  0., -0., -0., -0.,
            -0., -0.,  0., -0., -1., -0., -0.,  0.,  0., -1.,  0.,  0.,  0.,
             0.,  0., -0., -0.,  0.,  0.,  0., -1.,  0.,  0.,  0., -0.,  0.,
             0.,  0.,  0., -0., -0., -0., -0.,  0.,  0., -0.,  0.,  0., -0.,
            -1., -0., -0., -0., -0., -0.,  0., -0., -0.,  0., -0.,  0.,  0.,
            -0., -0.,  0.],
           [-0.,  0., -0.,  1., -0.,  0., -0., -0.,  0., -0., -0., -0.,  0.,
             0.,  0., -0., -0.,  0.,  0.,  0., -0.,  0., -0., -0.,  0.,  0.,
             0.,  0.,  0.,  0.,  0.,  1.,  0.,  0.,  0.,  0., -0., -0., -0.,
             0.,  0.,  0.,  0.,  0.,  0., -0., -0.,  0., -0., -0.,  0.,  0.,
             0., -1.,  1.,  0., -0., -0., -0., -0.,  0.,  0., -1., -0., -0.,
             0.,  0.,  0.],
           [ 0.,  0., -0.,  1., -0.,  0., -0., -1., -0.,  0., -0.,  0.,  0.,
            -0.,  0.,  0.,  0.,  0., -0.,  0., -0.,  1., -0.,  0.,  0., -0.,
            -1.,  0., -0., -1.,  0., -0., -0.,  0., -0.,  0., -0., -0., -0.,
             0., -0.,  0., -0., -0.,  0., -0.,  0.,  0., -0.,  0.,  0.,  0.,
            -1.,  0.,  0., -0.,  0.,  0., -0.,  0., -0., -0., -0., -0., -0.,
             0., -0., -0.],
           [-0., -0., -0., -0.,  0.,  0.,  0., -0.,  0., -0., -0., -0.,  1.,
             1.,  0., -0., -0.,  0., -0.,  0.,  1.,  0.,  0., -0., -0., -0.,
            -0.,  0.,  0., -0., -0.,  0.,  0., -0., -0., -0.,  0.,  1.,  1.,
             0.,  0.,  0., -0.,  0., -0.,  0., -0.,  0., -0., -0., -0.,  0.,
             0., -0.,  0.,  0., -0.,  0.,  0.,  0.,  0., -0., -0., -0.,  0.,
            -1.,  0., -0.],
           [-0.,  0.,  0.,  0., -0.,  0., -0., -0.,  0., -0., -0., -0.,  0.,
             0., -0.,  0., -0.,  0., -0.,  0., -0., -0.,  0., -0.,  1., -0.,
            -0.,  0.,  0.,  0., -0.,  1.,  0., -0., -0., -0., -0., -0., -0.,
             0.,  1., -0., -0.,  0., -0., -0.,  0., -1., -0.,  0.,  0.,  0.,
             0.,  0.,  1., -0.,  0.,  0., -0.,  0.,  0., -0., -1.,  0.,  0.,
             0., -0.,  0.],
           [ 0., -0., -0.,  0., -0., -0.,  0., -0., -0.,  1.,  0., -0., -0.,
            -0., -0., -0., -0.,  0.,  0.,  1.,  0., -0., -0.,  1.,  0.,  0.,
            -0.,  0., -0.,  0.,  0., -0., -0., -0., -0., -0.,  0., -0., -1.,
            -0.,  0., -0., -0., -0.,  0.,  0., -1., -0., -0.,  0.,  0., -0.,
            -1.,  0., -0., -0.,  0.,  0., -0., -0., -0., -0., -0., -0.,  0.,
             0., -0.,  0.],
           [ 0.,  0.,  1.,  0., -1., -0.,  0.,  0.,  0., -0., -0., -0.,  0.,
            -0., -0.,  0.,  0., -0.,  1., -0.,  0., -0.,  0.,  0., -0.,  0.,
             0.,  0.,  0., -0.,  0.,  0.,  0., -0., -0., -0.,  0., -1.,  0.,
             0., -0.,  0., -0., -0.,  0., -0., -0., -0., -1.,  0.,  0., -0.,
             0., -0., -0., -0.,  0., -0.,  1., -0.,  0.,  0.,  0.,  0., -0.,
            -0.,  0.,  0.],
           [-0.,  0.,  1., -0., -0., -0.,  0., -0.,  0.,  0., -0.,  1., -0.,
            -0.,  0., -0., -0.,  0., -0., -0.,  0.,  0., -0.,  0., -0., -0.,
             0., -0.,  0.,  0.,  0., -1., -0., -0.,  0.,  0.,  0.,  0.,  0.,
             0., -0.,  0.,  0.,  0.,  0.,  0.,  0., -0.,  0.,  0.,  0., -0.,
             0.,  1., -1.,  0., -0., -0., -0., -0., -0.,  0., -0., -0.,  0.,
            -0.,  0.,  0.],
           [-0.,  0.,  1., -0.,  0., -0.,  0.,  0.,  0., -0.,  0.,  0., -0.,
            -0.,  1.,  0.,  0., -0.,  0., -0.,  0., -0., -0.,  0.,  0.,  0.,
            -0.,  0., -0., -0.,  0., -1.,  0.,  0., -0.,  0., -0., -0.,  0.,
             0., -0., -0., -0.,  0.,  0., -0.,  0.,  0., -0.,  0.,  0., -0.,
            -0.,  0.,  0., -0.,  1.,  0., -0.,  0., -1., -0.,  0.,  0., -0.,
            -0.,  1.,  0.],
           [ 0.,  0., -0., -0.,  0., -0., -0., -0.,  0., -0., -0., -0.,  0.,
             0.,  0., -0., -0.,  0., -0., -1., -0.,  0., -0., -1.,  0., -0.,
             0.,  0.,  1., -0.,  0.,  0., -0., -0.,  0., -0., -0., -1.,  0.,
             0., -0.,  0., -0., -0.,  0.,  0.,  1., -0., -0., -0., -0., -0.,
             0.,  0., -0.,  0., -0., -0.,  0., -0.,  0.,  0.,  0.,  0.,  0.,
             0., -0.,  0.],
           [-0., -0.,  1.,  0.,  0.,  1.,  0.,  0., -0., -0., -0.,  0., -0.,
             0., -0.,  1., -0., -0.,  0., -0., -0.,  0.,  0., -0.,  0., -0.,
             0., -0., -0., -0., -0., -1.,  0., -0.,  0.,  0., -0.,  0.,  0.,
             0., -0.,  0.,  0., -0.,  0.,  0.,  0., -0.,  0.,  0.,  0., -0.,
            -0., -0.,  0.,  0., -0.,  0., -0., -0.,  0., -0.,  0., -1., -0.,
            -0., -0., -0.]], dtype=np.float32), np.array([[ 0.,  1., -0., -0.,  0.,  0., -0.,  0., -0.,  1.,  0.,  0.,  0.,
            -0., -0.,  0.,  0., -1., -0., -1., -0., -1.,  1., -0.,  0.,  0.,
            -1.,  0., -1.,  0., -0.,  0., -0., -0., -1.,  1., -0., -0.,  0.,
             1., -0., -0., -0.,  1.,  0.,  0.,  1.,  0.,  0.,  0.,  1.,  0.,
            -1., -0.,  0., -1., -0.,  0., -0.,  1., -0.,  0.,  0., -0.,  1.,
             0., -0.,  0.],
           [ 0.,  1.,  0., -0., -0., -0.,  0., -0.,  0.,  0., -0.,  0.,  0.,
            -0., -0., -0., -1., -0.,  0., -1.,  0., -0., -0.,  0., -0., -0.,
            -0., -0., -1., -0.,  0., -0.,  1.,  0., -1.,  1.,  0.,  0.,  0.,
             1., -0.,  0.,  0.,  0., -0.,  0.,  1.,  0., -0., -0.,  1.,  0.,
             0., -0., -0., -1.,  0.,  0., -0.,  1., -0., -0., -0.,  0., -0.,
             0., -0., -0.],
           [ 0.,  0., -0.,  0.,  0.,  0., -0.,  0.,  0., -0.,  0.,  0.,  1.,
             1.,  0., -0.,  1., -1.,  0., -0., -1., -1.,  1.,  0., -0., -0.,
            -1., -0.,  0., -0., -0.,  0.,  0.,  0.,  0., -0., -0.,  0.,  1.,
             0., -0.,  0.,  0.,  0.,  0.,  0.,  0.,  0., -0.,  0.,  0., -0.,
            -1.,  0., -0., -0.,  0., -0., -0., -0., -0., -0.,  0.,  0., -0.,
            -0.,  0., -0.],
           [-0.,  1.,  0., -0.,  1.,  0.,  0., -0.,  0.,  0., -0., -0.,  0.,
            -0., -0., -0., -0., -1., -0., -0.,  0.,  0.,  1.,  0.,  0., -0.,
             0.,  0., -0.,  0.,  0., -0.,  0., -0.,  0.,  1.,  0., -0.,  0.,
             1.,  0., -0.,  0.,  0., -0.,  0.,  0.,  0., -1., -0.,  0., -0.,
             0.,  0., -0., -1., -0.,  0.,  0.,  0.,  0., -0.,  0.,  0.,  1.,
            -0.,  0., -0.],
           [ 0.,  1., -0.,  0.,  1., -0., -0.,  0., -0.,  0.,  0.,  0., -0.,
             0., -0., -0.,  0.,  1.,  1.,  0., -0.,  0.,  0., -0.,  0., -0.,
             0., -0.,  0., -0., -0., -0.,  0.,  1., -0., -0., -0., -0.,  0.,
             1.,  0., -1.,  0.,  0., -0., -0.,  0., -0., -0.,  0.,  1., -0.,
             0., -0., -0., -1.,  0.,  1.,  0.,  0., -0., -0.,  0., -0.,  0.,
             0., -0.,  0.],
           [-1., -1., -0., -0.,  1.,  0., -0., -0.,  1.,  0., -0.,  0., -0.,
             0., -0., -0.,  0., -1.,  0., -0., -0., -0.,  0., -0., -0., -0.,
            -0., -0., -0., -0., -0., -0., -0., -0., -0.,  0.,  0., -0.,  0.,
            -1.,  0., -0., -0., -0.,  1., -0.,  0.,  0.,  0., -1., -1., -0.,
            -0., -0., -0.,  1., -0.,  0., -1.,  0.,  0.,  0.,  0., -0., -0.,
             0.,  0.,  1.],
           [ 0., -0., -1., -0., -1., -1.,  0., -0.,  0., -0.,  0.,  1.,  0.,
            -0., -0.,  0.,  0., -0., -1.,  0.,  0.,  0., -0., -0., -0.,  0.,
            -0., -0., -0., -0., -0.,  0., -0., -0.,  0.,  0., -0.,  0.,  0.,
             0., -0.,  0., -0.,  0., -0.,  0.,  0.,  0.,  0.,  0., -0.,  0.,
             0., -1.,  0.,  0., -0.,  0., -0.,  0., -1.,  0., -0., -1., -0.,
             0.,  1.,  0.],
           [ 0., -0., -1.,  1., -1., -1.,  0., -0.,  0., -0.,  0.,  0.,  0.,
            -0., -0., -0., -0., -1., -1.,  0.,  0., -0., -0., -0., -0.,  0.,
            -1.,  1.,  0., -1., -0.,  0.,  0., -1.,  0., -0.,  0., -0., -0.,
            -0., -0.,  1., -0., -0., -0., -1.,  0., -0.,  0., -0., -0.,  0.,
             0., -0.,  0., -0., -0., -0., -0., -0., -1.,  0., -0., -1.,  0.,
            -0.,  1.,  0.],
           [ 0., -0., -0., -1.,  0.,  0., -0.,  0., -0.,  0., -0.,  0., -0.,
             0., -0.,  0., -0.,  1., -0.,  0., -0., -0.,  0.,  0., -1., -0.,
             1.,  0.,  0.,  1., -0.,  0.,  0.,  1., -0.,  0.,  0.,  0.,  0.,
             0., -0., -0.,  0., -0.,  0., -0., -0., -1.,  0.,  0., -0.,  0.,
            -0., -1.,  1., -0.,  0.,  0., -0., -0.,  0., -0.,  1., -0., -0.,
            -0.,  0.,  0.],
           [ 0.,  0.,  0., -0., -0.,  0., -0.,  0., -0., -0., -0.,  0.,  0.,
            -0.,  1., -0., -0., -0., -0.,  0., -0., -1.,  0., -0., -0.,  0.,
            -1.,  0., -0.,  0.,  0., -0.,  0., -0., -1.,  0., -0.,  0.,  0.,
             0.,  0., -0., -0.,  1.,  0., -0., -0., -0.,  0., -0.,  1.,  0.,
            -0.,  0., -0., -1., -0.,  0.,  0.,  1.,  1.,  0.,  0.,  0., -0.,
             0.,  0.,  0.],
           [ 0.,  1., -0.,  0.,  0.,  0.,  0.,  0., -0.,  0.,  0.,  0.,  0.,
             0., -0., -0., -0.,  0.,  0., -0., -0.,  0.,  0.,  0., -0., -0.,
             1., -1.,  0.,  1.,  0., -0., -0., -0., -1., -0., -0., -0.,  0.,
             0.,  0., -0., -0.,  0., -0., -0.,  0., -0.,  0., -0.,  1., -0.,
            -0., -0., -0., -1.,  0., -0.,  0.,  0.,  1., -1., -0., -0.,  0.,
            -0., -1.,  0.],
           [-0., -1.,  0.,  0., -0., -0., -0.,  1., -0., -0., -0., -0., -0.,
             0.,  0., -0., -0., -0., -0.,  0.,  0., -0.,  0.,  0., -0., -1.,
            -1., -0., -0., -0., -1., -0.,  0., -0.,  1., -0.,  1.,  0.,  0.,
            -0., -0.,  0., -1.,  0.,  0.,  0.,  0., -0., -0.,  0., -1.,  0.,
             0.,  0., -0.,  1., -1.,  0., -0.,  0.,  1.,  0., -0.,  0., -0.,
             0., -0., -0.],
           [-0.,  0.,  0.,  0., -1.,  0., -0.,  0., -0.,  1.,  0., -0.,  0.,
            -0., -0.,  0., -0.,  0.,  0., -1., -0.,  0., -0., -1., -0., -1.,
             0.,  0., -1.,  0., -0.,  0.,  0., -0.,  0.,  0., -0.,  1., -1.,
             0.,  0.,  0.,  0.,  0., -0., -0.,  0., -0.,  0.,  1., -0.,  1.,
            -0., -0.,  0., -0.,  0., -0.,  1., -0.,  0.,  0., -0., -0.,  0.,
             0.,  0.,  0.],
           [ 0., -1., -0.,  0., -0.,  0., -1., -0.,  0., -0., -0., -0., -0.,
            -1.,  0.,  0., -1.,  0.,  0.,  0., -0.,  0.,  0., -0., -0.,  0.,
             0., -0., -1., -0.,  0., -0., -0.,  0.,  1.,  0.,  1.,  0., -0.,
            -1., -0.,  0., -0.,  0.,  0.,  0.,  0.,  0., -0.,  0., -1.,  0.,
            -0., -0., -0.,  1., -0., -0.,  0., -0.,  0.,  0.,  0., -0., -0.,
             1.,  0.,  1.],
           [ 0.,  1.,  0.,  0., -1.,  0.,  0., -0., -0.,  0., -0., -0.,  0.,
             1., -0., -0.,  1.,  0.,  0., -0., -1.,  0., -0.,  0., -0., -0.,
             0., -0., -0., -0.,  0.,  0.,  0., -0., -1., -0., -1.,  1., -0.,
             1., -0., -0., -0.,  0., -1.,  0., -0., -0.,  0.,  1.,  1.,  1.,
            -0., -0., -0., -1.,  0.,  0.,  1., -0., -0., -0., -0., -0., -0.,
            -1., -0., -1.],
           [ 0., -0.,  0., -0.,  0.,  1.,  0.,  0.,  0.,  0.,  0., -0., -0.,
             0., -0.,  1.,  0.,  0., -0., -0.,  0., -0., -0.,  0.,  0.,  1.,
            -0.,  0., -0., -0., -0.,  1., -0.,  0., -0.,  0.,  0., -0., -0.,
            -0., -0., -0.,  0., -0., -0.,  0., -0., -0.,  0., -1.,  0., -1.,
            -0.,  1., -1.,  0.,  1.,  0.,  0.,  0., -1.,  0., -0.,  0.,  0.,
            -0.,  0.,  0.],
           [-1., -1.,  0., -0., -0.,  1., -0.,  0.,  0., -0.,  1.,  0.,  0.,
            -0., -0., -0., -0., -0.,  0., -0.,  0.,  0., -0.,  0.,  1., -0.,
            -0., -0.,  0., -0., -0.,  0.,  0.,  0., -0., -0.,  0.,  0.,  0.,
             0., -1., -0., -1.,  0., -0.,  1.,  0.,  0.,  0.,  0., -1., -0.,
            -0., -0., -0.,  1.,  0., -0., -0., -0., -0., -0., -0.,  1.,  0.,
             0.,  0., -0.],
           [ 1.,  1.,  0., -0.,  0., -0.,  0., -0.,  0.,  0., -0., -0.,  0.,
            -0.,  0., -0.,  0.,  0., -0.,  0.,  0.,  0., -0., -0., -0.,  1.,
            -0.,  0., -0., -0.,  1.,  1., -0.,  0.,  0., -0.,  0.,  0., -0.,
             0.,  1.,  0.,  1.,  0., -0.,  0.,  0.,  1.,  0.,  0.,  1., -1.,
             0.,  1., -1., -1.,  1., -0.,  0.,  0., -1.,  0.,  0., -0., -0.,
            -0.,  0.,  0.]], dtype=np.float32))
    

    
def decomposition_357():
    return (np.array([[ 0., -0., -0., -0., -0., -0., -0.,  0., -0.,  0., -0.,  0., -1.,
             0., -1., -0.,  0., -0., -0.,  1.,  0., -0., -0., -0., -0., -0.,
             0., -0.,  0.,  0.,  0., -1., -0.,  0.,  0.,  0.,  0.,  1., -0.,
            -0.,  0.,  0., -0., -0.,  0.,  0.,  0.,  0.,  0., -0.,  1., -0.,
            -0.,  0., -1.,  0.,  0., -0.,  0.,  0., -0.,  1., -0.,  0.,  1.,
             0.,  0.,  0.,  0., -0.,  0.,  0.,  0., -0.,  0., -1.,  1., -0.,
             0.,  1.],
           [-1., -1., -0.,  0., -0.,  0., -0.,  0., -1., -0., -0., -1.,  1.,
             1., -0., -0.,  0., -1., -0., -0., -0., -0.,  0.,  1.,  0.,  0.,
             0., -1.,  0., -0.,  0.,  0.,  0.,  0., -0., -0.,  0.,  0.,  0.,
             0., -0., -1.,  0., -0.,  0., -1.,  0., -0., -0.,  0.,  0.,  0.,
            -0., -0., -0.,  0., -0., -0., -1., -0., -0.,  0., -0.,  0., -0.,
             0.,  0., -1.,  0., -0.,  1.,  1., -0., -0., -1., -0., -0., -0.,
            -0., -1.],
           [ 0.,  0.,  1.,  1.,  0.,  0.,  0.,  0., -0., -0.,  0., -0.,  1.,
             0.,  0.,  1., -0.,  0.,  0.,  1., -0., -0., -1., -0.,  0.,  0.,
             0., -0.,  0., -0.,  1., -0.,  0.,  0.,  1., -0., -0.,  0.,  1.,
             0., -0.,  0., -0., -1.,  0.,  0., -0.,  1., -0.,  0., -0., -1.,
            -0., -0., -0., -0., -0.,  0.,  0., -0., -1., -0., -0.,  0.,  0.,
            -0., -0., -0., -0., -0., -0.,  0., -0., -0.,  0., -0., -0.,  0.,
            -1., -0.],
           [-1., -0., -0., -0.,  0.,  0., -0., -0., -1.,  0., -0., -0.,  0.,
             1., -1., -0.,  0., -0.,  0., -0., -0.,  0.,  0.,  1.,  0., -0.,
             0.,  0.,  0.,  0.,  0., -1.,  0.,  0.,  0., -0., -0.,  1., -0.,
             0., -0., -1.,  1.,  1.,  0.,  0.,  0.,  0., -0., -0.,  1., -0.,
             0., -0., -1., -0.,  0.,  0., -0.,  0.,  0., -0.,  0.,  0.,  1.,
            -0.,  1., -0., -0., -0.,  0.,  0.,  0.,  0., -1., -1.,  1., -0.,
             0., -0.],
           [ 1., -0., -1., -0., -0., -0.,  0., -0.,  1.,  0.,  0., -0.,  0.,
            -1.,  1., -1.,  0., -1., -0., -0., -0., -0., -0., -0.,  0.,  0.,
             0., -1., -0.,  0., -0., -0.,  0.,  0.,  0.,  0.,  0., -1.,  0.,
            -1.,  0.,  1., -0., -0., -0., -1.,  1.,  0., -0.,  0.,  0.,  1.,
             0., -0.,  0.,  0., -0., -0.,  0.,  0.,  1., -0.,  0., -0., -1.,
             0., -1.,  0.,  0., -0.,  1., -0.,  0., -0.,  1., -0., -1.,  0.,
            -0.,  0.],
           [-0.,  0., -0., -0.,  0.,  1., -0., -0.,  0.,  0., -0., -0., -0.,
             0.,  1.,  0., -0., -0.,  1., -0.,  0.,  0.,  0.,  0., -1., -0.,
             0., -0., -1., -0., -0., -0., -0.,  0.,  0.,  0.,  0.,  0., -0.,
             0.,  0., -0.,  0.,  0.,  1.,  0., -0.,  0.,  0., -1.,  0.,  0.,
             0., -0., -0., -1.,  0.,  0., -0.,  0.,  0., -0.,  0.,  0., -0.,
            -0., -0., -0.,  0., -0., -0., -0.,  0., -0.,  0., -0., -0.,  0.,
            -0., -0.],
           [ 0.,  0., -0.,  0., -0., -1., -0., -1., -0., -0., -0.,  0., -0.,
             0.,  0., -0.,  0.,  0.,  0.,  0., -0., -1., -0., -0.,  0., -0.,
            -1.,  0., -0.,  0.,  0.,  0.,  0.,  0.,  0.,  1., -1.,  0.,  0.,
             0., -0.,  0.,  0., -0.,  0.,  0.,  0.,  0.,  0.,  0.,  0.,  0.,
            -0., -0.,  0.,  1.,  0., -0., -0., -0., -0., -0., -0.,  0.,  0.,
             1., -0.,  0., -1.,  1., -1.,  0., -0., -0., -0.,  0., -0., -1.,
             0.,  0.],
           [-0., -0., -0., -0., -1.,  0., -1., -1.,  0.,  0., -0.,  0., -0.,
             0., -0., -1., -0., -0.,  1.,  0., -0., -1.,  0.,  0., -0., -1.,
             0.,  0.,  0., -1.,  0.,  0.,  1.,  0.,  0.,  0., -1., -0., -0.,
             0.,  0., -0., -0., -0.,  0., -0.,  0.,  0.,  0.,  0., -0.,  0.,
            -0., -0.,  0.,  1.,  0., -0., -0.,  0.,  0., -0.,  1.,  1.,  0.,
             1.,  0.,  0., -1., -0.,  0.,  0., -0., -1.,  0.,  0., -0., -1.,
             0., -0.],
           [ 0., -0., -0., -0.,  0., -0., -0.,  0., -0.,  0., -1.,  0., -0.,
            -1.,  1., -0., -0., -0., -0.,  0.,  0., -0.,  0.,  0., -1., -0.,
            -1.,  0., -0.,  0., -0., -0.,  0.,  0.,  0.,  1.,  0., -1., -0.,
             0., -0.,  0., -0., -0.,  1., -1.,  0., -0.,  0., -0.,  0.,  1.,
            -0.,  0., -0., -0.,  0., -0.,  0., -0.,  0.,  0., -0., -1., -0.,
            -0., -1., -0., -0.,  1.,  0.,  0., -0., -0., -0., -0., -0.,  0.,
             0.,  0.],
           [-1., -0.,  1.,  0., -0.,  0.,  0., -0.,  0., -0.,  1.,  0.,  0.,
             1., -1.,  1.,  0.,  0.,  0.,  0.,  1.,  0., -0.,  0.,  0., -0.,
             0.,  1.,  0., -0.,  0.,  0., -1.,  0.,  0.,  0., -0.,  1., -0.,
            -0., -0., -0.,  0.,  0., -1.,  1., -1.,  0., -0.,  0., -0., -1.,
             0., -0.,  0., -0.,  0., -0., -0.,  0.,  0., -0., -0., -0., -0.,
            -0.,  1.,  0., -0., -0., -1., -0., -0., -0., -0., -0.,  1.,  0.,
            -0.,  0.],
           [ 0., -0., -0., -1., -0.,  0.,  1.,  0., -0.,  0.,  0.,  0., -0.,
             0.,  0.,  0., -1., -0.,  1., -1., -0., -0., -0., -0., -0., -1.,
            -0.,  0., -0., -0.,  0., -0., -0., -0., -0., -0., -0., -0., -1.,
             0., -0., -0.,  0., -0., -0., -0.,  0.,  0.,  0., -0., -1.,  0.,
             0., -1.,  0., -1., -1., -0., -0.,  1.,  0., -0.,  0.,  0.,  0.,
             0.,  0., -1., -1.,  0., -0., -0.,  1.,  0., -0., -0., -0.,  1.,
            -0., -1.],
           [-0.,  0.,  0.,  1., -0.,  0., -1., -0., -0.,  0., -0., -0., -0.,
             0.,  0.,  0., -0.,  0., -0., -0., -0., -0.,  0.,  0., -0., -0.,
             0., -0., -0.,  0., -0., -0.,  0.,  1.,  0., -0., -1.,  0.,  0.,
            -0., -0., -0., -0., -0., -0., -0., -0.,  0.,  1.,  0.,  0.,  0.,
             0.,  1., -0.,  1.,  1., -0.,  0., -0.,  0.,  0.,  0., -0., -0.,
            -0.,  0.,  1., -0.,  0.,  0., -1.,  0., -0.,  1.,  0.,  0., -1.,
            -0.,  1.],
           [ 0., -0.,  0.,  0.,  0.,  0., -1., -0.,  0.,  1.,  0., -0.,  0.,
            -0.,  0.,  0.,  0., -0.,  1., -1.,  0., -1.,  0., -0.,  0., -1.,
            -0., -0., -0., -1.,  0.,  0.,  1., -0., -1., -0., -1.,  0., -1.,
             0.,  1., -0., -0., -0.,  0.,  0., -0.,  0.,  0., -0.,  0., -0.,
             0.,  1.,  0.,  1.,  0.,  0., -0.,  1., -0., -0.,  1.,  1.,  0.,
             1., -0., -0., -1., -0., -0., -0., -0., -1.,  0., -0., -0., -1.,
            -0., -0.],
           [ 0., -1.,  0.,  0., -0., -0.,  0., -0.,  0., -1.,  0., -0., -0.,
            -0., -0.,  0., -1.,  0., -0., -0., -0.,  1.,  0.,  0.,  0.,  0.,
            -0.,  0., -0.,  1., -1.,  0., -0.,  1.,  0.,  0.,  0.,  0., -0.,
            -0.,  0., -0., -1.,  0.,  0.,  0., -0.,  0.,  0.,  0., -1., -0.,
            -0., -0., -0., -0.,  0., -1.,  0.,  0., -0.,  0., -0., -1., -0.,
             0.,  0., -0., -0., -0., -0.,  0., -0.,  0.,  1.,  1.,  0.,  0.,
             0.,  0.],
           [-0.,  0., -0.,  0.,  0.,  0., -0.,  0., -1.,  0.,  0.,  0., -0.,
             0.,  0., -0.,  1., -0., -0., -0.,  0.,  0.,  0.,  0., -0.,  0.,
             0.,  0., -0., -0.,  0., -0., -1., -0.,  0., -0.,  0.,  0., -0.,
             1., -1.,  0., -0., -0.,  0., -0.,  0., -1.,  1., -0.,  0., -0.,
            -1., -0.,  1., -0.,  0., -0., -1., -0.,  0., -0., -1., -0., -0.,
            -1.,  0.,  0.,  0.,  0., -0.,  0., -0.,  0., -1.,  0., -0.,  0.,
             0., -0.]], dtype=np.float32), np.array([[-0.,  0., -0., -0.,  0.,  0., -0.,  0., -1., -0.,  0., -0.,  0.,
             0., -0., -0., -1., -0.,  0.,  0.,  0.,  1., -0., -0., -0.,  0.,
            -1.,  0.,  0., -0., -0., -0.,  1.,  1., -0., -0.,  0., -0.,  0.,
            -1., -0., -0., -0.,  0.,  1., -0.,  0., -0.,  1.,  0., -1., -0.,
             0., -0., -1.,  0.,  0., -0., -1., -0., -0.,  0.,  0.,  1.,  0.,
            -1.,  0., -0., -0.,  0.,  0.,  1.,  0., -0.,  1.,  0., -0., -0.,
            -0., -0.],
           [-0., -0., -0., -0.,  0.,  0.,  0., -0., -0.,  0.,  0.,  0., -0.,
            -0.,  1., -0., -0., -0., -0.,  0.,  0., -0., -0., -0.,  0., -0.,
            -0.,  0., -1.,  0., -0.,  0., -0.,  0.,  0., -0.,  1., -1., -0.,
            -0.,  0., -0.,  0., -0.,  0.,  0.,  0., -0., -0., -1., -0., -0.,
             0., -0.,  0.,  1.,  0., -0.,  0.,  0.,  0.,  0., -0., -0., -0.,
            -0.,  1.,  0., -0.,  0., -0., -0., -0., -0.,  0.,  0., -0., -1.,
            -0.,  0.],
           [-1.,  0.,  1.,  0.,  0., -0.,  0.,  0.,  0.,  0., -0., -0.,  0.,
             1., -1.,  0.,  0., -0.,  1., -0.,  0.,  0.,  0., -0., -1., -1.,
             0., -1.,  1.,  0., -0.,  0., -0., -0., -0.,  0., -0., -0.,  0.,
             0.,  0., -0.,  0.,  0., -0.,  1., -0.,  0.,  0., -0., -0., -1.,
            -0., -0., -0.,  0.,  0.,  0., -0., -0., -0.,  0., -0., -0., -0.,
             0., -1., -0.,  0.,  0., -0., -0.,  0., -1., -0., -0., -1.,  0.,
             1., -0.],
           [-0.,  0.,  0.,  0.,  0.,  0.,  0., -0.,  0., -0.,  0., -0.,  0.,
            -0.,  1., -0.,  0., -0.,  1., -0.,  0.,  0.,  0., -0.,  0., -1.,
            -0., -0., -0., -0., -0.,  0.,  0.,  0.,  0.,  0.,  0., -1., -0.,
            -0., -0., -0.,  1.,  0., -0., -0., -0.,  0., -0., -0., -1.,  0.,
            -0., -0.,  0., -0.,  0., -0., -0.,  0., -0., -0., -0.,  0.,  0.,
            -0.,  1.,  0., -0., -0.,  0., -0., -1., -1., -0.,  1., -0.,  0.,
            -0., -0.],
           [-0., -0.,  0., -0.,  0.,  0.,  0., -0., -0., -0.,  0.,  0., -0.,
             0., -1.,  0., -0.,  0.,  0., -1., -0.,  0.,  0.,  0., -0., -0.,
            -0., -0.,  1.,  0., -0., -0., -0., -0., -1., -0., -0.,  1.,  1.,
            -0.,  0.,  0.,  0., -0., -0.,  0., -0., -0.,  0.,  0.,  0., -0.,
             0., -0., -0.,  0.,  0.,  0., -0., -0.,  0.,  1.,  0.,  0.,  0.,
             0., -1., -0., -0.,  0., -0., -0.,  0., -0.,  0., -0., -0., -0.,
            -0., -0.],
           [ 0., -0., -0., -0., -0., -0., -0.,  0.,  0., -0., -0.,  0.,  0.,
             0., -0.,  0., -0.,  0., -1., -0., -0.,  0., -0., -0.,  0.,  1.,
             0.,  0.,  0.,  0., -0., -0., -0., -0., -0., -0., -0., -0.,  0.,
             0., -0.,  0.,  0.,  0.,  0.,  0., -0., -0., -0.,  0., -0., -0.,
             0.,  0.,  0.,  0.,  0.,  0.,  0., -0., -0.,  1.,  0.,  0.,  0.,
             0.,  0.,  0., -0., -0., -0., -0.,  1.,  1., -0.,  0., -0.,  0.,
            -0., -0.],
           [ 1., -0., -1.,  0.,  0.,  0., -0., -0., -0., -0.,  0.,  0., -0.,
            -1.,  1., -0., -0., -0.,  0., -0.,  0.,  0., -0.,  0.,  1.,  0.,
            -0.,  1., -1., -0.,  0., -0., -0., -0., -0.,  0., -0.,  0.,  0.,
            -0.,  0.,  0.,  0., -0.,  0., -1.,  0., -0., -0.,  1., -0.,  1.,
             0.,  0., -0.,  0., -0.,  0.,  0.,  0.,  0., -1.,  0.,  0., -0.,
             0.,  1., -1.,  0., -0.,  0.,  1.,  0., -0., -0., -0.,  1., -0.,
            -1., -1.],
           [-0.,  0., -0., -0., -0.,  0.,  0.,  0., -0., -0., -0., -0.,  0.,
            -0.,  0., -0.,  0., -0.,  0., -0.,  0., -0.,  0.,  0.,  0.,  0.,
            -0.,  0., -0.,  0., -0., -0., -0.,  0.,  0., -0.,  1.,  0.,  0.,
            -0., -0.,  0.,  0., -0., -0., -0., -0., -0.,  1., -0., -0., -0.,
             1., -0., -0., -0., -0., -0., -1., -0.,  0.,  0., -1.,  0.,  0.,
            -1.,  0., -0., -0., -0.,  0.,  1., -0.,  1.,  0., -0.,  0.,  0.,
             0.,  0.],
           [-0.,  0.,  1., -0., -0.,  1.,  0.,  0., -0., -0.,  0., -0.,  0.,
             0., -0.,  0.,  0.,  0., -1.,  0.,  0.,  0.,  0., -0., -0.,  0.,
            -0., -0.,  0.,  0., -0., -0.,  0., -0., -0., -0.,  2., -0., -0.,
             0.,  0.,  0.,  0.,  0., -0.,  1.,  1., -0., -0., -1.,  0., -1.,
             0.,  0., -0.,  1., -0.,  0., -0.,  0., -0., -0.,  0., -0.,  0.,
            -0.,  0.,  0.,  1., -1., -1., -0.,  0.,  0., -0., -0., -0., -1.,
             1., -0.],
           [ 0.,  0., -0., -0., -0., -1., -1., -0.,  0., -0.,  0., -0., -0.,
             0., -0., -0., -0., -0.,  1.,  0., -0., -0., -0., -0., -0., -1.,
             0., -1.,  0.,  0., -0.,  0.,  0., -0., -0., -0.,  0.,  0.,  0.,
            -0.,  0.,  0.,  0.,  0., -0., -0., -1.,  0., -0.,  1., -0., -0.,
            -0., -0., -0., -1.,  0.,  0.,  0., -0.,  0.,  0.,  0., -0.,  0.,
            -0.,  0., -0.,  0.,  0.,  1., -0.,  0., -2.,  0.,  0.,  0., -0.,
             0.,  0.],
           [ 0.,  1.,  1., -0., -0.,  0., -0.,  0., -0., -0.,  0.,  0., -0.,
             0.,  0., -0., -0., -0., -0., -0., -0.,  1., -0., -0.,  0., -0.,
            -0.,  0.,  0.,  1.,  0.,  0.,  0.,  1., -0.,  0., -1., -0.,  0.,
            -0., -0., -0.,  0., -0., -0.,  1.,  1., -0., -0., -0., -0., -1.,
            -0.,  0.,  0.,  0.,  0., -1., -0., -0.,  0., -0.,  0.,  0., -0.,
             0.,  0.,  0.,  0., -1., -1.,  1., -0., -1.,  0., -0.,  0.,  0.,
             1., -0.],
           [ 0., -0., -1., -1.,  0., -0., -0., -0., -0.,  0., -0.,  0.,  1.,
            -0.,  0., -0.,  0.,  0., -0., -1.,  0., -0., -1., -0.,  0.,  0.,
            -0.,  0., -0., -0., -0., -0.,  0.,  0., -1., -0., -0.,  0.,  1.,
             0., -0.,  0., -0., -0.,  0., -1., -1., -0., -0.,  0.,  0.,  1.,
             0.,  0.,  0., -0., -0., -0.,  0., -0., -0.,  1.,  0.,  0.,  0.,
             0., -0., -0.,  0.,  1.,  1.,  0., -0.,  0., -0.,  0.,  0.,  0.,
            -0., -1.],
           [-0.,  0.,  0.,  0.,  0.,  0.,  0.,  0., -0.,  0.,  0., -1.,  0.,
             0., -0.,  0.,  0., -0., -0., -0., -0., -0., -0.,  0., -0.,  1.,
            -0., -0., -0., -0.,  0., -0., -0.,  0., -0., -0., -1., -0., -0.,
             0., -0.,  0.,  0., -0.,  0.,  0.,  0., -0., -0.,  0., -0.,  0.,
            -0., -0.,  0.,  0., -1., -0.,  0., -0.,  0.,  0., -0.,  0., -0.,
            -0., -0., -1., -1., -0., -0., -0.,  1.,  1., -0.,  0., -0.,  0.,
            -0.,  0.],
           [-0., -0., -0.,  0., -0.,  0., -0.,  0.,  0.,  0.,  0.,  1., -0.,
             0.,  0., -0., -0., -0., -0.,  0., -0.,  0., -0.,  0.,  0., -0.,
            -0.,  1., -0., -0.,  0., -0., -0.,  0.,  0.,  0., -0., -0., -0.,
            -0., -0., -0.,  0., -0.,  0.,  0.,  1.,  0., -0., -0.,  0.,  0.,
             0.,  0., -0.,  0.,  0., -0., -0.,  0., -0., -0., -0.,  0.,  0.,
            -0., -0., -0.,  0., -0., -1.,  1., -0.,  0., -0., -0., -0.,  0.,
             0.,  0.],
           [ 0.,  0., -0., -0., -0., -0.,  0., -0., -0., -0.,  0.,  0., -0.,
             0.,  0., -0.,  0., -0.,  0.,  0., -0., -0.,  0.,  0., -0., -0.,
             0., -0.,  0., -0.,  0., -0., -0., -0., -1., -0., -0., -0.,  0.,
             0.,  1., -0.,  0., -0., -0.,  0.,  0.,  1., -0.,  0.,  0., -0.,
            -1.,  0.,  0., -0., -0.,  0., -0., -0., -0., -0.,  1.,  0.,  0.,
            -0., -0.,  0., -0.,  0., -0., -0., -0., -1.,  0., -0., -0.,  0.,
            -0., -0.],
           [ 0., -0., -1., -0., -0., -1.,  0.,  1.,  0., -0.,  0., -0.,  0.,
             0., -0., -1., -0.,  0.,  1., -0., -0.,  0.,  0., -0., -0.,  0.,
            -0.,  0., -0., -0., -0., -0.,  0., -0.,  0., -0., -1.,  0.,  0.,
             0., -0., -0.,  0., -0., -0., -0., -1., -0., -0.,  1., -0., -0.,
            -0., -0., -0., -1.,  0., -0., -0., -0.,  0., -0., -0., -0.,  0.,
            -0., -0., -0., -1., -0., -0., -0., -0., -0., -0.,  0.,  0.,  1.,
            -1., -0.],
           [ 0.,  0.,  1.,  0., -1.,  0.,  0., -0., -0., -0.,  0., -0., -0.,
            -0.,  0.,  1., -0., -0.,  0.,  0.,  0., -0., -0.,  0.,  0., -0.,
             0.,  0.,  0.,  0.,  0., -0.,  0., -0.,  0.,  0.,  0.,  0.,  0.,
             0., -0., -0., -0.,  0., -0., -0.,  1.,  0., -0.,  0., -0., -0.,
            -0., -0.,  0.,  0., -0., -0., -0., -0., -0.,  0., -0.,  0.,  0.,
            -0., -0., -0.,  0.,  0., -0., -0.,  0.,  1.,  0., -0.,  0., -0.,
             0.,  0.],
           [ 0., -0., -1., -0.,  0.,  0., -0., -0., -0., -1.,  0., -0.,  0.,
             0., -0., -1.,  0., -0.,  0., -0., -0.,  0., -0.,  0., -0., -0.,
             0., -0.,  0., -1.,  1.,  0.,  0., -0., -1., -0.,  0., -0.,  0.,
            -0.,  0., -0., -0.,  0., -0., -0., -1., -0.,  0., -0.,  0.,  0.,
            -0.,  0., -0.,  0., -0.,  1.,  0.,  0.,  0., -0.,  0.,  0.,  0.,
            -0., -0.,  0.,  0., -0., -0.,  0., -0.,  1.,  0.,  0.,  0.,  0.,
            -1., -0.],
           [-0., -0.,  1., -0., -0.,  0.,  0.,  0.,  0., -0., -0.,  0., -0.,
            -0.,  0.,  1.,  0.,  0.,  0.,  0., -0.,  0.,  1., -0.,  0., -0.,
             0.,  0.,  0., -0.,  0., -0., -0.,  0.,  1.,  0.,  0., -0., -0.,
            -0.,  0., -0.,  0.,  0.,  0., -0.,  1.,  0., -0.,  0., -0.,  0.,
             0.,  0.,  0.,  0., -0.,  0.,  0., -0., -0.,  0.,  0., -0., -0.,
             0., -0., -0.,  0.,  0., -0.,  0., -0.,  0., -0.,  0.,  0., -0.,
            -0., -0.],
           [ 0.,  0.,  0.,  0., -0., -0.,  0., -0.,  0.,  0.,  0.,  0.,  0.,
            -0.,  0.,  0., -0., -0., -0., -0.,  0., -0.,  1., -0.,  0., -1.,
            -0.,  0.,  0., -0., -0., -0., -0., -0.,  0.,  0., -0.,  0.,  1.,
            -0.,  0.,  0., -0., -0., -0.,  0.,  0.,  0., -0., -0., -0.,  0.,
            -0., -0.,  0.,  0., -0., -0.,  0., -1., -0.,  0.,  0., -0.,  0.,
            -0.,  0.,  0., -0., -0., -0.,  0., -1., -1., -0.,  0.,  0., -0.,
            -1.,  0.],
           [ 0., -0., -1.,  1.,  1.,  1.,  1., -1., -0., -0.,  0., -0., -0.,
            -0., -0., -1., -0.,  0., -1.,  0.,  0., -0., -1.,  0., -0.,  1.,
            -0.,  0., -0., -0., -0., -0.,  0.,  0., -1.,  0.,  1., -0., -1.,
            -0., -0.,  0.,  0., -0.,  0.,  0., -1.,  0.,  0., -1., -0.,  0.,
             0., -1.,  0.,  1.,  1.,  0., -0.,  1., -0.,  0.,  0.,  0.,  0.,
             0., -0., -0.,  1., -0., -0.,  0.,  1.,  1., -0.,  0.,  0., -1.,
             1., -0.],
           [ 0., -0.,  0.,  0., -0., -0., -0., -0.,  1.,  0., -0., -0., -0.,
            -0., -0.,  0.,  0., -0., -0., -0.,  0., -1., -0.,  0., -0.,  0.,
             1.,  0.,  0., -0., -0.,  0., -0., -1., -0.,  0.,  0.,  0., -0.,
             1.,  0.,  0.,  0.,  0.,  0., -0.,  0.,  0., -1., -0.,  0., -0.,
            -1.,  0.,  0., -0., -0., -0.,  1.,  0.,  0., -0.,  1., -1., -0.,
             1., -0., -0.,  0.,  0., -0., -1.,  0., -1., -1.,  0.,  0., -0.,
            -0., -0.],
           [-0.,  0., -1.,  0., -0., -1.,  0., -0., -0., -0., -0.,  0., -0.,
             0., -0., -0.,  0., -0.,  1., -0., -0., -1., -0.,  0., -0., -0.,
             1.,  0., -0., -0., -0.,  0.,  0.,  0.,  0., -1., -1., -0., -0.,
            -0., -0.,  0.,  0.,  0., -0.,  0., -1., -0., -0.,  1.,  0.,  1.,
            -0.,  0.,  0., -1.,  0., -0.,  0.,  0., -0.,  0.,  0., -1., -0.,
            -0., -1.,  0., -1.,  0.,  0.,  0., -0., -0.,  0.,  0., -0.,  1.,
            -1., -0.],
           [ 1.,  0., -1.,  0.,  0., -0.,  0., -0.,  0., -0.,  0., -0.,  0.,
            -1., -0., -0.,  0.,  0., -0., -0., -0.,  0.,  0.,  0.,  0.,  0.,
            -0.,  1.,  0., -1., -0.,  0., -0.,  0.,  0.,  0.,  0., -0.,  0.,
             0.,  0.,  0., -0.,  0.,  0., -1.,  1., -0., -0.,  0.,  0.,  1.,
            -0., -0., -0., -0.,  0., -0.,  0., -0., -0.,  0.,  0.,  1.,  0.,
            -0.,  1., -0., -0.,  0.,  0., -0., -0.,  1., -0., -0., -0.,  0.,
            -1., -0.],
           [-0., -0., -1.,  0.,  0., -0., -0.,  0., -0., -0., -0., -0., -0.,
             0.,  0.,  0., -0.,  0., -0.,  0., -0.,  0.,  0.,  0.,  0., -0.,
             0.,  0.,  0., -1.,  0., -0., -0.,  0.,  0., -0., -0., -0.,  0.,
            -0., -0.,  0., -1., -0.,  0.,  0., -1.,  0.,  0., -0., -0.,  1.,
            -0., -0., -0., -0.,  0.,  1., -0., -0., -0., -0., -0.,  1., -0.,
             0., -1., -0.,  0., -0.,  0.,  0.,  0.,  1.,  0., -0.,  0.,  0.,
            -1., -0.],
           [-0., -0.,  1.,  0., -0.,  0., -0., -0., -0.,  0.,  0.,  0.,  0.,
            -0., -0.,  0.,  0.,  0.,  0., -0.,  0.,  0.,  1.,  0., -0., -0.,
             0.,  0.,  0.,  0.,  1., -0., -0.,  0.,  0.,  0.,  0.,  0., -0.,
             0., -0., -0.,  1., -1., -0.,  0.,  1.,  0., -0.,  0.,  0., -1.,
            -0.,  0., -0.,  0.,  0.,  0., -0., -0.,  0.,  0., -0.,  0.,  0.,
             0.,  1., -0.,  0., -0., -0., -0.,  0.,  0., -0., -0., -0., -0.,
             0., -0.],
           [-0.,  0.,  1.,  0., -0., -0., -0.,  0.,  0., -0.,  0.,  0., -0.,
            -0.,  0., -0., -0.,  0.,  0.,  0.,  0.,  0., -0., -0.,  0., -0.,
            -0., -0.,  0.,  1.,  0.,  1., -0.,  0., -0.,  0.,  0.,  1., -0.,
             0.,  0., -0., -0.,  0.,  0.,  0., -0., -0., -0.,  0., -0., -1.,
            -0., -0., -0., -0., -0., -1., -0.,  0., -0., -1.,  0., -1.,  0.,
            -0., -0.,  0., -0., -0.,  0.,  0., -0., -1., -0., -1.,  1.,  0.,
             1., -0.],
           [ 0.,  1., -0.,  0.,  0., -0.,  0., -0., -0., -0.,  0., -1., -0.,
             0.,  0.,  0., -0.,  0.,  0., -0., -0., -0., -0., -1., -0., -0.,
            -0., -1.,  0.,  0., -0., -0.,  0., -0.,  0., -0.,  0.,  0.,  0.,
            -0., -0.,  0., -1., -0., -0.,  1., -1., -0., -0., -0.,  0., -0.,
             0.,  0., -0.,  0.,  0.,  0.,  0.,  0.,  0., -0., -0.,  0.,  0.,
             0., -1., -0., -0., -0., -0.,  0.,  0.,  0.,  0., -0.,  0., -0.,
             0.,  0.],
           [-0.,  0., -0.,  0.,  0., -0., -0., -0.,  0.,  0.,  0., -0.,  0.,
             0.,  0., -0., -0., -0., -0., -0.,  0.,  0., -0., -0.,  0., -0.,
            -0.,  0., -0.,  0., -0.,  0.,  1., -0., -0., -0., -0., -0., -0.,
             1., -0.,  0., -0., -0., -0.,  0.,  0.,  0.,  0., -0., -0., -0.,
            -1.,  0.,  0.,  0., -0.,  0., -0., -0.,  0.,  0.,  1.,  0., -0.,
            -0.,  0.,  0., -0.,  0.,  0., -0., -0., -1.,  0.,  0., -0., -0.,
            -0.,  0.],
           [-0., -0., -1.,  0.,  0., -1., -0., -0.,  0.,  0.,  1., -0.,  0.,
             0.,  0., -0.,  0., -0.,  1.,  0.,  0.,  0.,  0.,  0.,  0.,  0.,
            -0.,  0., -0., -0., -0., -0.,  1., -0., -0., -1., -1.,  0.,  0.,
            -0.,  0.,  0.,  0.,  0.,  0., -0., -1.,  0.,  0.,  1., -0.,  1.,
             0., -0.,  0., -1.,  0., -0.,  0., -0., -0., -0., -0.,  0.,  0.,
            -1., -0., -0., -1., -0., -0.,  0.,  0., -0.,  0.,  0.,  0.,  1.,
            -1.,  0.],
           [-0.,  0.,  0.,  0.,  0.,  0.,  0., -0., -0., -0.,  0., -0.,  0.,
             0.,  0.,  0.,  0., -0., -0.,  0.,  1.,  0.,  0.,  0., -0.,  0.,
             0.,  0.,  0.,  0.,  0.,  0., -1.,  0.,  0., -0., -0., -0., -0.,
            -0., -0.,  0.,  0.,  0., -0., -0.,  1., -0., -0., -0.,  0.,  0.,
             0.,  0.,  0.,  0., -0., -0., -0.,  0., -0.,  0., -1.,  0., -0.,
             0., -0.,  0., -0., -0., -0., -0., -0.,  1.,  0., -0., -0., -0.,
            -0.,  0.],
           [-1., -0.,  0.,  0., -0.,  0., -0.,  0.,  1.,  0.,  0., -1.,  0.,
            -0.,  0., -0.,  0.,  1., -0., -0.,  1.,  0.,  0.,  1., -0., -0.,
            -0., -1.,  0.,  0.,  0.,  0., -1., -0.,  0.,  0., -0.,  0., -0.,
             1., -0., -1., -0.,  0.,  0., -0., -1., -0., -0., -0., -0., -0.,
             1.,  0.,  0., -0., -0.,  0., -1.,  0., -0.,  0., -1.,  0., -0.,
             0., -0., -0.,  0., -0.,  0., -0., -0.,  1.,  0., -0.,  0.,  0.,
            -0.,  0.],
           [ 0., -0.,  1., -0., -0., -0., -0., -0., -0.,  0., -0.,  0.,  0.,
            -0., -0.,  0., -0., -0.,  0., -0.,  0., -0.,  1., -0., -0.,  0.,
             0., -0.,  0., -0., -0.,  0.,  0., -0., -0.,  0.,  0., -0., -0.,
            -1.,  0.,  0.,  0., -0., -0.,  0.,  1.,  1., -0., -0., -0., -0.,
             0., -0., -0., -0., -0., -0.,  0., -0., -1.,  0., -0.,  0., -0.,
            -0.,  0., -0., -0., -0., -0.,  0., -0., -0.,  0., -0.,  0., -0.,
            -0., -0.],
           [ 1.,  0., -0.,  0., -0.,  0., -0., -0., -1.,  0.,  0.,  1., -0.,
             0.,  0., -0.,  0., -1., -0., -0., -1., -0.,  0., -1.,  0.,  0.,
             0.,  1.,  0.,  0., -0.,  1.,  1., -0.,  0.,  0., -0.,  0., -0.,
            -0., -0.,  1.,  0., -0., -0.,  0., -0., -0.,  0.,  0., -0., -0.,
            -1.,  0.,  1.,  0., -0.,  0.,  1.,  0.,  0., -0.,  1., -0., -1.,
             0.,  0., -0., -0., -0., -0.,  0., -0., -1., -0., -0.,  1.,  0.,
            -0.,  0.],
           [-0., -0., -0., -0.,  0.,  0., -0.,  0., -0.,  0.,  0., -1., -0.,
            -0., -0., -0., -0.,  1., -0.,  0., -0.,  0., -0.,  0., -0.,  0.,
             0., -1., -0.,  0., -0.,  0.,  0., -0., -0., -0., -0.,  0., -0.,
             1., -0., -0., -0.,  0.,  0., -0., -1., -0.,  0.,  0.,  0.,  0.,
             0.,  0.,  0., -0.,  0.,  0., -1.,  0., -0., -0., -0., -0., -0.,
            -0., -0., -0., -0.,  0.,  0.,  0.,  0.,  0.,  0., -0.,  0.,  0.,
            -0., -0.]], dtype=np.float32), np.array([[ 0., -0., -0.,  0., -0.,  0.,  0., -0., -1., -0., -0., -0., -0.,
             0.,  0.,  0., -0.,  1., -0.,  0.,  0.,  0.,  0.,  0.,  0., -0.,
             0., -0., -0.,  0.,  0., -0., -0.,  0., -0.,  0., -0.,  0.,  0.,
            -1.,  0., -1.,  0., -0.,  0.,  0.,  0.,  1., -0., -0., -0., -0.,
             1.,  0.,  1., -0.,  0., -0.,  1.,  0., -1.,  0.,  0., -0., -1.,
            -0.,  0., -0.,  0.,  0.,  0., -0., -0., -0.,  0., -0., -0.,  0.,
            -0., -0.],
           [-0.,  0.,  0.,  0., -0., -0., -0., -0.,  0., -0., -1.,  0., -0.,
            -0., -0., -0., -0., -0.,  0., -0.,  1.,  0.,  0., -0., -0., -0.,
            -1., -0., -0., -0., -0., -0., -1., -0.,  0.,  1., -0.,  0.,  0.,
            -0., -1., -0., -0., -0.,  1.,  0.,  0.,  0., -0.,  0.,  0., -0.,
             0.,  0., -0.,  0., -0.,  0.,  0., -0., -0., -0.,  1., -0.,  0.,
            -1., -0.,  0., -0.,  0.,  0., -0.,  0.,  0., -0., -0.,  0., -0.,
             0.,  0.],
           [ 0.,  0., -0.,  0., -0., -0.,  0., -0., -1.,  0., -0., -0., -0.,
             0.,  0.,  0.,  1., -0., -0., -0.,  0.,  0., -0., -0.,  0., -0.,
            -0.,  0., -0.,  0., -0.,  0., -0., -0., -0.,  0.,  0., -0., -0.,
             0.,  1., -1.,  0., -0.,  0.,  0., -0.,  0.,  1., -0., -0., -0.,
             1., -0.,  0.,  0.,  0.,  0., -0.,  0.,  0., -0.,  0., -0.,  0.,
             0.,  0., -0.,  0., -0.,  0.,  0., -0.,  0., -1.,  0.,  0., -0.,
             0., -0.],
           [ 0.,  1., -0., -0., -0.,  0., -0., -0., -0., -0.,  1., -0.,  1.,
            -1.,  0.,  0.,  0., -0.,  0., -1.,  0.,  0., -0.,  0.,  0., -0.,
             0., -0., -0., -0., -1.,  0.,  0.,  0.,  0.,  0.,  0., -1., -1.,
            -0.,  0.,  0.,  1., -0.,  0., -1., -0., -0.,  0.,  0., -0.,  1.,
            -0.,  0., -0.,  0.,  0.,  1., -0.,  1.,  0.,  0., -0., -0., -0.,
             0., -1.,  0., -0.,  0.,  0.,  0., -0.,  0., -0.,  1.,  0.,  0.,
             1.,  0.],
           [-0., -0.,  0.,  0.,  0., -1., -1., -1., -0., -0.,  1., -0., -0.,
             0., -0., -0., -0.,  0.,  0.,  0.,  0., -0.,  0.,  0., -0.,  0.,
            -0.,  0.,  0., -0.,  0.,  0.,  0., -0.,  0., -1.,  0.,  0.,  0.,
             0.,  0., -0.,  0., -0.,  0.,  0., -0.,  0., -0.,  0., -0., -0.,
            -0.,  1., -0., -1.,  0., -0.,  0.,  0.,  0., -0., -0., -0., -0.,
             0.,  0., -0., -0.,  0., -0.,  0.,  0., -0.,  0., -0.,  0.,  1.,
             0.,  0.],
           [-0., -0.,  0.,  0.,  0., -0.,  0.,  1., -0.,  0., -0.,  0., -0.,
             0.,  0., -0.,  0.,  0.,  0., -0., -0., -1., -0.,  0.,  0.,  0.,
            -0.,  0., -0., -0.,  0., -0.,  0.,  1., -0., -0., -1., -0., -0.,
             0., -0., -0., -0.,  0., -0., -0.,  0., -0., -1.,  0., -0., -0.,
            -0., -1.,  0., -0., -1., -0., -0.,  0.,  0.,  0., -0., -0., -0.,
             1.,  0.,  0.,  1.,  0.,  0.,  0.,  0., -0., -0., -0., -0., -1.,
             0., -0.],
           [-1., -0.,  1.,  1.,  0.,  0.,  0., -0., -0.,  0.,  0., -1.,  1.,
             0., -0.,  0., -0.,  0., -0.,  0.,  1.,  0.,  1., -0., -0.,  0.,
            -0.,  1., -0., -0.,  0., -1., -0., -0., -0.,  0.,  0.,  0., -0.,
             0.,  0.,  1., -0.,  0.,  0.,  0.,  1., -0., -0., -0.,  0., -0.,
            -0.,  0.,  0., -0., -1., -0., -0.,  0.,  0., -0., -0., -0., -0.,
            -0., -0.,  1.,  0.,  0., -0., -0.,  0., -0., -0., -0., -1.,  0.,
             1., -1.],
           [-1.,  0.,  0.,  0.,  1., -0., -1., -0., -0., -0., -0.,  0., -0.,
             1.,  0., -0., -0.,  0.,  0., -0.,  1.,  0.,  0.,  0.,  1.,  0.,
             0.,  0.,  0.,  0.,  0.,  0.,  0.,  0.,  0., -0., -0., -0.,  0.,
            -0.,  0.,  1.,  0., -0.,  0., -0.,  0.,  0., -0., -1., -0., -0.,
            -0.,  1., -0., -1.,  0., -0.,  0., -0., -0.,  0., -0.,  0., -0.,
             0., -0.,  0., -0., -0., -0., -0., -0., -0., -0.,  0.,  0.,  1.,
            -0.,  0.],
           [-0.,  0.,  0.,  0., -1.,  0.,  1.,  0., -0.,  0., -0., -0., -0.,
            -0.,  0.,  0.,  0., -0., -0.,  0.,  0.,  0., -0.,  0.,  0.,  1.,
            -0., -0.,  0., -1., -0., -0., -0., -0.,  0.,  0., -0.,  0.,  0.,
            -0., -0., -0.,  0.,  0.,  0.,  0.,  0.,  0.,  0., -0.,  0., -0.,
             1., -1.,  0., -0., -0.,  1.,  0., -0., -0., -0.,  1.,  0.,  0.,
            -0., -0.,  0., -0., -0.,  0., -0.,  1., -1.,  0.,  0.,  0., -0.,
            -0., -0.],
           [ 0., -1.,  0.,  0., -0.,  0., -0., -0., -0.,  0.,  0.,  0.,  0.,
             0.,  0., -0., -0., -0.,  0.,  0., -0.,  0.,  0.,  1.,  0., -0.,
             0.,  0.,  0.,  0.,  1., -1., -0.,  0., -0., -0.,  0., -0., -0.,
             0.,  0., -1., -1., -1., -0.,  0., -0., -0.,  0.,  0., -0., -0.,
             0.,  0.,  0.,  0., -0., -1., -0., -0.,  0., -0.,  0.,  0.,  1.,
             0.,  0., -0., -0.,  0., -0., -0.,  0.,  0., -0., -1., -0., -0.,
            -0.,  0.],
           [ 1.,  0., -0.,  0.,  0.,  0., -0.,  0.,  0.,  1., -0., -0., -0.,
            -1.,  1.,  0.,  0., -0., -0., -0.,  0., -1., -0.,  0.,  0., -0.,
            -1.,  0., -1.,  1., -0.,  0., -0., -0., -0.,  0.,  0., -1., -0.,
             0.,  0., -1.,  0.,  0., -0.,  0.,  0.,  0.,  0., -0.,  0.,  0.,
             0., -0., -0.,  0., -0.,  0., -0.,  0.,  0.,  0., -0., -1.,  1.,
            -0., -0.,  0.,  0., -0., -0., -0., -0.,  0., -0.,  0.,  1.,  0.,
            -0.,  0.],
           [-0.,  0., -0.,  0., -0.,  0., -0.,  0., -1., -1.,  0., -0., -0.,
             0.,  0., -0., -1., -0.,  0., -0., -0., -0., -0.,  0.,  0.,  0.,
             0., -0., -0.,  0., -0., -1.,  0.,  1., -0.,  0., -0.,  0., -0.,
            -0.,  0., -1.,  0., -0.,  0., -0., -0.,  0.,  0., -0.,  1.,  0.,
             0.,  0.,  1., -0.,  0., -1., -0.,  0., -0., -0.,  0., -0., -0.,
            -0.,  0., -0.,  0., -0.,  0.,  0.,  0., -0., -1., -1., -0., -0.,
             0., -0.],
           [-0., -0.,  0.,  0.,  0., -0., -0.,  0.,  0.,  0., -0., -0.,  1.,
             0.,  0., -0.,  0., -0., -0., -1., -0.,  0., -1.,  0.,  0., -0.,
             0.,  0., -0., -0.,  0.,  0.,  0.,  0., -0., -0., -0., -0., -1.,
             0., -0., -0.,  0., -1., -0., -0.,  0., -0., -0., -0.,  0.,  0.,
            -0., -0.,  0.,  0., -0., -0.,  0.,  1., -1., -0., -0., -0.,  0.,
             0., -0., -0.,  0.,  0., -0., -0.,  0., -0.,  0.,  0., -0.,  0.,
             0.,  0.],
           [-0., -0.,  1.,  0., -1., -1., -1., -1., -0.,  1., -0., -0., -0.,
            -0.,  0., -1., -0., -0., -0.,  0., -0., -1., -0., -0., -1., -0.,
            -1., -0., -1.,  1., -0., -0.,  0., -0., -0., -1., -0.,  0.,  0.,
             0., -0., -0., -0.,  0., -0.,  0.,  0.,  0., -0., -0., -0., -1.,
            -0.,  1.,  0., -1.,  0., -0., -0., -0., -1.,  0., -0., -1.,  0.,
            -0.,  0., -0., -0.,  1.,  0.,  0.,  0.,  0.,  0.,  0., -0.,  1.,
            -0.,  0.],
           [ 0., -0.,  0., -1.,  0., -0., -0., -0., -0., -1.,  0.,  0., -0.,
            -0.,  0., -0., -0.,  0., -0.,  0., -0., -0., -1.,  0.,  0., -0.,
             0., -0.,  0.,  0., -1., -0.,  0.,  0., -1.,  0.,  0., -0., -1.,
            -0.,  1., -0.,  0., -0.,  0., -0., -0., -1., -0.,  0., -0., -0.,
            -0., -1.,  0.,  0., -0.,  0.,  0.,  1., -0., -0., -0., -0.,  0.,
             0., -0.,  0.,  0., -0., -0., -0.,  0.,  0., -0.,  0.,  0., -0.,
             0.,  0.],
           [-0.,  0.,  0.,  1.,  0.,  0., -0.,  0.,  0.,  0.,  0.,  0.,  1.,
            -0., -0.,  0., -0.,  0.,  0.,  1.,  0., -0., -0.,  0., -0.,  0.,
            -0.,  0.,  0., -0., -0., -1.,  0.,  0.,  0.,  0.,  0.,  0.,  1.,
            -0., -0.,  0.,  0., -0.,  0.,  0., -0., -0., -0.,  0., -0., -0.,
            -0.,  0., -0.,  0., -1.,  0.,  0., -1., -0.,  1., -0., -0.,  1.,
             0., -0.,  1.,  0., -0., -0., -0.,  0., -0.,  0., -0., -0., -0.,
            -0., -1.],
           [ 0., -0.,  0.,  0., -0., -1., -1., -0., -0.,  0.,  0.,  0.,  0.,
             0.,  1., -0.,  0.,  0., -1., -0., -0., -0.,  0.,  0.,  1.,  1.,
            -0., -0., -1.,  0., -0., -0.,  0., -0.,  0.,  0., -0., -1., -0.,
            -0.,  0., -0.,  0., -0.,  0.,  0., -0.,  0.,  0., -1., -0., -0.,
             0.,  1.,  0., -1., -0.,  0., -0.,  1., -0.,  0., -0., -0.,  1.,
            -0.,  0.,  0.,  1., -0., -0.,  0.,  0.,  0., -0.,  0.,  1.,  1.,
            -0., -0.],
           [-0., -0.,  0., -0., -0., -0., -0., -0.,  0., -0.,  0., -0., -0.,
            -0., -0., -0., -1., -0., -0., -0.,  0.,  0.,  0., -0., -0.,  0.,
             0., -0.,  0., -0.,  0., -1., -0., -0.,  0., -0., -0.,  0.,  0.,
             0., -0., -0.,  0., -0.,  0., -0.,  0.,  0.,  0.,  0.,  1.,  0.,
             0., -1.,  1.,  0., -1.,  0., -0., -1.,  0.,  0.,  0.,  0.,  0.,
             0., -0.,  0.,  0., -0.,  0.,  0.,  1., -0.,  0., -1., -0., -0.,
            -0.,  0.],
           [-0., -0.,  0.,  1.,  0., -0.,  0.,  0., -0.,  0.,  0., -1.,  1.,
            -0.,  0.,  0.,  0., -1., -0.,  0., -0.,  0.,  0., -1., -0., -0.,
             0.,  0., -0.,  0.,  0.,  0.,  0.,  0., -0., -0.,  0., -0., -0.,
            -0., -0.,  1.,  0., -0.,  0., -0.,  0.,  0.,  0., -0., -0.,  0.,
             0.,  0., -0.,  0., -1.,  0., -0.,  0., -0.,  0.,  0., -0.,  0.,
             0.,  0.,  1., -0., -0., -0.,  0.,  0., -0.,  0.,  0.,  0., -0.,
             0., -1.],
           [-1.,  0., -0., -0.,  0.,  0., -1.,  0.,  0.,  0., -0., -0., -0.,
             1.,  0.,  0., -0., -1., -0.,  0.,  0.,  0.,  0.,  0.,  0.,  0.,
            -0., -1.,  0., -0.,  0.,  0., -0.,  0.,  0., -0., -0.,  0., -0.,
             0.,  0.,  1.,  0., -0.,  0., -1.,  0., -0.,  0., -1., -0.,  0.,
             0.,  1., -0., -1., -0., -0.,  0.,  0.,  0., -0., -0.,  0.,  0.,
            -0.,  0., -0.,  0.,  1.,  1., -0.,  0.,  0.,  0., -0., -0.,  1.,
             0.,  0.],
           [-0., -1., -0.,  0., -0.,  0., -0.,  0.,  1.,  0., -0., -1.,  0.,
             0., -0., -0., -0., -0.,  0.,  0.,  0.,  0., -0., -0., -0., -0.,
             0.,  0., -0.,  0.,  0., -0.,  0., -1.,  0.,  0., -0.,  0., -0.,
            -0.,  0.,  1., -0., -0.,  0.,  0.,  0., -0., -1., -0.,  0.,  0.,
            -0., -1., -0.,  0., -1., -0.,  1.,  0., -0., -0., -0.,  0.,  0.,
             0.,  0.,  1., -0.,  0.,  0., -1., -0.,  0.,  1., -0., -0., -0.,
            -0., -0.]], dtype=np.float32))
    

    
def decomposition_444():
    return (np.array([[ 0.5+0.5j,  0.5+0.5j,  0. +0.j ,  0. -0.5j,  0.5+0.5j,  0. +0.j ,
             0. +0.5j,  0.5+0.5j,  0. -0.5j, -0.5+0.5j, -0.5+0.5j,  0.5+0.j ,
             0. +0.j , -0. +0.j ,  0. +0.5j,  0. +0.j , -0.5+0.j ,  0.5+0.5j,
             0. +0.5j,  0. -0.j ,  0. +0.j ,  0. +0.5j, -0.5-0.5j, -0. +0.j ,
            -0.5+0.j ,  0. +0.j ,  0. +0.j ,  0. -0.5j, -0.5+0.5j,  0.5+0.5j,
            -0. +0.j ,  0.5+0.j , -0. +0.j ,  0.5+0.j ,  0. -0.5j,  0. +0.j ,
            -0. +0.j ,  0.5+0.j ,  0. +0.j , -0.5+0.j , -0.5-0.5j,  0.5-0.5j,
             0.5+0.5j,  0. +0.5j,  0. -0.j , -0.5+0.5j,  0.5-0.5j,  0.5+0.j ],
           [ 0.5+0.5j,  0. +0.j , -0.5+0.j , -0.5+0.j , -0.5-0.5j,  0. +0.j ,
             0. +0.j , -0.5-0.5j,  0. -0.5j,  0. -0.j ,  0.5-0.5j,  0.5+0.j ,
             0.5+0.5j,  0.5-0.5j, -0.5+0.j ,  0. +0.j , -0. +0.5j,  0.5+0.5j,
            -0. +0.5j,  0. +0.j ,  0.5+0.5j,  0. -0.5j,  0. +0.j ,  0. +0.j ,
             0.5+0.j , -0. +0.j ,  0.5+0.5j,  0. -0.5j, -0.5+0.5j, -0. +0.j ,
             0.5+0.5j, -0.5+0.j ,  0. +0.j , -0. +0.5j,  0. +0.5j, -0. +0.j ,
            -0.5-0.5j,  0. -0.5j,  0.5-0.5j,  0. -0.5j, -0.5-0.5j,  0. -0.j ,
             0. -0.j ,  0.5+0.j ,  0. +0.j ,  0.5-0.5j,  0. +0.j , -0. +0.5j],
           [ 0. +0.j ,  0. +0.j ,  0.5+0.j ,  0.5+0.j ,  0. +0.j ,  0.5-0.5j,
             0. +0.j ,  0. +0.j , -0.5-0.j ,  0. +0.j ,  0. -0.j ,  0. -0.5j,
            -0.5-0.5j, -0.5+0.5j,  0.5+0.j , -0.5+0.5j,  0. +0.5j,  0. +0.j ,
            -0.5+0.j ,  0.5-0.5j, -0.5-0.5j, -0.5-0.j ,  0. -0.j , -0.5-0.5j,
             0. -0.5j,  0.5-0.5j,  0.5+0.5j,  0.5+0.j ,  0. -0.j ,  0. +0.j ,
             0.5+0.5j,  0. -0.5j,  0.5+0.5j,  0. -0.5j, -0.5+0.j ,  0.5-0.5j,
            -0.5-0.5j,  0. -0.5j,  0.5-0.5j,  0. -0.5j,  0. +0.j ,  0. +0.j ,
            -0. +0.j , -0.5-0.j ,  0.5-0.5j,  0. -0.j ,  0. +0.j , -0. +0.5j],
           [ 0. +0.j , -0.5+0.5j,  0. +0.j , -0.5-0.j ,  0. -0.j , -0.5-0.5j,
             0.5+0.j ,  0. +0.j ,  0. -0.5j, -0.5-0.5j,  0. +0.j , -0.5+0.j ,
             0. +0.j , -0. +0.j , -0.5+0.j ,  0.5+0.5j,  0. -0.5j,  0. +0.j ,
            -0. +0.5j,  0.5+0.5j,  0. +0.j ,  0. -0.5j, -0.5+0.5j,  0.5-0.5j,
            -0.5-0.j ,  0.5+0.5j,  0. +0.j , -0. +0.5j,  0. +0.j ,  0.5-0.5j,
             0. -0.j ,  0.5+0.j ,  0.5-0.5j,  0. -0.5j,  0. +0.5j,  0.5+0.5j,
             0. +0.j ,  0. -0.5j,  0. +0.j ,  0. -0.5j,  0. +0.j , -0.5-0.5j,
            -0.5+0.5j, -0.5-0.j , -0.5-0.5j,  0. +0.j ,  0.5+0.5j,  0. -0.5j],
           [ 0.5-0.5j,  0.5+0.5j, -0. +0.j , -0. +0.5j, -0.5+0.5j,  0. +0.j ,
            -0.5+0.j , -0.5-0.5j,  0.5+0.j ,  0.5+0.5j, -0.5+0.5j, -0.5-0.j ,
            -0. +0.j ,  0. -0.j ,  0.5+0.j ,  0. -0.j , -0.5-0.j ,  0.5+0.5j,
            -0. +0.5j,  0. -0.j ,  0. +0.j ,  0. -0.5j,  0.5-0.5j,  0. -0.j ,
             0. -0.5j,  0. +0.j ,  0. +0.j , -0.5+0.j , -0.5-0.5j, -0.5-0.5j,
            -0. +0.j ,  0.5+0.j ,  0. -0.j , -0.5+0.j , -0.5-0.j ,  0. -0.j ,
            -0. +0.j , -0. +0.5j, -0. +0.j , -0.5+0.j ,  0.5+0.5j, -0.5+0.5j,
             0.5-0.5j,  0.5+0.j , -0. +0.j ,  0.5+0.5j,  0.5-0.5j, -0. +0.5j],
           [ 0.5-0.5j, -0. +0.j ,  0. -0.5j, -0.5+0.j ,  0.5-0.5j,  0. +0.j ,
             0. -0.j ,  0.5+0.5j,  0.5+0.j ,  0. +0.j ,  0.5-0.5j, -0.5-0.j ,
            -0.5+0.5j,  0.5-0.5j,  0. -0.5j,  0. -0.j ,  0. -0.5j,  0.5+0.5j,
            -0. +0.5j,  0. +0.j ,  0.5+0.5j,  0. +0.5j,  0. +0.j ,  0. -0.j ,
            -0. +0.5j,  0. +0.j , -0.5-0.5j, -0.5+0.j , -0.5-0.5j, -0. +0.j ,
            -0.5-0.5j, -0.5+0.j ,  0. +0.j , -0. +0.5j,  0.5+0.j ,  0. +0.j ,
            -0.5+0.5j, -0.5+0.j , -0.5-0.5j,  0. +0.5j,  0.5+0.5j,  0. -0.j ,
             0. +0.j ,  0. +0.5j,  0. +0.j , -0.5-0.5j,  0. -0.j ,  0.5+0.j ],
           [ 0. -0.j , -0. +0.j , -0. +0.5j,  0.5+0.j ,  0. +0.j ,  0.5-0.5j,
             0. -0.j , -0. +0.j ,  0. -0.5j,  0. -0.j ,  0. -0.j ,  0. +0.5j,
             0.5-0.5j, -0.5+0.5j, -0. +0.5j,  0.5-0.5j,  0. -0.5j,  0. +0.j ,
            -0.5+0.j ,  0.5-0.5j, -0.5-0.5j,  0.5+0.j ,  0. +0.j ,  0.5-0.5j,
             0.5+0.j , -0.5-0.5j, -0.5-0.5j,  0. -0.5j,  0. -0.j ,  0. +0.j ,
            -0.5-0.5j,  0. -0.5j, -0.5+0.5j,  0. -0.5j, -0. +0.5j, -0.5+0.5j,
            -0.5+0.5j, -0.5+0.j , -0.5-0.5j, -0. +0.5j,  0. -0.j ,  0. +0.j ,
             0. -0.j ,  0. -0.5j, -0.5-0.5j, -0. +0.j , -0. +0.j ,  0.5+0.j ],
           [ 0. +0.j , -0.5+0.5j,  0. +0.j ,  0.5+0.j ,  0. +0.j , -0.5-0.5j,
             0. +0.5j,  0. -0.j ,  0.5+0.j , -0.5+0.5j,  0. +0.j ,  0.5+0.j ,
             0. +0.j ,  0. -0.j , -0. +0.5j, -0.5-0.5j,  0. -0.5j,  0. -0.j ,
             0. +0.5j,  0.5+0.5j,  0. -0.j ,  0. +0.5j, -0.5-0.5j,  0.5+0.5j,
             0. -0.5j,  0.5-0.5j,  0. +0.j ,  0.5+0.j ,  0. +0.j , -0.5+0.5j,
             0. +0.j ,  0.5+0.j ,  0.5+0.5j,  0. +0.5j,  0.5+0.j , -0.5-0.5j,
            -0. +0.j ,  0.5+0.j ,  0. +0.j ,  0. -0.5j,  0. +0.j ,  0.5+0.5j,
             0.5+0.5j, -0. +0.5j, -0.5+0.5j,  0. +0.j ,  0.5+0.5j,  0.5+0.j ],
           [ 0.5-0.5j, -0.5-0.5j,  0. -0.j ,  0. -0.5j, -0.5+0.5j,  0. +0.j ,
             0.5+0.j , -0.5-0.5j, -0.5-0.j , -0.5-0.5j,  0.5-0.5j,  0.5+0.j ,
            -0. +0.j , -0. +0.j ,  0.5+0.j , -0. +0.j , -0.5-0.j ,  0.5+0.5j,
            -0. +0.5j,  0. +0.j ,  0. -0.j ,  0. -0.5j,  0.5-0.5j,  0. +0.j ,
             0. -0.5j,  0. +0.j ,  0. +0.j , -0.5-0.j ,  0.5+0.5j,  0.5+0.5j,
             0. +0.j , -0.5+0.j ,  0. -0.j , -0.5-0.j ,  0.5+0.j ,  0. -0.j ,
             0. +0.j , -0. +0.5j,  0. +0.j ,  0.5+0.j , -0.5-0.5j, -0.5+0.5j,
             0.5-0.5j, -0.5-0.j ,  0. -0.j , -0.5-0.5j,  0.5-0.5j,  0. -0.5j],
           [ 0.5-0.5j, -0. +0.j ,  0. +0.5j, -0.5+0.j ,  0.5-0.5j,  0. +0.j ,
             0. +0.j ,  0.5+0.5j, -0.5-0.j ,  0. +0.j , -0.5+0.5j,  0.5+0.j ,
            -0.5+0.5j,  0.5-0.5j, -0. +0.5j,  0. +0.j , -0. +0.5j,  0.5+0.5j,
            -0. +0.5j,  0. -0.j , -0.5-0.5j,  0. +0.5j,  0. +0.j ,  0. +0.j ,
             0. +0.5j,  0. +0.j ,  0.5+0.5j, -0.5-0.j ,  0.5+0.5j, -0. +0.j ,
            -0.5-0.5j,  0.5+0.j ,  0. +0.j ,  0. -0.5j, -0.5-0.j ,  0. +0.j ,
             0.5-0.5j,  0.5+0.j , -0.5-0.5j, -0. +0.5j, -0.5-0.5j,  0. +0.j ,
             0. -0.j , -0. +0.5j, -0. +0.j ,  0.5+0.5j,  0. +0.j ,  0.5+0.j ],
           [ 0. +0.j , -0. +0.j ,  0. -0.5j,  0.5+0.j ,  0. -0.j , -0.5+0.5j,
            -0. +0.j ,  0. +0.j ,  0. -0.5j,  0. +0.j ,  0. -0.j ,  0. +0.5j,
             0.5-0.5j, -0.5+0.5j,  0. -0.5j,  0.5-0.5j, -0. +0.5j, -0. +0.j ,
             0.5+0.j ,  0.5-0.5j,  0.5+0.5j, -0.5+0.j ,  0. +0.j ,  0.5-0.5j,
            -0.5+0.j ,  0.5+0.5j,  0.5+0.5j, -0. +0.5j,  0. +0.j ,  0. +0.j ,
            -0.5-0.5j,  0. -0.5j,  0.5-0.5j,  0. +0.5j,  0. +0.5j,  0.5-0.5j,
             0.5-0.5j,  0.5+0.j , -0.5-0.5j, -0. +0.5j,  0. +0.j ,  0. -0.j ,
             0. -0.j ,  0. -0.5j, -0.5-0.5j, -0. +0.j , -0. +0.j ,  0.5+0.j ],
           [-0. +0.j ,  0.5-0.5j,  0. +0.j , -0.5-0.j , -0. +0.j ,  0.5+0.5j,
             0. -0.5j,  0. +0.j ,  0.5+0.j ,  0.5-0.5j,  0. +0.j ,  0.5+0.j ,
            -0. +0.j , -0. +0.j , -0. +0.5j, -0.5-0.5j,  0. -0.5j,  0. +0.j ,
             0. -0.5j,  0.5+0.5j,  0. -0.j ,  0. -0.5j, -0.5-0.5j,  0.5+0.5j,
             0. +0.5j, -0.5+0.5j,  0. +0.j , -0.5-0.j ,  0. +0.j ,  0.5-0.5j,
             0. +0.j ,  0.5+0.j , -0.5-0.5j,  0. +0.5j,  0.5+0.j ,  0.5+0.5j,
            -0. +0.j ,  0.5+0.j ,  0. -0.j ,  0. +0.5j,  0. +0.j ,  0.5+0.5j,
             0.5+0.5j,  0. -0.5j, -0.5+0.5j,  0. +0.j ,  0.5+0.5j, -0.5+0.j ],
           [ 0.5-0.5j,  0.5-0.5j, -0. +0.j , -0.5-0.j ,  0.5-0.5j, -0. +0.j ,
            -0.5+0.j , -0.5+0.5j,  0.5+0.j , -0.5-0.5j,  0.5+0.5j,  0. -0.5j,
             0. +0.j , -0. +0.j ,  0.5+0.j ,  0. +0.j ,  0. -0.5j, -0.5+0.5j,
            -0.5+0.j , -0. +0.j ,  0. -0.j , -0.5-0.j , -0.5+0.5j,  0. -0.j ,
            -0. +0.5j,  0. +0.j ,  0. +0.j , -0.5+0.j , -0.5-0.5j,  0.5-0.5j,
             0. +0.j ,  0. -0.5j,  0. +0.j ,  0. +0.5j,  0.5+0.j , -0. +0.j ,
             0. +0.j ,  0. -0.5j, -0. +0.j , -0. +0.5j, -0.5+0.5j,  0.5+0.5j,
             0.5-0.5j, -0.5+0.j ,  0. +0.j , -0.5-0.5j,  0.5+0.5j,  0. +0.5j],
           [ 0.5-0.5j, -0. +0.j ,  0. -0.5j,  0. -0.5j, -0.5+0.5j,  0. -0.j ,
             0. -0.j ,  0.5-0.5j,  0.5+0.j ,  0. -0.j , -0.5-0.5j,  0. -0.5j,
             0.5-0.5j,  0.5+0.5j,  0. -0.5j,  0. +0.j ,  0.5+0.j , -0.5+0.5j,
            -0.5+0.j ,  0. +0.j ,  0.5-0.5j,  0.5+0.j , -0. +0.j , -0. +0.j ,
             0. -0.5j,  0. +0.j ,  0.5-0.5j, -0.5+0.j , -0.5-0.5j, -0. +0.j ,
            -0.5+0.5j, -0. +0.5j,  0. -0.j ,  0.5+0.j , -0.5+0.j ,  0. +0.j ,
             0.5-0.5j,  0.5+0.j , -0.5-0.5j,  0.5+0.j , -0.5+0.5j,  0. +0.j ,
             0. +0.j ,  0. -0.5j, -0. +0.j ,  0.5+0.5j,  0. +0.j ,  0.5+0.j ],
           [ 0. +0.j ,  0. +0.j , -0. +0.5j, -0. +0.5j,  0. +0.j , -0.5-0.5j,
             0. -0.j ,  0. -0.j ,  0. +0.5j,  0. +0.j ,  0. +0.j ,  0.5+0.j ,
            -0.5+0.5j, -0.5-0.5j, -0. +0.5j, -0.5-0.5j,  0.5+0.j ,  0. -0.j ,
            -0. +0.5j,  0.5+0.5j, -0.5+0.5j, -0. +0.5j,  0. +0.j , -0.5+0.5j,
             0.5+0.j ,  0.5+0.5j,  0.5-0.5j,  0. +0.5j, -0. +0.j ,  0. +0.j ,
            -0.5+0.5j,  0.5+0.j , -0.5+0.5j, -0.5+0.j ,  0. +0.5j, -0.5-0.5j,
             0.5-0.5j,  0.5+0.j , -0.5-0.5j,  0.5+0.j ,  0. +0.j ,  0. +0.j ,
             0. -0.j , -0. +0.5j, -0.5-0.5j, -0. +0.j ,  0. +0.j ,  0.5+0.j ],
           [-0. +0.j ,  0.5+0.5j,  0. -0.j , -0. +0.5j,  0. +0.j , -0.5+0.5j,
             0. +0.5j,  0. +0.j , -0.5+0.j ,  0.5-0.5j,  0. +0.j ,  0. -0.5j,
            -0. +0.j ,  0. +0.j , -0. +0.5j, -0.5+0.5j,  0.5+0.j ,  0. +0.j ,
             0.5+0.j , -0.5+0.5j, -0. +0.j , -0.5+0.j ,  0.5+0.5j, -0.5-0.5j,
             0. -0.5j, -0.5+0.5j,  0. -0.j , -0.5-0.j ,  0. +0.j , -0.5-0.5j,
            -0. +0.j , -0. +0.5j,  0.5+0.5j,  0.5+0.j ,  0.5+0.j ,  0.5-0.5j,
             0. -0.j , -0.5-0.j ,  0. +0.j , -0.5-0.j ,  0. -0.j ,  0.5-0.5j,
             0.5+0.5j,  0. -0.5j, -0.5+0.5j,  0. +0.j , -0.5+0.5j,  0.5+0.j ]],
          dtype=np.complex64), np.array([[-0.5-0.j , -0. +0.j ,  0. -0.j ,  0. -0.5j, -0.5-0.j ,  0. +0.j ,
             0. +0.j , -0.5-0.j ,  0.5+0.j , -0. +0.j ,  0. -0.j ,  0. -0.5j,
            -0.5+0.j , -0. +0.5j,  0. +0.j , -0. +0.5j,  0. +0.j ,  0. -0.5j,
             0. -0.j ,  0. -0.5j,  0. +0.j , -0. +0.j ,  0. -0.5j, -0.5-0.j ,
             0. -0.j , -0. +0.j ,  0. +0.j , -0. +0.j ,  0. -0.j ,  0. +0.j ,
            -0.5+0.j ,  0.5+0.j ,  0. +0.j , -0. +0.j ,  0. +0.5j,  0. -0.j ,
             0. -0.j , -0. +0.j , -0. +0.5j,  0. -0.5j,  0. +0.j ,  0.5+0.j ,
            -0. +0.5j,  0.5+0.j ,  0. -0.5j,  0. +0.j , -0.5+0.j ,  0.5+0.j ],
           [ 0. +0.j , -0. +0.5j,  0.5+0.5j,  0. -0.j , -0. +0.j ,  0.5+0.j ,
            -0.5-0.5j,  0. -0.j ,  0. +0.j ,  0. +0.5j, -0. +0.5j,  0. -0.j ,
             0. -0.j ,  0. +0.j , -0.5+0.j ,  0. -0.j ,  0.5+0.j ,  0. -0.j ,
             0. -0.5j,  0. +0.j ,  0. -0.5j, -0.5+0.j ,  0. -0.j , -0. +0.j ,
             0. +0.5j,  0. +0.5j,  0.5+0.j , -0. +0.5j,  0.5+0.j ,  0. +0.5j,
             0. -0.j ,  0. -0.j , -0. +0.5j, -0.5-0.j ,  0. +0.j ,  0. -0.5j,
            -0.5-0.j ,  0. +0.5j,  0. +0.j ,  0. +0.j ,  0. +0.5j,  0. +0.j ,
             0. -0.j ,  0. +0.j ,  0. +0.j ,  0. -0.5j,  0. -0.j , -0. +0.j ],
           [ 0. -0.j ,  0. -0.j ,  0. -0.j ,  0. +0.5j,  0.5+0.j , -0. +0.j ,
             0. +0.j ,  0. -0.j , -0.5+0.j ,  0. +0.5j,  0. +0.j ,  0. -0.j ,
             0.5+0.j ,  0. -0.5j,  0. +0.j , -0. +0.j ,  0.5+0.j , -0. +0.5j,
            -0. +0.j ,  0. +0.5j,  0. +0.j , -0.5+0.j , -0. +0.5j,  0.5+0.j ,
             0. +0.j ,  0. +0.5j,  0.5+0.j , -0. +0.5j,  0. -0.j ,  0. +0.5j,
             0. -0.j , -0.5-0.j ,  0. -0.j ,  0. +0.j ,  0. +0.j ,  0. -0.5j,
            -0.5+0.j , -0. +0.5j, -0. +0.j ,  0. -0.j ,  0. +0.5j,  0. +0.j ,
            -0. +0.j , -0.5-0.j ,  0. -0.j ,  0. -0.5j,  0.5+0.j ,  0. +0.j ],
           [ 0. -0.j , -0. +0.5j,  0. -0.j ,  0. +0.j ,  0.5+0.j ,  0.5+0.j ,
             0. +0.j ,  0.5+0.j , -0.5+0.j ,  0. +0.5j,  0. +0.5j, -0. +0.5j,
             0.5+0.j , -0. +0.j ,  0. +0.j ,  0. -0.5j,  0. -0.j ,  0. -0.j ,
             0. -0.5j,  0. +0.j ,  0. -0.5j,  0. +0.j ,  0. +0.5j,  0.5+0.j ,
             0. +0.j ,  0. +0.5j,  0. -0.j ,  0. +0.5j,  0. -0.j ,  0. -0.j ,
             0.5+0.j ,  0. +0.j ,  0. +0.j , -0.5+0.j ,  0. +0.j ,  0. +0.j ,
            -0.5+0.j ,  0. +0.5j,  0. +0.j ,  0. +0.5j,  0. -0.j , -0.5-0.j ,
             0. +0.j , -0.5-0.j ,  0. -0.j ,  0. -0.5j, -0. +0.j ,  0. +0.j ],
           [-0.5-0.j ,  0. +0.j ,  0. +0.j ,  0. +0.j ,  0.5+0.j ,  0. +0.j ,
             0. -0.j ,  0.5+0.j ,  0.5+0.j ,  0. +0.j ,  0. +0.j ,  0. -0.5j,
            -0.5+0.j ,  0. -0.5j, -0.5+0.j , -0. +0.5j,  0.5+0.j ,  0. -0.5j,
             0. +0.j , -0. +0.5j,  0. +0.j ,  0. +0.j ,  0. -0.5j, -0.5-0.j ,
             0. +0.j , -0. +0.j , -0. +0.j , -0. +0.j ,  0. -0.j ,  0. +0.j ,
            -0.5+0.j , -0.5-0.j , -0. +0.j ,  0.5+0.j ,  0. -0.5j, -0. +0.j ,
            -0. +0.j ,  0. -0.5j,  0. -0.5j,  0. +0.j ,  0. -0.j ,  0.5+0.j ,
             0. -0.5j, -0. +0.j , -0. +0.5j,  0. +0.j ,  0.5+0.j ,  0. -0.j ],
           [ 0. +0.j , -0. +0.5j, -0.5-0.5j,  0. -0.5j,  0. +0.j ,  0.5+0.j ,
             0.5+0.5j,  0. +0.j ,  0. +0.j ,  0. +0.5j,  0. -0.5j, -0. +0.j ,
            -0. +0.j ,  0. -0.j ,  0. +0.j , -0. +0.j ,  0. +0.j , -0. +0.j ,
             0. -0.5j,  0. +0.j ,  0. -0.5j,  0.5+0.j ,  0. +0.j , -0. +0.j ,
             0. -0.5j, -0. +0.5j, -0.5-0.j ,  0. +0.5j,  0.5+0.j ,  0. -0.5j,
             0. -0.j ,  0. -0.j ,  0. -0.5j,  0. +0.j ,  0. +0.j ,  0. +0.5j,
            -0.5+0.j ,  0. +0.j ,  0. +0.j , -0. +0.5j,  0. +0.5j,  0. +0.j ,
             0. +0.j , -0.5-0.j ,  0. -0.j , -0. +0.5j, -0. +0.j ,  0.5+0.j ],
           [-0. +0.j ,  0. +0.j ,  0. +0.j ,  0. -0.5j, -0.5+0.j , -0. +0.j ,
             0. -0.j ,  0. +0.j , -0.5+0.j , -0. +0.5j,  0. +0.j ,  0. -0.j ,
             0.5+0.j , -0. +0.5j,  0. -0.j , -0. +0.j , -0.5-0.j , -0. +0.5j,
             0. +0.j ,  0. -0.5j,  0. +0.j ,  0.5+0.j ,  0. +0.5j,  0.5+0.j ,
             0. +0.j ,  0. +0.5j, -0.5-0.j , -0. +0.5j,  0. -0.j ,  0. -0.5j,
            -0. +0.j ,  0.5+0.j ,  0. +0.j ,  0. +0.j ,  0. -0.j ,  0. +0.5j,
            -0.5+0.j , -0. +0.5j,  0. +0.j ,  0. +0.j ,  0. +0.5j,  0. +0.j ,
             0. -0.j , -0.5-0.j , -0. +0.j ,  0. +0.5j, -0.5+0.j , -0. +0.j ],
           [ 0. -0.j ,  0. +0.5j,  0. +0.j , -0. +0.j , -0.5+0.j ,  0.5+0.j ,
             0. -0.j , -0.5-0.j , -0.5+0.j ,  0. +0.5j,  0. -0.5j, -0. +0.5j,
             0.5+0.j ,  0. -0.j , -0. +0.j ,  0. -0.5j,  0. +0.j ,  0. -0.j ,
             0. -0.5j, -0. +0.j ,  0. -0.5j,  0. -0.j ,  0. +0.5j,  0.5+0.j ,
             0. +0.j , -0. +0.5j,  0. +0.j ,  0. +0.5j,  0. -0.j , -0. +0.j ,
             0.5+0.j ,  0. -0.j , -0. +0.j , -0.5+0.j ,  0. +0.j ,  0. -0.j ,
            -0.5+0.j ,  0. +0.5j,  0. +0.j ,  0. +0.5j,  0. -0.j , -0.5+0.j ,
             0. -0.j , -0.5-0.j ,  0. +0.j ,  0. +0.5j,  0. +0.j , -0. +0.j ],
           [ 0.5+0.j ,  0. +0.j ,  0. -0.j , -0. +0.j ,  0.5+0.j ,  0. +0.j ,
             0. -0.j , -0.5-0.j , -0. +0.j ,  0. -0.j ,  0. -0.j , -0. +0.j ,
             0.5+0.j , -0. +0.5j,  0.5+0.j ,  0. -0.5j,  0.5+0.j ,  0. -0.5j,
             0. -0.5j,  0. +0.5j, -0. +0.j , -0.5-0.j ,  0. -0.5j, -0.5+0.j ,
             0. -0.5j,  0. +0.j ,  0. -0.j ,  0. -0.5j,  0. -0.j , -0. +0.j ,
            -0.5+0.j , -0. +0.j , -0. +0.j , -0.5-0.j ,  0. +0.j ,  0. +0.j ,
            -0. +0.j ,  0. -0.5j,  0. -0.5j,  0. +0.j ,  0. -0.j , -0.5-0.j ,
            -0. +0.5j,  0. +0.j ,  0. -0.5j,  0. +0.j ,  0.5+0.j ,  0. -0.j ],
           [ 0. -0.j , -0. +0.5j,  0.5+0.5j,  0. +0.5j,  0. +0.j ,  0.5+0.j ,
             0.5+0.5j, -0. +0.j ,  0.5+0.j ,  0. -0.5j,  0. -0.5j, -0. +0.5j,
             0. +0.j ,  0. +0.j , -0. +0.j ,  0. -0.j ,  0. +0.j , -0. +0.j ,
             0. +0.j ,  0. +0.j , -0. +0.5j,  0. +0.j ,  0. +0.j , -0. +0.j ,
             0. +0.j ,  0. -0.5j, -0.5+0.j ,  0. +0.j ,  0.5+0.j ,  0. +0.5j,
            -0. +0.j , -0.5-0.j ,  0. -0.5j,  0. -0.j , -0. +0.5j,  0. -0.5j,
            -0.5-0.j ,  0. -0.j ,  0. +0.j ,  0. +0.5j,  0. -0.5j,  0. -0.j ,
             0. +0.j ,  0.5+0.j , -0. +0.j ,  0. -0.5j,  0. +0.j ,  0.5+0.j ],
           [ 0. +0.j ,  0. +0.j ,  0. -0.j , -0. +0.5j, -0.5+0.j , -0. +0.j ,
             0. -0.j ,  0. -0.j ,  0. -0.j ,  0. -0.5j, -0. +0.j ,  0. +0.5j,
            -0.5-0.j ,  0. -0.5j,  0. +0.j ,  0. +0.j , -0.5+0.j , -0. +0.5j,
             0. +0.5j,  0. -0.5j,  0. -0.j ,  0. -0.j ,  0. +0.5j,  0.5+0.j ,
            -0. +0.5j,  0. -0.5j, -0.5-0.j ,  0. -0.j , -0. +0.j ,  0. +0.5j,
            -0. +0.j ,  0. +0.j , -0. +0.j ,  0. -0.j , -0. +0.5j,  0. -0.5j,
            -0.5-0.j , -0. +0.5j,  0. +0.j ,  0. -0.j ,  0. -0.5j, -0. +0.j ,
            -0. +0.j ,  0.5+0.j ,  0. -0.j ,  0. -0.5j, -0.5-0.j , -0. +0.j ],
           [ 0. +0.j , -0. +0.5j,  0. -0.j ,  0. +0.j , -0.5-0.j ,  0.5+0.j ,
             0. -0.j ,  0.5+0.j ,  0. -0.j ,  0. -0.5j,  0. -0.5j,  0. +0.j ,
            -0.5+0.j ,  0. +0.j ,  0. +0.j , -0. +0.5j,  0. +0.j ,  0. -0.j ,
             0. -0.j ,  0. +0.j , -0. +0.5j,  0.5+0.j , -0. +0.5j,  0.5+0.j ,
             0. +0.5j,  0. -0.5j,  0. +0.j ,  0. +0.j ,  0. -0.j ,  0. +0.j ,
             0.5+0.j , -0.5-0.j , -0. +0.j ,  0.5+0.j ,  0. +0.5j,  0. +0.j ,
            -0.5-0.j , -0. +0.5j,  0. +0.j ,  0. +0.5j,  0. +0.j ,  0.5+0.j ,
            -0. +0.j ,  0.5+0.j ,  0. +0.j ,  0. -0.5j,  0. +0.j ,  0. -0.j ],
           [ 0. -0.5j,  0. +0.j , -0. +0.j ,  0.5+0.j , -0. +0.5j,  0. -0.j ,
            -0. +0.j , -0. +0.5j, -0. +0.j ,  0. +0.j , -0. +0.j , -0. +0.j ,
             0. +0.5j, -0.5-0.j ,  0. +0.j ,  0.5+0.j ,  0. +0.j ,  0.5+0.j ,
             0.5+0.j ,  0.5+0.j ,  0. +0.j ,  0. +0.5j,  0.5+0.j ,  0. +0.5j,
             0.5+0.j , -0. +0.j ,  0. +0.j , -0.5+0.j , -0. +0.j , -0. +0.j ,
            -0. +0.5j, -0. +0.j , -0. +0.j ,  0. -0.j ,  0. -0.j , -0. +0.j ,
             0. +0.j ,  0. -0.j , -0.5-0.j , -0.5-0.j ,  0. +0.j , -0. +0.5j,
             0.5+0.j ,  0. -0.5j,  0.5+0.j ,  0. +0.j , -0. +0.5j,  0. +0.5j],
           [ 0. +0.j ,  0.5+0.j ,  0.5-0.5j,  0. +0.j ,  0. +0.j , -0. +0.5j,
             0.5-0.5j, -0. +0.j ,  0. -0.5j,  0.5+0.j , -0.5+0.j , -0.5+0.j ,
            -0. +0.j , -0. +0.j , -0. +0.5j,  0. -0.j ,  0. -0.5j,  0. +0.j ,
             0. -0.j ,  0. -0.j ,  0.5+0.j ,  0. -0.j ,  0. +0.j ,  0. +0.j ,
             0. +0.j , -0.5+0.j ,  0. -0.5j,  0. +0.j ,  0. -0.5j, -0.5-0.j ,
             0. +0.j ,  0. +0.5j,  0.5+0.j ,  0. -0.5j, -0.5-0.j , -0.5+0.j ,
             0. -0.5j, -0.5+0.j ,  0. +0.j ,  0. -0.j ,  0.5+0.j ,  0. +0.j ,
             0. -0.j ,  0. -0.j , -0. +0.j ,  0.5+0.j ,  0. +0.j ,  0. -0.j ],
           [ 0. -0.j ,  0. -0.j , -0. +0.j , -0.5-0.j ,  0. -0.5j,  0. +0.j ,
            -0. +0.j , -0. +0.j ,  0. +0.j ,  0.5+0.j ,  0. +0.j , -0.5-0.j ,
             0. -0.5j,  0.5+0.j ,  0. +0.j ,  0. +0.j ,  0. -0.5j, -0.5+0.j ,
            -0.5-0.j , -0.5-0.j ,  0. -0.j , -0. +0.j , -0.5-0.j ,  0. -0.5j,
            -0.5-0.j , -0.5-0.j ,  0. -0.5j,  0. -0.j , -0. +0.j , -0.5+0.j ,
             0. +0.j ,  0. +0.j , -0. +0.j ,  0. +0.j , -0.5+0.j , -0.5+0.j ,
             0. -0.5j, -0.5-0.j ,  0. -0.j , -0. +0.j ,  0.5+0.j , -0. +0.j ,
             0. +0.j , -0. +0.5j,  0. +0.j ,  0.5+0.j ,  0. -0.5j, -0. +0.j ],
           [ 0. +0.j ,  0.5+0.j , -0. +0.j ,  0. +0.j ,  0. -0.5j, -0. +0.5j,
            -0. +0.j ,  0. -0.5j, -0. +0.j ,  0.5+0.j , -0.5+0.j ,  0. +0.j ,
             0. -0.5j, -0. +0.j ,  0. +0.j , -0.5-0.j ,  0. +0.j ,  0. +0.j ,
             0. +0.j ,  0. +0.j ,  0.5+0.j ,  0. -0.5j, -0.5+0.j ,  0. -0.5j,
            -0.5+0.j , -0.5+0.j ,  0. +0.j , -0. +0.j , -0. +0.j ,  0. +0.j ,
             0. -0.5j,  0. +0.5j,  0. -0.j ,  0. -0.5j, -0.5-0.j ,  0. +0.j ,
             0. -0.5j, -0.5-0.j , -0. +0.j ,  0.5+0.j , -0. +0.j ,  0. -0.5j,
             0. +0.j ,  0. +0.5j,  0. +0.j ,  0.5+0.j ,  0. +0.j ,  0. +0.j ]],
          dtype=np.complex64), np.array([[-0. +0.5j,  0. -0.5j,  0. +0.j ,  0. -0.j , -0. +0.j , -0.5+0.j ,
             0. +0.j , -0. +0.j ,  0.5+0.j , -0. +0.5j,  0. +0.j , -0.5+0.5j,
            -0. +0.j , -0. +0.j ,  0.5+0.j ,  0. -0.5j, -0.5-0.5j,  0. +0.5j,
            -0.5-0.5j,  0. +0.j ,  0. +0.j ,  0. +0.j ,  0. -0.j ,  0. +0.j ,
             0. -0.5j,  0. +0.j , -0. +0.5j, -0. +0.5j,  0.5+0.j ,  0. +0.j ,
            -0. +0.5j,  0. +0.j ,  0. -0.5j,  0. -0.j ,  0.5+0.j ,  0. -0.j ,
             0.5+0.j ,  0. -0.5j, -0.5-0.j ,  0.5-0.5j,  0. -0.5j,  0. +0.j ,
            -0.5-0.j , -0.5-0.j , -0.5+0.j ,  0. +0.j ,  0. -0.5j,  0.5+0.j ],
           [-0.5+0.j , -0.5-0.j , -0. +0.j ,  0. +0.j ,  0. +0.j , -0.5-0.j ,
             0. +0.j ,  0. +0.j ,  0. -0.5j,  0. -0.5j,  0. +0.j ,  0.5-0.5j,
             0. +0.j , -0. +0.j ,  0. -0.5j, -0. +0.5j, -0.5+0.5j, -0. +0.5j,
            -0.5-0.5j,  0. +0.j ,  0. +0.j , -0. +0.j , -0. +0.j ,  0. -0.j ,
            -0.5+0.j , -0. +0.j ,  0.5+0.j , -0.5-0.j ,  0. -0.5j,  0. +0.j ,
             0.5+0.j ,  0. +0.j , -0.5+0.j ,  0. +0.j ,  0. +0.5j,  0. +0.j ,
             0.5+0.j , -0.5-0.j , -0.5-0.j , -0.5-0.5j,  0. +0.5j, -0. +0.j ,
             0.5+0.j ,  0. +0.5j,  0. -0.5j,  0. -0.j , -0.5-0.j ,  0. -0.5j],
           [ 0. -0.5j,  0. +0.5j,  0. +0.j ,  0. -0.j ,  0. +0.j ,  0. +0.5j,
            -0. +0.j ,  0. +0.j ,  0. -0.5j,  0.5+0.j , -0. +0.j ,  0.5+0.5j,
            -0. +0.j ,  0. +0.j , -0. +0.5j, -0.5-0.j , -0.5-0.5j,  0.5+0.j ,
            -0.5+0.5j,  0. +0.j ,  0. -0.j ,  0. +0.j , -0. +0.j , -0. +0.j ,
            -0.5-0.j ,  0. -0.j , -0. +0.5j,  0.5+0.j , -0.5+0.j ,  0. +0.j ,
             0. -0.5j, -0. +0.j ,  0. -0.5j,  0. +0.j ,  0. -0.5j,  0. +0.j ,
             0. -0.5j, -0.5+0.j ,  0. -0.5j, -0.5+0.5j, -0.5-0.j ,  0. -0.j ,
             0. -0.5j, -0. +0.5j, -0.5-0.j ,  0. +0.j ,  0. -0.5j,  0. +0.5j],
           [ 0. -0.5j,  0. -0.5j, -0. +0.j ,  0. -0.j ,  0. +0.j ,  0.5+0.j ,
             0. +0.j ,  0. +0.j ,  0. +0.5j, -0. +0.5j,  0. +0.j , -0.5+0.5j,
             0. -0.j , -0. +0.j ,  0. -0.5j,  0. -0.5j,  0.5+0.5j,  0. -0.5j,
             0.5+0.5j,  0. -0.j ,  0. -0.j , -0. +0.j ,  0. +0.j ,  0. +0.j ,
             0.5+0.j , -0. +0.j ,  0. -0.5j,  0.5+0.j ,  0.5+0.j ,  0. -0.j ,
             0. +0.5j,  0. +0.j ,  0. +0.5j,  0. +0.j ,  0. -0.5j, -0. +0.j ,
            -0.5+0.j ,  0.5+0.j , -0.5-0.j ,  0.5-0.5j,  0. -0.5j,  0. +0.j ,
             0.5+0.j ,  0. -0.5j, -0.5-0.j ,  0. +0.j , -0. +0.5j,  0. -0.5j],
           [ 0. -0.5j,  0. -0.j ,  0.5+0.j , -0.5-0.5j,  0. -0.j ,  0.5+0.j ,
             0.5+0.j ,  0. +0.j , -0.5-0.j , -0. +0.j , -0. +0.j ,  0.5-0.5j,
            -0.5+0.j , -0. +0.5j,  0. +0.5j, -0. +0.5j,  0. -0.j ,  0. -0.5j,
             0.5+0.5j, -0. +0.j ,  0.5+0.j , -0. +0.j , -0.5+0.j ,  0. -0.j ,
             0. +0.5j, -0. +0.j , -0. +0.j ,  0. -0.5j, -0.5-0.j ,  0. -0.5j,
            -0. +0.j ,  0. -0.j ,  0. +0.5j, -0.5-0.5j, -0.5+0.j ,  0. +0.j ,
             0. +0.j , -0.5-0.j ,  0. -0.j ,  0. +0.j ,  0. +0.5j, -0. +0.5j,
            -0. +0.j ,  0. -0.5j,  0.5+0.j ,  0. +0.j ,  0. -0.j ,  0. -0.5j],
           [ 0.5+0.j ,  0. -0.j , -0.5-0.j ,  0.5-0.5j,  0. -0.j ,  0.5+0.j ,
             0.5+0.j ,  0. -0.j , -0. +0.5j,  0. +0.j ,  0. -0.j , -0.5+0.5j,
             0.5+0.j , -0.5+0.j , -0.5-0.j ,  0. -0.5j, -0. +0.j ,  0. -0.5j,
             0.5+0.5j,  0. +0.j ,  0. +0.5j,  0. +0.j , -0.5+0.j ,  0. +0.j ,
             0.5+0.j ,  0. +0.j ,  0. +0.j ,  0.5+0.j , -0. +0.5j,  0.5+0.j ,
             0. +0.j ,  0. -0.j ,  0.5+0.j ,  0.5-0.5j,  0. -0.5j,  0. +0.j ,
             0. +0.j ,  0. -0.5j,  0. -0.j ,  0. -0.j ,  0. -0.5j, -0.5-0.j ,
             0. +0.j ,  0.5+0.j ,  0. +0.5j,  0. +0.j ,  0. -0.j ,  0.5+0.j ],
           [ 0. +0.5j,  0. +0.j ,  0. +0.5j, -0.5-0.5j,  0. +0.j ,  0. -0.5j,
            -0. +0.5j,  0. +0.j ,  0. +0.5j,  0. +0.j ,  0. +0.j , -0.5-0.5j,
             0. +0.5j, -0. +0.5j, -0.5+0.j ,  0.5+0.j ,  0. -0.j , -0.5-0.j ,
             0.5-0.5j, -0. +0.j , -0.5+0.j ,  0. -0.j , -0. +0.5j,  0. +0.j ,
             0.5+0.j ,  0. +0.j ,  0. +0.j , -0.5+0.j ,  0.5+0.j ,  0. -0.5j,
             0. +0.j ,  0. +0.j , -0. +0.5j,  0.5+0.5j, -0. +0.5j,  0. -0.j ,
             0. -0.j , -0. +0.5j,  0. +0.j , -0. +0.j ,  0.5+0.j ,  0. -0.5j,
             0. +0.j , -0.5+0.j ,  0.5+0.j ,  0. -0.j ,  0. -0.j ,  0.5+0.j ],
           [-0. +0.5j,  0. +0.j , -0.5-0.j , -0.5-0.5j, -0. +0.j , -0.5+0.j ,
             0.5+0.j ,  0. -0.j ,  0. -0.5j,  0. +0.j ,  0. -0.j ,  0.5-0.5j,
            -0.5+0.j , -0. +0.5j, -0.5-0.j , -0. +0.5j,  0. +0.j , -0. +0.5j,
            -0.5-0.5j,  0. +0.j , -0.5+0.j ,  0. +0.j ,  0.5+0.j , -0. +0.j ,
            -0.5-0.j ,  0. +0.j ,  0. -0.j , -0.5+0.j , -0.5+0.j ,  0. -0.5j,
            -0. +0.j ,  0. -0.j ,  0. -0.5j,  0.5+0.5j, -0. +0.5j,  0. -0.j ,
             0. -0.j ,  0. +0.5j, -0. +0.j ,  0. +0.j , -0. +0.5j,  0. -0.5j,
             0. +0.j , -0.5-0.j ,  0.5+0.j ,  0. -0.j , -0. +0.j ,  0.5+0.j ],
           [ 0. -0.j ,  0. +0.j , -0.5-0.j ,  0.5+0.j ,  0. +0.j , -0.5-0.j ,
             0. +0.j ,  0. +0.j ,  0. -0.5j,  0. -0.j ,  0. -0.j ,  0. +0.5j,
             0.5+0.j ,  0. -0.5j,  0. -0.5j,  0. -0.5j, -0.5+0.j ,  0. -0.j ,
            -0.5+0.j , -0. +0.5j, -0.5-0.j , -0. +0.5j,  0. +0.j , -0.5+0.j ,
             0. -0.5j, -0.5-0.j , -0. +0.5j,  0.5+0.j , -0. +0.j ,  0. -0.j ,
            -0. +0.5j, -0.5-0.j ,  0. -0.5j,  0.5+0.j ,  0.5+0.j ,  0. +0.5j,
             0.5+0.j ,  0. -0.5j, -0.5-0.j ,  0. -0.5j,  0. +0.j ,  0. +0.j ,
             0. +0.j , -0. +0.5j, -0.5-0.j ,  0. +0.j ,  0. +0.j ,  0.5+0.j ],
           [ 0. +0.j ,  0. +0.j ,  0.5+0.j , -0.5-0.j ,  0. -0.j , -0.5-0.j ,
             0. +0.j ,  0. -0.j , -0.5+0.j ,  0. +0.j ,  0. -0.j ,  0. -0.5j,
            -0.5+0.j ,  0.5+0.j ,  0.5+0.j , -0. +0.5j, -0.5-0.j ,  0. -0.j ,
            -0.5+0.j , -0. +0.5j,  0. -0.5j,  0. -0.5j, -0. +0.j ,  0. +0.5j,
            -0.5-0.j ,  0. -0.5j,  0.5+0.j ,  0. +0.5j,  0. +0.j ,  0. +0.j ,
             0.5+0.j , -0.5-0.j , -0.5-0.j , -0.5-0.j , -0. +0.5j,  0. -0.5j,
             0.5+0.j , -0.5+0.j , -0.5-0.j ,  0. -0.5j,  0. -0.j ,  0. -0.j ,
             0. -0.j , -0.5-0.j ,  0. -0.5j,  0. +0.j ,  0. +0.j ,  0. -0.5j],
           [-0. +0.j ,  0. -0.j ,  0. -0.5j,  0.5+0.j ,  0. -0.j ,  0. +0.5j,
             0. +0.j ,  0. +0.j ,  0.5+0.j ,  0. -0.j ,  0. +0.j , -0. +0.5j,
             0. -0.5j,  0. -0.5j,  0.5+0.j , -0.5-0.j , -0.5+0.j ,  0. -0.j ,
            -0.5-0.j , -0.5+0.j ,  0.5+0.j ,  0. -0.5j,  0. +0.j ,  0.5+0.j ,
            -0.5+0.j ,  0.5+0.j , -0. +0.5j, -0. +0.5j,  0. +0.j ,  0. -0.j ,
             0. -0.5j,  0.5+0.j ,  0. -0.5j, -0.5+0.j ,  0. -0.5j, -0.5+0.j ,
             0. -0.5j, -0.5-0.j ,  0. -0.5j,  0. +0.5j,  0. +0.j ,  0. -0.j ,
             0. +0.j ,  0.5+0.j , -0.5+0.j ,  0. -0.j ,  0. +0.j , -0. +0.5j],
           [-0. +0.j , -0. +0.j ,  0.5+0.j , -0. +0.5j,  0. +0.j ,  0.5+0.j ,
             0. +0.j ,  0. -0.j , -0.5-0.j ,  0. +0.j , -0. +0.j , -0.5-0.j ,
             0.5+0.j ,  0. -0.5j,  0.5+0.j ,  0. -0.5j, -0. +0.5j, -0. +0.j ,
            -0. +0.5j,  0. +0.5j,  0.5+0.j ,  0.5+0.j , -0. +0.j , -0.5-0.j ,
             0.5+0.j ,  0.5+0.j ,  0. -0.5j, -0. +0.5j,  0. -0.j ,  0. +0.j ,
            -0. +0.5j,  0. -0.5j,  0. +0.5j,  0. -0.5j,  0. -0.5j,  0. -0.5j,
            -0.5-0.j ,  0.5+0.j , -0.5-0.j ,  0.5+0.j , -0. +0.j ,  0. +0.j ,
             0. -0.j ,  0.5+0.j , -0.5+0.j ,  0. -0.j ,  0. +0.j ,  0. -0.5j],
           [-0. +0.5j,  0. -0.5j,  0. +0.j , -0. +0.5j,  0. -0.5j,  0. +0.j ,
            -0.5-0.j ,  0.5+0.j ,  0.5+0.j , -0. +0.5j, -0.5+0.j , -0.5-0.j ,
             0. +0.j , -0. +0.j ,  0.5+0.j , -0. +0.j ,  0. -0.5j,  0. +0.5j,
             0. -0.5j,  0. +0.j ,  0. +0.j , -0.5+0.j ,  0.5+0.j , -0. +0.j ,
             0.5+0.j , -0. +0.j ,  0. +0.j ,  0. +0.5j,  0.5+0.j ,  0. +0.5j,
             0. +0.j ,  0. -0.5j, -0. +0.j , -0. +0.5j, -0. +0.5j,  0. +0.j ,
             0. +0.j ,  0.5+0.j ,  0. +0.j ,  0.5+0.j ,  0. -0.5j,  0. -0.5j,
            -0.5-0.j , -0.5+0.j ,  0. +0.j ,  0. -0.5j,  0. -0.5j,  0. +0.5j],
           [-0.5+0.j , -0.5+0.j , -0. +0.j ,  0. +0.5j, -0.5-0.j ,  0. +0.j ,
            -0.5+0.j , -0.5-0.j ,  0. -0.5j,  0. -0.5j, -0.5+0.j ,  0.5+0.j ,
             0. +0.j , -0. +0.j ,  0. -0.5j,  0. +0.j ,  0. +0.5j,  0. +0.5j,
             0. -0.5j,  0. +0.j ,  0. +0.j ,  0.5+0.j ,  0.5+0.j ,  0. +0.j ,
             0. -0.5j,  0. -0.j ,  0. -0.j , -0.5+0.j ,  0. -0.5j, -0.5-0.j ,
            -0. +0.j ,  0. -0.5j,  0. +0.j ,  0. +0.5j, -0.5-0.j ,  0. +0.j ,
             0. +0.j , -0. +0.5j,  0. +0.j , -0.5+0.j ,  0. +0.5j,  0.5+0.j ,
             0.5+0.j , -0. +0.5j, -0. +0.j ,  0.5+0.j , -0.5-0.j , -0.5-0.j ],
           [ 0. -0.5j,  0. +0.5j, -0. +0.j , -0. +0.5j,  0. -0.5j,  0. -0.j ,
             0. -0.5j, -0. +0.5j,  0. -0.5j,  0.5+0.j ,  0. -0.5j,  0.5+0.j ,
            -0. +0.j , -0. +0.j , -0. +0.5j,  0. +0.j ,  0. -0.5j,  0.5+0.j ,
             0. +0.5j,  0. -0.j , -0. +0.j , -0.5-0.j ,  0. -0.5j,  0. +0.j ,
             0. +0.5j,  0. +0.j ,  0. +0.j ,  0.5+0.j , -0.5-0.j ,  0. +0.5j,
            -0. +0.j ,  0. -0.5j,  0. +0.j ,  0. -0.5j, -0.5+0.j , -0. +0.j ,
             0. -0.j ,  0. -0.5j, -0. +0.j , -0.5-0.j , -0.5-0.j ,  0. +0.5j,
             0. -0.5j,  0. +0.5j,  0. +0.j ,  0. -0.5j,  0. -0.5j, -0.5-0.j ],
           [ 0. -0.5j,  0. -0.5j,  0. -0.j ,  0.5+0.j ,  0. +0.5j, -0. +0.j ,
            -0.5-0.j , -0.5-0.j , -0. +0.5j,  0. +0.5j, -0.5-0.j ,  0. +0.5j,
             0. +0.j ,  0. +0.j ,  0. -0.5j,  0. +0.j ,  0.5+0.j ,  0. -0.5j,
             0.5+0.j , -0. +0.j , -0. +0.j ,  0. -0.5j, -0.5+0.j ,  0. -0.j ,
             0. -0.5j,  0. +0.j ,  0. +0.j ,  0.5+0.j ,  0.5+0.j , -0. +0.5j,
             0. -0.j , -0.5-0.j ,  0. -0.j , -0.5+0.j , -0.5+0.j ,  0. +0.j ,
             0. -0.j ,  0. -0.5j,  0. -0.j ,  0. -0.5j,  0. -0.5j, -0. +0.5j,
             0.5+0.j ,  0. -0.5j,  0. +0.j ,  0. -0.5j, -0. +0.5j, -0.5-0.j ]],
          dtype=np.complex64))

    
    
    
def decomposition_445():
    return (np.array([[-0.,  0., -0.,  0.,  0., -1.,  0.,  1., -0.,  0.,  0.,  0., -0.,
            -0., -0., -0., -1., -0., -0.,  0., -0., -0., -0.,  0.,  0., -0.,
            -0., -0., -0., -0., -0., -0., -0.,  0.,  0., -0.,  1., -0., -1.,
             1., -0., -1., -0.,  0.,  0., -0.,  0.,  0.,  0.,  0.,  0., -0.,
             0., -0.,  1.,  0., -1., -1., -0.,  0., -1.],
           [ 0.,  1.,  0.,  0., -0.,  1., -1., -0.,  0.,  0., -1.,  0., -0.,
            -0.,  1., -0.,  0., -0., -1., -1., -0., -1., -1.,  0.,  0., -0.,
             0.,  0.,  1., -0., -0., -0., -0.,  0., -0., -0., -0.,  0.,  0.,
            -0.,  1., -1.,  0., -0.,  0.,  0., -1., -0.,  0., -0.,  0., -0.,
             0.,  0., -0., -0.,  0.,  0., -1.,  0., -0.],
           [-0., -0., -0.,  0., -0.,  0., -0.,  1.,  0.,  0.,  0., -1.,  1.,
             0., -0., -0., -1.,  1.,  0.,  0., -0.,  0.,  0., -1.,  0.,  1.,
            -0.,  0., -0., -0., -0., -0., -0.,  0.,  0., -0.,  1., -0., -1.,
             1., -0.,  0., -0.,  0., -1.,  1.,  0.,  0.,  0.,  0., -1.,  1.,
            -0., -0.,  1., -0., -1., -1.,  0.,  0., -1.],
           [-0., -0.,  0.,  0., -0., -0., -1., -0., -0.,  0., -1., -0.,  0.,
             0., -0., -0., -1., -0.,  0., -1.,  0.,  0.,  0., -0.,  0., -0.,
             0., -0.,  1.,  0., -0.,  0., -0., -0., -0., -0., -0., -0.,  0.,
            -0.,  1., -1.,  0.,  0., -0., -1., -1.,  0.,  0., -0., -0.,  0.,
             0.,  0., -0.,  0.,  0.,  0.,  0., -0.,  0.],
           [ 0., -0., -0.,  0., -1.,  0., -0.,  0., -0., -0.,  0.,  0.,  0.,
             0., -0., -0.,  0., -0., -0., -0.,  0., -0., -0., -0., -0.,  0.,
             0., -0.,  1., -0., -0.,  0., -0., -0., -0., -0., -0., -0.,  1.,
            -0.,  0., -1., -0.,  0.,  0.,  0.,  0.,  0., -1.,  0.,  1.,  0.,
            -1., -0.,  0., -0., -1.,  0., -0.,  0.,  0.],
           [-0., -0., -0.,  0.,  1., -0.,  1., -0., -1., -1.,  0., -1., -0.,
             1.,  0.,  0.,  0.,  1., -0., -0.,  1., -0., -0.,  0., -1., -0.,
            -0.,  0., -0.,  1., -0.,  1., -0., -0.,  0.,  0.,  1.,  0.,  0.,
            -0.,  0.,  0., -0.,  1., -1., -0.,  0.,  0.,  0.,  0.,  0.,  0.,
             0.,  0.,  0.,  0., -1.,  0., -0., -0.,  0.],
           [-0., -0.,  0., -0., -0., -0.,  1., -0.,  0.,  0., -0., -1., -0.,
            -0.,  0., -0.,  0.,  1.,  0., -0., -0.,  0., -0.,  0.,  0., -0.,
             1., -0., -0.,  1.,  0., -0.,  0., -0.,  0.,  0.,  1.,  0.,  0.,
            -0., -0.,  0.,  0., -0., -1., -0., -0.,  0., -1., -0.,  0., -0.,
             0., -0., -0.,  0., -1.,  0.,  0.,  0.,  0.],
           [-0., -0.,  0.,  0.,  0., -0., -0.,  0.,  0.,  0., -1.,  0.,  0.,
            -0., -0., -0.,  0., -0., -0.,  0., -0.,  0., -0., -0.,  0.,  0.,
            -1., -0.,  1., -0., -0., -0., -0., -0.,  1., -0., -0., -0.,  1.,
             0., -0., -1.,  0., -0.,  0.,  0., -1.,  0., -1., -0.,  1., -1.,
            -1.,  0., -1.,  0.,  0.,  0.,  0.,  0., -0.],
           [ 0.,  1.,  0.,  0.,  0.,  0.,  0.,  0.,  1.,  0.,  0., -0., -1.,
             0.,  1.,  1.,  0., -0., -0.,  0.,  0.,  0., -0., -0., -0.,  0.,
             0.,  1., -0.,  0., -0.,  0.,  0., -1., -0.,  1.,  0., -0., -0.,
             0., -0., -1.,  0., -1.,  1.,  0.,  0.,  0., -1., -0.,  1.,  0.,
             0.,  0.,  0., -0.,  0., -0.,  0., -1., -0.],
           [-0.,  1., -0., -1., -0., -0.,  0., -0.,  0., -1.,  0.,  0., -0.,
            -0.,  0., -0.,  0.,  1., -0.,  0., -0.,  0., -0., -0., -1., -0.,
            -0., -1., -0., -0.,  1., -0.,  1.,  0.,  0., -0., -0., -0.,  0.,
            -0., -0., -0., -0.,  0.,  0., -0.,  0.,  0.,  0.,  0.,  0., -0.,
            -0.,  0., -0.,  0.,  0.,  0.,  0.,  0.,  0.],
           [ 0.,  1.,  0.,  0., -0., -0.,  0., -0., -0.,  0., -0.,  0.,  0.,
            -0., -0.,  1., -0.,  1.,  0.,  0.,  0., -0.,  0.,  0., -0., -0.,
             0., -0.,  0.,  0., -0.,  0.,  0., -1., -0.,  1., -0.,  0.,  0.,
            -0., -0.,  0.,  0., -1., -0., -0.,  0., -0., -1.,  0., -0., -0.,
            -0., -0., -0.,  1.,  0.,  0.,  0., -1.,  0.],
           [-0., -0., -0., -1., -0.,  0.,  0., -0., -0., -1.,  0.,  0.,  0.,
            -0., -0., -0., -1.,  1.,  1.,  0., -0., -0.,  1.,  0., -1.,  1.,
            -0.,  0., -0., -0.,  1., -0.,  1.,  0.,  0., -0., -0., -0., -0.,
            -0., -0.,  0., -0.,  0., -0.,  0.,  0., -1.,  0.,  0., -0., -0.,
             0., -0.,  0., -1.,  0.,  0., -0.,  0.,  0.],
           [-0., -0.,  0., -1.,  0.,  0., -0., -0., -0., -1.,  1., -0.,  0.,
            -0., -0., -0., -1., -0.,  1.,  0.,  0.,  1.,  0.,  0., -0., -0.,
            -0., -0.,  0., -0., -0.,  1.,  0.,  1., -0., -0., -0.,  0.,  0.,
             1., -1.,  0.,  0.,  0., -0., -0.,  0., -0.,  0., -1., -0., -0.,
             0.,  1.,  1.,  0., -1., -1.,  0.,  0.,  0.],
           [ 0.,  1., -1.,  0., -0., -0.,  0.,  0.,  0., -1.,  0.,  0.,  0.,
            -0., -0.,  1.,  0., -0., -0., -1.,  0.,  0., -1., -0., -0.,  0.,
             0.,  0., -0., -0., -0., -0., -1., -0., -0., -0., -0., -0., -0.,
             0.,  0.,  0.,  0.,  0.,  0.,  0., -1., -0.,  0., -0., -0.,  0.,
             0., -1.,  0., -0., -0.,  0., -1.,  0.,  1.],
           [-1.,  1., -1.,  0.,  0., -0.,  0.,  0., -0.,  0., -0.,  0.,  0.,
             0., -0.,  1.,  0., -0., -0., -1., -1., -0., -1., -0.,  1.,  0.,
             0., -0., -0.,  0.,  0., -0., -1.,  0.,  1., -0., -0.,  0., -0.,
            -0.,  0., -0., -1., -1.,  0.,  0., -1.,  1., -1.,  0., -0.,  0.,
             0.,  0., -0., -0.,  0.,  0., -1., -1.,  1.],
           [ 1., -0.,  0., -1., -0.,  0.,  0., -0.,  0., -1., -0.,  0., -0.,
             0.,  0., -0., -1., -0.,  1.,  0., -0., -0., -0.,  0.,  0., -0.,
             0.,  0., -0., -0., -0., -0.,  0.,  1., -0.,  0.,  0.,  1., -0.,
            -0., -1.,  0., -0., -0.,  0.,  0., -1.,  0.,  0., -0., -0.,  0.,
             0., -0., -0.,  0.,  0., -1.,  0., -0., -0.]], dtype=np.float32),
     np.array([[ 0., -0.,  0., -0., -0.,  1., -0., -0., -0.,  0., -1., -0.,  0.,
             0.,  1.,  0.,  0.,  0., -0.,  0.,  0.,  1., -0., -0., -0., -0.,
            -0.,  0.,  1.,  0., -0., -0., -0.,  0.,  0., -0., -0., -0.,  0.,
            -0., -0.,  1., -0., -0., -0.,  0., -0., -0.,  0.,  1.,  0.,  0.,
            -0.,  0.,  0., -0.,  0., -0., -0.,  0., -0.],
           [-0.,  0., -0., -0.,  1., -0., -0.,  0.,  1.,  0., -1., -0.,  0.,
            -1.,  0., -0.,  0.,  0., -0.,  0.,  0., -0., -0., -0., -0.,  0.,
            -0., -0.,  1., -0.,  0., -1., -0., -0., -0., -0.,  0.,  0., -0.,
            -0.,  0.,  1.,  0., -0., -0., -0., -0.,  0.,  0., -0.,  0., -0.,
             0., -0.,  0.,  0.,  0.,  0., -0., -0.,  0.],
           [ 1.,  0., -0.,  0., -0., -0.,  0., -0., -0., -0.,  0.,  0., -1.,
             0., -0., -0., -0., -0.,  0., -0., -0., -0., -0.,  0., -0., -1.,
            -0.,  0., -0.,  0., -0.,  0., -0.,  1.,  1.,  1., -0., -1., -0.,
             1.,  0., -0., -1.,  0., -0., -0.,  0., -1.,  0.,  0., -1., -0.,
             1., -0.,  1., -1., -0., -1.,  0., -0.,  0.],
           [ 0., -0.,  0.,  0.,  0.,  0.,  0.,  0.,  0., -0.,  1., -1.,  0.,
            -0.,  0.,  0.,  0., -0., -0.,  0.,  0.,  0., -0., -0.,  0., -0.,
            -0.,  0., -1., -0.,  0., -0.,  0.,  0.,  0.,  0.,  1., -0., -1.,
            -0., -0., -1., -0., -0.,  1., -0., -0., -0.,  0., -0., -1., -1.,
             0.,  0.,  1., -0.,  1., -0., -0.,  0., -0.],
           [ 1.,  0.,  0.,  0., -0.,  0., -0.,  1., -0., -0.,  0., -0.,  0.,
             0.,  0.,  0.,  0.,  0., -0.,  0.,  0.,  0., -0., -1., -0., -1.,
             0.,  0., -0.,  0., -0., -0., -0.,  1.,  1.,  1.,  0., -1.,  1.,
            -0., -0., -0., -1., -0.,  0.,  0., -0., -1.,  0., -1.,  0.,  1.,
             1.,  0., -0., -1.,  0., -1., -0.,  0., -0.],
           [-0.,  0.,  0.,  1.,  0., -0.,  0., -0., -0., -1.,  0.,  0., -0.,
             0., -0.,  0.,  0.,  0.,  1.,  0., -0.,  1., -0., -0., -0., -0.,
            -0., -0., -0.,  0., -0.,  1.,  0., -0.,  0., -0., -0., -0., -0.,
             0., -0., -0., -0., -0., -0., -0., -0., -0.,  0.,  1.,  0.,  0.,
            -0., -1.,  0.,  0.,  0., -0.,  0., -0., -0.],
           [ 0.,  0., -0.,  1., -0.,  0., -0.,  0.,  1., -1.,  0.,  0., -0.,
            -1., -1., -0.,  0.,  0.,  1., -0., -0., -0., -0.,  0., -0.,  0.,
             0.,  1., -0.,  0.,  0.,  0., -0., -0., -0.,  0.,  0., -0.,  0.,
            -0.,  0., -0., -0., -0., -0.,  0., -0.,  0.,  0., -0.,  0., -0.,
             0.,  0.,  0., -0.,  0., -0.,  0., -0.,  0.],
           [-0., -1.,  0.,  1., -0.,  0., -0.,  0., -0., -1.,  0., -0.,  0.,
             0.,  0.,  1., -0., -0.,  1., -0.,  0., -0.,  1.,  0., -1.,  0.,
             0., -0., -0.,  0., -0., -0.,  1., -0., -0., -0.,  0.,  0., -0.,
            -0.,  0.,  0.,  0., -1.,  0.,  0., -0., -1.,  0., -0.,  0., -0.,
            -0.,  0., -0.,  0.,  0.,  0., -0.,  1.,  0.],
           [-0.,  0., -0., -0., -0.,  0., -1.,  0.,  0., -0.,  0.,  0., -0.,
            -0., -0., -0.,  0., -0.,  0., -1., -1.,  0.,  1.,  1., -1.,  1.,
             1.,  0., -0.,  1., -1.,  0.,  0.,  0., -1.,  0., -0.,  0.,  0.,
             0., -0.,  0., -0.,  0., -0.,  1., -0., -0., -0.,  0.,  0., -1.,
             0., -0.,  0.,  0., -0., -0.,  1., -0., -0.],
           [-0.,  0., -1., -0.,  0.,  0.,  1., -0., -0.,  0., -0.,  0., -0.,
             0.,  0., -0.,  0.,  0., -0.,  1., -0.,  0., -0., -1., -0., -1.,
            -1., -0.,  0., -1.,  1.,  0.,  1., -0.,  1., -0., -0., -0., -0.,
             0.,  0.,  0., -1.,  0., -0., -1., -0., -1.,  0.,  0.,  0.,  1.,
            -0., -0.,  0.,  0., -0., -0.,  0., -0., -0.],
           [ 0.,  0.,  1.,  0., -0., -1.,  0., -1.,  0., -0., -0.,  0., -0.,
            -0., -1.,  1., -0.,  1.,  0.,  0.,  0., -1., -0.,  0., -1., -0.,
            -0., -0.,  0.,  1., -1., -1., -0.,  0.,  0., -1., -1.,  0., -0.,
             0.,  0.,  0.,  0., -1., -1., -0., -0.,  0.,  1., -1.,  1., -0.,
            -1.,  1.,  0., -0.,  0., -0., -0.,  0., -1.],
           [ 0.,  0., -0.,  0.,  0.,  0.,  0.,  0., -1., -0., -0.,  0., -0.,
             1., -0., -0.,  0.,  1.,  0.,  0.,  0.,  0., -0.,  0., -1., -0.,
            -0.,  0.,  0., -0., -1., -0., -0.,  0.,  0.,  0.,  0.,  0., -0.,
            -0., -0.,  0.,  0., -1., -1.,  0.,  0., -0.,  1.,  0.,  1.,  0.,
            -1., -0.,  0., -0.,  0.,  0., -0.,  0.,  0.],
           [ 0., -0., -0.,  0., -0.,  0., -0.,  0.,  0., -0.,  0., -0.,  1.,
            -0.,  0.,  0.,  0., -0.,  0., -0., -0.,  0.,  0., -0., -0.,  1.,
            -0., -0., -0.,  0.,  0.,  0.,  0.,  0.,  0., -1.,  0., -0., -0.,
             0., -0., -0., -0.,  0.,  0.,  0., -0.,  1.,  1.,  0.,  1.,  0.,
            -1., -0.,  0.,  1., -0., -0., -0., -1.,  0.],
           [ 0.,  0.,  0.,  0.,  0., -0., -0., -0., -0., -0.,  0.,  1., -0.,
             0., -0.,  0., -0., -1.,  0., -0.,  1., -0.,  0.,  0.,  1.,  0.,
            -1.,  0., -0., -1.,  1., -0., -0.,  0.,  1.,  0.,  0.,  0., -0.,
            -0., -0., -0.,  0., -0., -0.,  0.,  0.,  0.,  0., -0., -0.,  1.,
            -0.,  0.,  0.,  0.,  0.,  0.,  0.,  0., -0.],
           [ 0.,  0., -0., -0., -0., -0.,  0.,  0.,  0.,  0., -0.,  0., -0.,
            -0., -0.,  0.,  0., -0., -0.,  0.,  0., -0., -0.,  1.,  0.,  1.,
             1., -0., -0., -0.,  0., -0.,  0.,  0., -1.,  0., -0., -0.,  0.,
            -0.,  0., -0.,  1., -0., -0., -0.,  0.,  1., -0., -0., -0., -1.,
             0.,  0.,  0.,  1.,  0., -0.,  0.,  0., -0.],
           [-0.,  0.,  0.,  0.,  0.,  0.,  0.,  0.,  0., -0.,  1., -0.,  0.,
            -0.,  0.,  0.,  0.,  0., -1.,  0., -0., -1., -0.,  0.,  0.,  0.,
            -0.,  0.,  0., -0., -0.,  0.,  0., -0., -0., -0.,  0.,  1.,  0.,
             0., -1.,  0., -0.,  0., -0.,  0., -0.,  0., -0.,  0., -0., -0.,
            -0., -0.,  0., -0.,  0., -0., -0., -0.,  0.],
           [ 0., -0.,  0., -1., -1., -0., -0., -0., -1., -0.,  1.,  0.,  0.,
             1.,  1.,  0.,  0.,  0., -1.,  0., -0.,  0., -0., -0., -0., -0.,
             0., -1., -1.,  0.,  1.,  1., -0.,  0.,  0.,  0.,  0., -0., -0.,
             0.,  0.,  0., -0., -0., -0., -0., -0., -0.,  0., -0.,  0.,  0.,
             1.,  0.,  0.,  0., -0., -0., -0.,  0., -0.],
           [-1., -0.,  0.,  0.,  0.,  0.,  0., -0.,  0., -0., -0.,  0., -0.,
            -0., -0.,  0., -1., -0.,  0., -0., -0.,  0.,  0., -0., -0., -0.,
             0.,  0.,  0., -0., -0., -0.,  0.,  0., -1.,  0., -0.,  1., -0.,
            -1.,  0., -0.,  1., -0., -0., -0.,  0.,  1.,  0., -0., -0.,  0.,
             0.,  0., -1., -0., -0.,  1.,  0.,  0.,  0.],
           [-0.,  0., -0., -0., -0.,  0., -0.,  0., -0., -0.,  0., -0.,  0.,
             0.,  0., -0.,  0., -0., -0.,  1., -0., -0., -1., -1., -0., -1.,
             0., -0., -0.,  0., -0.,  0.,  0., -0., -0.,  0.,  0., -0., -0.,
             0., -0., -0.,  0.,  0.,  0., -1., -1.,  0., -0.,  0., -0.,  1.,
             0., -0.,  0., -0.,  0., -0., -1., -0.,  0.],
           [-1.,  0., -0.,  0.,  0.,  0.,  0.,  0.,  0.,  0.,  0., -0.,  0.,
            -0., -0., -0.,  0.,  0., -0.,  0., -0., -0., -0.,  1., -0.,  1.,
            -0.,  0.,  0., -0.,  0., -0.,  0.,  0., -1.,  0.,  0., -0.,  0.,
             0., -0.,  0.,  1.,  0.,  0.,  1., -0.,  1.,  0., -0.,  0., -1.,
             0., -0.,  0., -0.,  0., -0., -0., -0., -0.]], dtype=np.float32),
     np.array([[ 0.,  0.,  0., -0.,  0., -1., -0., -1., -0.,  0., -0.,  0., -0.,
             0., -0.,  0.,  0.,  0., -0.,  0.,  0., -1., -0.,  0., -0.,  0.,
             0.,  0., -0., -0., -0.,  0., -0., -0., -0., -0., -0.,  1.,  0.,
            -1., -1., -0.,  0., -0.,  0.,  0., -0.,  0.,  0., -1., -0., -0.,
             0.,  0., -0., -0., -0.,  1.,  0., -0., -0.],
           [ 0.,  0., -0., -0.,  1., -0.,  0.,  1., -0.,  0., -1.,  0.,  0.,
            -0.,  0.,  0.,  0., -0., -0., -0.,  0., -0., -0., -0.,  0.,  0.,
            -0.,  0.,  1.,  0., -0.,  1., -0., -0.,  0., -0., -1., -1., -0.,
             1.,  1., -0., -0., -0.,  0.,  0.,  0.,  0., -0.,  1.,  0.,  0.,
            -0.,  0.,  0., -0., -1., -1.,  0., -0., -0.],
           [ 0.,  1., -0., -1.,  0., -0., -0.,  1.,  0.,  0., -0., -0.,  0.,
            -0.,  1.,  1.,  0.,  0., -1.,  0.,  0.,  1.,  0., -0.,  0., -0.,
            -0.,  1.,  0., -0.,  0.,  0., -0., -0., -0., -0.,  0., -1., -0.,
             1., -0., -0., -0.,  0., -0.,  0., -0., -0., -0.,  1., -0., -0.,
             0.,  0.,  0., -0.,  0., -1., -0.,  0.,  1.],
           [ 0.,  0., -0.,  0.,  0., -0.,  0., -1.,  0.,  0., -0., -0.,  0.,
             0., -0.,  0., -0.,  0., -0., -0., -0., -0.,  0.,  0., -0., -0.,
            -0.,  0.,  0.,  0., -0., -0.,  0.,  0., -0.,  0., -0.,  1.,  0.,
            -1.,  0.,  0.,  0.,  0., -0., -0., -0.,  0., -0., -1., -0., -0.,
            -0.,  1., -0., -0., -0.,  1., -0.,  0., -1.],
           [ 0.,  0.,  0.,  0., -0.,  1., -0.,  1., -1.,  0., -0.,  0., -1.,
             1., -1., -0.,  0.,  0., -0.,  0., -0., -0., -0.,  0., -0.,  0.,
            -0., -0., -1., -0., -0., -0.,  0., -0., -0., -0.,  0.,  0.,  1.,
            -0., -0., -1.,  0.,  0.,  0., -0., -0.,  0.,  0., -0., -1., -0.,
             1., -0.,  0.,  0., -0.,  0.,  0., -0., -0.],
           [ 0., -0.,  0.,  0., -1.,  0.,  0., -1., -0.,  0., -0.,  0.,  1.,
            -1., -0., -0., -0.,  0.,  0., -0., -0., -0.,  0., -0., -0., -0.,
             0., -0.,  0., -0., -0.,  0.,  0.,  0.,  0., -0.,  1., -0., -1.,
             0.,  0., -0., -0., -0.,  1., -0., -0.,  0., -0.,  0.,  1.,  0.,
            -1., -0.,  0.,  0., -0., -0.,  0., -0.,  0.],
           [-0.,  0., -1., -0., -0.,  0.,  0.,  0.,  1.,  0.,  0., -0., -0.,
            -1.,  0., -1.,  0.,  0., -0.,  0.,  1.,  0.,  0., -0.,  1., -0.,
            -0., -1., -0.,  0.,  1., -0., -1., -0., -0.,  0.,  0., -0.,  0.,
             0., -0., -0., -0.,  1., -0.,  0.,  0., -0., -0.,  0., -0., -0.,
             0., -0., -0.,  0.,  0., -0., -0.,  0.,  0.],
           [-0.,  0.,  1.,  1., -0.,  0.,  0., -0.,  0.,  1., -0., -0.,  0.,
             1., -0., -0.,  0., -0., -0., -0., -1.,  0.,  0.,  0., -1., -0.,
             0.,  0., -0.,  0., -1., -1.,  1.,  0., -0.,  0.,  0.,  0.,  0.,
            -0.,  0., -0.,  0.,  0.,  0.,  0., -0., -0., -0., -0., -0., -0.,
             0., -1., -0., -0.,  0.,  0., -0.,  0., -0.],
           [-0., -0., -0.,  0., -0., -0.,  0., -1., -0.,  0., -0., -0.,  0.,
             0., -0., -1.,  1., -0., -0., -0., -0., -0., -1.,  1.,  0.,  1.,
             0.,  0., -0.,  0., -0., -0.,  0., -1.,  0., -1.,  0.,  0.,  0.,
             0., -0., -0.,  1., -0., -0., -0.,  0.,  1., -0., -0., -0.,  0.,
             0.,  0.,  0.,  0.,  0.,  1.,  1., -1., -1.],
           [-0., -0., -0., -0.,  0.,  0.,  0.,  0., -0.,  0., -0., -0., -1.,
            -0.,  0.,  0.,  0., -0.,  0., -0., -0., -0., -0.,  0.,  0.,  0.,
             0., -0.,  0., -0., -0.,  0.,  0.,  0., -0.,  0., -0., -0.,  0.,
            -1.,  0., -0.,  0., -1., -1., -0., -0.,  0., -1.,  0., -1., -0.,
            -0., -0.,  1., -0.,  1., -0.,  0., -1.,  0.],
           [-0., -1.,  0., -0.,  0., -0.,  0., -0.,  0.,  0.,  0.,  0.,  1.,
            -0.,  0.,  0.,  0., -0., -0., -0.,  0.,  0.,  1., -1.,  0., -1.,
             0.,  0.,  0., -0.,  0., -0.,  0., -0.,  0.,  0.,  0., -0.,  0.,
             0., -0., -0., -1.,  0.,  0., -0.,  0., -1., -0.,  0., -0., -0.,
            -0., -0.,  0.,  0.,  0.,  0., -1.,  1.,  0.],
           [-0., -0.,  0.,  0., -0., -0., -0.,  1.,  0.,  0.,  0.,  0., -0.,
             0., -0.,  1.,  0., -0., -0.,  0., -0., -0., -0., -0., -0.,  0.,
             0., -0., -0., -0., -0., -0.,  0.,  1.,  0.,  1., -0.,  0.,  0.,
             1.,  0., -0., -0., -0., -0., -0.,  0.,  0., -0., -0., -0.,  0.,
            -0.,  0.,  0.,  0.,  0., -1.,  0.,  1.,  1.],
           [ 0.,  0., -1., -0., -0.,  0.,  1., -0.,  0., -0., -0., -1.,  0.,
            -0.,  0., -0.,  0., -0.,  0., -1.,  0.,  0., -0., -0.,  0.,  0.,
            -0.,  0.,  0.,  1., -0.,  0.,  0., -0.,  0., -0.,  1., -0., -0.,
            -0.,  0.,  0., -0.,  0.,  0.,  0.,  0.,  0., -0.,  0.,  0.,  0.,
            -0., -0.,  0., -0., -0.,  0., -1., -0.,  1.],
           [ 0.,  0.,  0., -0., -0., -0., -0., -0.,  0.,  0.,  0., -1., -0.,
             0., -0.,  0.,  0., -0.,  0.,  0., -1.,  0., -0.,  1.,  0., -0.,
            -0., -0., -0.,  0.,  0., -0.,  0., -0., -1.,  0.,  0.,  0., -0.,
             1., -0.,  0.,  1., -0., -0.,  0.,  0., -0., -0., -0., -0., -1.,
             0., -0., -1., -0., -1.,  0., -0., -0., -0.],
           [-0.,  1., -0.,  0.,  0., -0.,  0., -0., -0.,  0.,  0.,  1.,  0.,
             0., -0., -0.,  0., -1.,  0., -0.,  1., -0., -1., -0.,  1., -0.,
            -0., -0., -0.,  0., -0.,  0., -0.,  0.,  0., -0.,  0.,  0.,  0.,
            -0.,  0.,  0., -0.,  1.,  1.,  0.,  0., -0., -0., -0., -0.,  0.,
             0., -0.,  0., -0., -0.,  0.,  1.,  0., -0.],
           [ 0., -0.,  1., -0., -0.,  0., -1.,  0., -0., -0.,  0.,  1.,  0.,
            -0., -0.,  0.,  0., -0.,  0.,  1., -0.,  0., -0., -1.,  0.,  0.,
            -0., -0., -0., -1.,  0.,  0., -0.,  0.,  1.,  0., -1., -0., -0.,
            -1., -0., -0., -1.,  0.,  0.,  0.,  1.,  0., -0.,  0., -0.,  1.,
            -0.,  0.,  1., -0., -0., -0., -0.,  0., -1.],
           [-0.,  0., -1.,  0., -0.,  0., -0.,  1.,  0.,  0.,  0.,  0., -0.,
            -0.,  0.,  0.,  0.,  0.,  0., -1., -0.,  0., -0., -1.,  0.,  0.,
             0., -0.,  0., -0., -0., -0.,  0., -0., -0.,  0., -0., -0.,  0.,
            -0.,  0.,  0., -0., -0., -0., -1., -0.,  0., -0.,  0.,  0., -0.,
            -0.,  0., -0.,  0., -0.,  0., -1., -0.,  1.],
           [-0.,  0.,  0.,  0., -0., -0.,  0.,  1.,  0., -0.,  0.,  0., -0.,
            -0.,  0.,  0.,  0., -0.,  0., -0., -1.,  0., -0., -0.,  0.,  0.,
             1.,  0., -0., -1.,  0., -0.,  0.,  0., -1.,  0., -1.,  0.,  1.,
             1., -0.,  0.,  1., -0., -0., -0., -0., -0., -0., -0., -0.,  0.,
            -0., -0., -1.,  0., -1.,  0., -0., -0., -0.],
           [-0.,  1.,  1.,  0.,  0.,  0.,  0.,  0., -0., -0.,  0., -0., -1.,
            -0., -0.,  1.,  0.,  0.,  0., -0., -0., -0., -1.,  1., -0.,  1.,
             0., -0.,  0., -0.,  0.,  0.,  1., -0., -0.,  1., -0.,  0.,  0.,
            -0., -0., -0., -0., -0., -0., -0., -0., -0., -0., -0.,  0.,  0.,
             0., -0., -0.,  1., -0.,  0.,  1.,  0., -0.],
           [-1.,  0.,  1., -0.,  0., -0.,  0., -1.,  0., -0.,  0., -0., -0.,
            -0., -0.,  0., -0., -0., -0., -0., -0.,  0., -0.,  0.,  0.,  0.,
             0., -0., -0., -0.,  0.,  0., -0.,  0., -0.,  0., -0., -0.,  0.,
            -1.,  0., -0., -1., -0., -0., -0., -0., -0., -0.,  0., -0., -0.,
             0., -0., -0.,  0., -0.,  1., -0.,  0., -1.]], dtype=np.float32))
    
    

def decomposition_447():
    return (np.array([[ 0., -0.,  0., -0., -0.,  0., -0., -0.,  0., -0.,  1., -0.,  0.,
             0., -0.,  0., -0., -0.,  0.,  0.,  0., -1., -0.,  0.,  0., -0.,
            -0.,  1.,  0., -0.,  0.,  0., -1., -0., -1., -0.,  0.,  0., -0.,
            -0.,  0., -0.,  0., -0., -0.,  0., -0.,  1.,  0.,  0., -0.,  1.,
             0.,  1.,  1., -0., -0., -1., -1.,  0., -0.,  0.,  0., -0., -0.,
             0.,  0.,  1., -0.,  0., -0.,  0., -1., -0., -0.,  0., -1., -0.,
             0.,  0.,  0., -0., -0., -0.,  1.],
           [ 0.,  0.,  0., -0.,  0., -1.,  0.,  0.,  0.,  0.,  1.,  0., -1.,
            -0.,  1.,  1., -0.,  0., -0., -0., -0., -0.,  0.,  0., -0.,  0.,
            -0., -0., -0., -0., -0., -0.,  0., -0., -0.,  0., -0., -0., -0.,
             0., -1.,  1., -1.,  0.,  1., -1.,  0., -0., -0., -0., -0., -0.,
             1., -0.,  0.,  0.,  0., -0., -1., -1., -0.,  0., -0.,  1.,  0.,
             0., -0.,  1.,  0.,  0.,  0., -1., -0., -0., -0.,  0., -0.,  1.,
             0., -0., -1.,  1.,  0.,  1.,  0.],
           [ 0., -0., -0., -0.,  0.,  1.,  0.,  0., -0., -0.,  0., -0.,  0.,
             0.,  0.,  0.,  0., -0., -0., -0., -0., -0.,  0., -0., -0.,  0.,
             0., -0.,  0., -1.,  0., -0.,  0.,  0., -0., -0., -0., -0.,  0.,
            -0.,  1.,  0., -0., -0., -1.,  1.,  0.,  0.,  0.,  0., -0., -0.,
            -1., -0.,  0., -0., -0., -0., -0.,  0.,  0., -0.,  0., -1.,  0.,
             1., -1.,  0.,  0.,  1.,  0.,  0., -0.,  0., -0., -0., -0., -1.,
             1., -0., -0.,  0.,  1., -1., -0.],
           [-0., -0., -0., -0., -0.,  0.,  0., -0., -0., -0., -0.,  0., -0.,
            -0., -1.,  0., -0., -0.,  0., -0.,  0., -1., -0.,  0., -0., -0.,
             0., -0., -0.,  1., -0., -1.,  0.,  0., -1.,  0.,  0.,  0.,  0.,
            -0.,  0., -1., -0.,  0., -0., -0.,  0., -0.,  0.,  0.,  0., -0.,
            -0., -0.,  1., -0.,  0., -1., -0.,  1.,  0., -0.,  0.,  0.,  0.,
            -1., -0., -0., -0., -1.,  0.,  1., -1.,  0., -0., -0., -1., -0.,
            -1.,  0.,  1., -1.,  0., -0., -0.],
           [ 0.,  0., -0., -0., -1., -0., -0., -0.,  1.,  1.,  0.,  0.,  0.,
             0., -0.,  0., -0.,  0.,  1.,  0.,  0., -0., -0., -0.,  0., -0.,
             0.,  0.,  0.,  0.,  0., -0., -0., -0.,  1., -0., -0.,  0., -0.,
            -0.,  0., -0., -0.,  0.,  0., -0., -0.,  0., -0., -0.,  1.,  0.,
            -0.,  0.,  0., -1., -1., -0., -0., -0.,  0.,  0., -0., -0.,  0.,
            -0., -0.,  0., -1.,  0., -0., -0., -0., -1., -1.,  0., -0., -0.,
            -0.,  0., -0.,  0.,  0., -0.,  0.],
           [-0.,  0., -1., -0.,  0., -0.,  0.,  0.,  1.,  0.,  0., -1.,  0.,
            -0.,  0., -0., -1., -0.,  0., -0., -0., -0., -0.,  0., -0.,  0.,
            -0.,  0., -0., -0., -0.,  0., -0.,  0.,  0.,  0.,  0., -0., -0.,
             0.,  0.,  0., -0., -0., -1., -0., -0.,  0., -1., -1., -0.,  0.,
            -1.,  0., -0.,  0., -0., -1.,  1.,  1.,  1.,  1.,  0.,  0., -1.,
             0.,  0.,  0.,  0., -0.,  0., -0.,  0.,  0.,  0., -0.,  0.,  0.,
            -1., -0., -0., -1., -0.,  0.,  0.],
           [-0., -0., -0., -0.,  0., -0.,  0., -0.,  0.,  0.,  0.,  1.,  0.,
            -0.,  0., -0.,  0.,  1.,  0., -0., -0.,  0., -1., -1., -0., -0.,
            -0.,  0.,  1.,  1.,  0.,  0.,  0.,  0.,  0., -0.,  0., -0.,  0.,
            -1., -0.,  0., -0.,  1., -0.,  0.,  0.,  0.,  1.,  0., -0., -0.,
             1., -0., -0.,  0., -1.,  0.,  0., -1., -0., -0.,  0., -0., -0.,
             0.,  0.,  0.,  0., -0.,  0.,  0.,  0.,  0.,  0.,  0., -1., -0.,
            -0., -0.,  0., -0.,  0., -0., -0.],
           [-0.,  0.,  1., -0.,  0., -0., -0., -0., -0.,  1.,  0.,  0., -0.,
            -0., -0.,  0.,  1., -1.,  1.,  0.,  0., -0.,  1.,  1., -0., -0.,
            -1.,  0., -1., -1.,  0., -0., -0.,  0.,  1., -0.,  1., -1., -0.,
             1.,  0., -0., -0., -1., -0.,  0.,  0.,  0., -0.,  1., -0.,  0.,
             0.,  0.,  0.,  0.,  0.,  1.,  0., -0., -1., -1., -0.,  0., -0.,
             1.,  0.,  0.,  0.,  0.,  1., -0.,  1.,  0.,  0., -0.,  1.,  0.,
             1.,  0., -0., -0., -0.,  0.,  0.],
           [ 0.,  0.,  0., -1., -0.,  0., -0., -0.,  0., -1., -1.,  0., -0.,
             0.,  0.,  0., -1., -0.,  0.,  1.,  1.,  1.,  0.,  0.,  0., -1.,
            -0.,  0.,  1., -0.,  0., -0., -0., -0., -0., -1.,  0.,  1., -0.,
            -0.,  0., -0., -0., -0., -0., -0., -0.,  0.,  0.,  0., -0.,  0.,
            -0.,  0.,  0., -0., -0., -0., -0.,  0., -0.,  0., -0.,  0., -0.,
             0., -0.,  0., -0., -0., -0.,  0., -0., -0., -0., -1., -0., -0.,
             0.,  0.,  0., -0.,  0., -0.,  0.],
           [-0.,  1.,  1., -0.,  0.,  1.,  0., -0.,  0., -0., -1.,  1.,  1.,
            -0., -1.,  0., -0.,  0., -0., -0.,  0.,  0.,  0., -0., -0.,  0.,
             0.,  0.,  0.,  0., -0.,  0., -0.,  0.,  0.,  0., -0.,  0., -0.,
             0.,  1.,  0.,  1.,  0.,  0., -0., -1., -0.,  0., -0.,  0., -0.,
             0., -0., -0.,  0.,  0., -0., -0.,  0., -1.,  0., -1., -1., -0.,
            -0.,  0., -1., -0., -0.,  0., -0.,  0.,  0., -0.,  0.,  0.,  0.,
             1., -0.,  1.,  0., -0.,  0.,  0.],
           [-0., -1., -1.,  0.,  0., -1.,  0.,  0., -0., -0., -0., -1.,  0.,
            -0., -0., -0., -0., -1., -0., -0.,  0.,  0.,  1., -0., -0.,  0.,
             0.,  0.,  0., -0.,  0.,  0., -0.,  0.,  0., -0., -1.,  0.,  0.,
            -0., -1.,  0.,  0.,  0., -0.,  0., -0.,  0., -0.,  0., -0.,  0.,
             0.,  0., -0., -0., -0.,  0., -0.,  1., -0., -0.,  1., -0.,  0.,
            -1.,  1., -0.,  0., -1.,  0.,  1.,  0.,  0.,  0.,  0., -0., -0.,
            -1., -0., -0.,  0.,  0., -0., -0.],
           [-0., -0., -0.,  0., -0., -0.,  0., -0., -0., -1.,  0., -0.,  0.,
            -0., -0., -0., -1.,  1.,  0., -0.,  1.,  1., -1.,  0., -0.,  0.,
             1.,  0.,  1., -0.,  0., -0., -0.,  0., -0.,  0., -0.,  1.,  0.,
             0., -0., -0.,  0., -0., -0.,  0., -0.,  0.,  0.,  0.,  0., -0.,
            -0.,  0.,  0.,  0.,  0.,  0.,  0., -1.,  1., -0.,  0., -0.,  0.,
            -0.,  0., -0., -0.,  1.,  0., -1.,  0.,  0.,  0.,  0.,  0., -0.,
            -0.,  0., -1., -0., -0., -0.,  0.],
           [-0., -0., -0.,  0.,  0.,  0.,  1.,  1., -0.,  0., -0., -0., -0.,
            -0.,  0., -0.,  0., -0., -0., -0., -0., -0., -0., -0., -0.,  0.,
            -0.,  1., -0.,  0., -1.,  0.,  0.,  0., -0.,  0., -0., -0.,  1.,
             1.,  0.,  0.,  0.,  0.,  0.,  0.,  0., -0., -0., -0.,  1., -0.,
            -0.,  1., -0.,  0.,  0.,  0., -1.,  0., -0., -1., -0.,  0.,  0.,
             0., -0.,  1.,  0.,  0.,  1.,  0.,  0.,  0.,  0., -1.,  0.,  0.,
             0., -1.,  0.,  0., -0., -0., -0.],
           [ 0.,  1., -0.,  1., -0.,  0., -0.,  0., -0., -0., -0.,  0., -0.,
             1., -0.,  1.,  0., -0.,  0.,  0.,  0.,  0., -0.,  0.,  1.,  0.,
            -0., -0.,  0., -0., -0., -0.,  0., -0., -0.,  0., -0.,  0.,  1.,
             0., -0., -0.,  0.,  0., -0.,  0., -1., -0.,  0.,  0., -0.,  0.,
             0., -0.,  0.,  0., -0.,  0.,  0.,  0.,  0., -0.,  0., -0., -1.,
            -0.,  0., -0.,  0., -0.,  0.,  0., -0., -0.,  1.,  0., -0., -0.,
            -0., -0.,  0., -0.,  0.,  1., -1.],
           [ 0., -1., -1.,  0., -0., -0., -0.,  0.,  0.,  0.,  0., -0.,  0.,
             0., -0.,  0., -0., -0.,  0.,  0.,  0., -0.,  0.,  0.,  0.,  0.,
            -0., -0., -0., -0., -1., -0.,  0., -1., -0.,  1., -1.,  0., -0.,
             0.,  0., -0., -0.,  1., -1., -0., -0., -1., -0.,  0., -0.,  0.,
             0., -0.,  0.,  1.,  0., -0.,  0.,  0., -0., -0., -0., -1., -0.,
             0., -0., -0.,  0.,  0.,  0., -0., -0., -0.,  0.,  0.,  0., -1.,
             0., -0., -0., -0.,  1., -1., -0.],
           [ 1., -0.,  1.,  0., -0., -0., -0.,  1.,  0., -0.,  0., -0., -0.,
             0., -1.,  0., -0.,  0., -0.,  0., -0., -0.,  0., -0.,  0.,  1.,
             0., -0.,  0.,  0.,  0., -1.,  1., -0., -0.,  0.,  1.,  0., -0.,
             1.,  0., -1., -0., -1., -0., -0., -0., -0., -0., -0., -0.,  0.,
             0., -0., -0.,  0., -0., -0.,  0., -0.,  0., -1., -0., -0., -0.,
            -0.,  0., -0.,  1.,  0.,  1., -0., -0., -0.,  0.,  0., -0., -0.,
            -0., -1., -0., -1.,  0., -0., -0.]], dtype=np.float32), np.array([[ 0., -0., -0., -1., -0.,  0.,  0., -0., -0.,  1., -0.,  0., -0.,
             0.,  0., -0., -0., -0.,  0.,  1., -0.,  0.,  0.,  0., -1., -0.,
            -1.,  0., -0., -0., -0.,  0.,  0., -0.,  0., -0.,  0., -1.,  1.,
             0., -0.,  0.,  0.,  0.,  0., -0.,  0., -0., -0.,  0., -0.,  0.,
             0., -1.,  0.,  0., -0.,  0., -0.,  0.,  0., -0., -0., -0., -0.,
            -0.,  0., -0., -0.,  0.,  0.,  0., -0.,  1.,  1.,  0.,  0., -0.,
             0.,  0., -0.,  0.,  0., -0., -1.],
           [-0.,  0., -0., -0.,  0.,  0., -0.,  0., -0.,  0., -0., -0.,  0.,
             0., -0.,  0., -0.,  0., -0.,  0., -0.,  1., -0., -0., -0.,  0.,
            -0.,  0.,  0.,  0.,  0., -0., -0.,  0.,  1.,  0., -0., -0.,  0.,
             0., -0., -0.,  0.,  0., -0., -0.,  0.,  0., -0.,  0., -0.,  1.,
             0.,  1., -0., -0.,  0.,  0.,  0., -0.,  0., -0., -0., -0., -0.,
            -1.,  1., -0.,  0.,  1., -0., -0., -1.,  0.,  0.,  0., -0.,  0.,
             0.,  0.,  0., -0., -0.,  0., -0.],
           [-0., -0., -0., -0., -1.,  0.,  1.,  0., -0., -1.,  0., -0., -0.,
            -0., -0.,  0., -0.,  0., -0.,  0.,  0.,  1., -0., -0., -0.,  0.,
             1., -0.,  0.,  0.,  0., -0.,  0., -0.,  1., -0.,  0.,  1., -0.,
            -0., -0., -0., -0., -0.,  0.,  0., -0., -0., -0.,  0.,  0., -0.,
            -0., -0., -0.,  0., -0.,  0.,  0., -0.,  0., -0., -0., -0., -0.,
            -1.,  1.,  0.,  0.,  1.,  0., -0., -1.,  0.,  0., -0., -0., -0.,
             0., -0., -0., -0., -0., -0., -0.],
           [ 0.,  0.,  0., -0., -0., -0., -0., -0.,  0., -0.,  1., -0.,  0.,
             0., -0.,  0.,  0., -0., -0., -0., -0., -0., -0.,  0., -0., -0.,
             0.,  1.,  0., -0., -0.,  0., -0., -0., -0., -0., -0.,  0.,  0.,
            -0.,  0.,  0., -1., -0.,  0.,  0.,  0., -0.,  0.,  0., -1., -0.,
            -0.,  0.,  0.,  0.,  0., -0.,  0., -0., -0.,  0.,  0.,  0.,  0.,
             0., -0.,  1., -0., -0., -0.,  0.,  0., -1.,  0., -0.,  0., -0.,
            -0.,  0., -0., -0.,  0.,  0., -0.],
           [ 0., -0., -0., -0.,  0., -0.,  0., -0., -0., -1., -1.,  0., -0.,
            -0., -0.,  0.,  0., -0.,  0., -1., -0., -0.,  0.,  0., -0.,  0.,
             1.,  0., -0., -0., -0., -0., -0., -0., -0., -0., -0.,  1.,  0.,
            -0., -0.,  0.,  1.,  0.,  0., -0., -0., -0., -0.,  0., -0., -0.,
             0.,  0.,  0.,  0., -0.,  0., -0.,  0., -0., -0., -0.,  0., -0.,
             0., -0., -1., -0.,  0., -0.,  0.,  0.,  0.,  0.,  1.,  0., -0.,
             0.,  0.,  0.,  0., -0., -0., -0.],
           [-0.,  0., -0.,  0.,  0.,  0.,  0.,  0., -0., -0.,  1.,  0.,  0.,
            -0.,  0., -0., -0., -0., -0., -0.,  0., -0., -0.,  0.,  0., -0.,
             0.,  0., -0., -0., -1., -0., -0., -1., -0., -1.,  0.,  0., -0.,
            -0.,  0., -0., -1., -0.,  0.,  0.,  0., -1.,  0.,  0., -0., -0.,
             0.,  1., -0.,  1., -0.,  0.,  0., -0.,  0., -0., -0., -0., -0.,
             0., -0.,  1.,  0., -0.,  0., -0., -0.,  1., -0., -1.,  0., -0.,
             0.,  0., -0., -0., -0., -0.,  0.],
           [-1., -0.,  0.,  0.,  0.,  0.,  0.,  1.,  0.,  0., -0., -0.,  0.,
            -0., -0.,  0.,  0.,  0.,  0.,  0.,  0.,  0., -0.,  0.,  0.,  1.,
            -0.,  1., -0., -0.,  0.,  0.,  1.,  0.,  0.,  0., -0., -0., -0.,
            -0., -0., -0.,  0.,  0., -0.,  0., -0.,  0., -0., -0., -1.,  0.,
             0., -1., -0., -0., -0., -0.,  0., -0., -0.,  0., -0., -0., -0.,
             0., -0., -0.,  1., -0.,  0., -0.,  0.,  0., -0.,  1.,  0.,  0.,
             0., -0.,  0., -0.,  0., -0.,  0.],
           [-0., -0., -0.,  1., -0., -0., -0., -0., -1.,  0.,  0., -0., -0.,
            -0.,  0., -1., -1., -0., -0., -1.,  0., -0., -0., -0.,  1., -0.,
             1., -0., -0.,  0.,  0., -0., -0.,  0., -0.,  0.,  0.,  1.,  0.,
            -0., -0.,  0., -0., -0.,  0.,  0., -0., -0.,  0., -0.,  0., -0.,
            -0., -0., -0.,  0.,  0., -0.,  0., -0.,  1.,  0.,  0., -0.,  0.,
             0., -0., -0.,  0., -0.,  0., -0.,  0., -1., -1., -0., -0., -0.,
            -0., -0., -0.,  0., -0., -0., -0.],
           [-0.,  0.,  0.,  0.,  0., -0.,  0.,  0., -0.,  0.,  0.,  0., -0.,
             0., -0.,  1., -0., -0., -0., -0., -0.,  0.,  0.,  0.,  0.,  0.,
             0.,  0., -0., -0.,  0.,  0.,  0., -0.,  0.,  0., -0.,  0.,  0.,
            -0., -1., -0.,  0., -0., -0., -0.,  0.,  0.,  0., -0., -0., -1.,
            -0.,  0.,  0., -0., -0.,  1., -0.,  0.,  0.,  0.,  0.,  0.,  0.,
             1., -1.,  0.,  0.,  0., -0., -0.,  1., -0., -0., -0.,  0.,  0.,
             1., -0.,  0., -0.,  0.,  0.,  1.],
           [-0., -1., -1.,  0., -0., -0., -1.,  0., -0., -0.,  0.,  0., -1.,
            -0., -0., -0., -0., -0., -0., -0., -0.,  0., -0.,  0.,  0.,  0.,
             0.,  0., -0.,  0., -0.,  0., -0.,  0.,  0., -0.,  1.,  0., -1.,
             0.,  0., -0.,  0.,  0.,  0.,  0.,  0., -0.,  0., -0.,  0.,  0.,
             0.,  0., -0., -0., -0., -0., -0., -0.,  0., -1.,  0., -0., -0.,
            -0.,  0.,  0.,  0.,  0.,  1.,  0., -0., -0., -0., -0., -0., -0.,
            -0.,  0.,  0., -0., -0., -0., -0.],
           [-0.,  0.,  0., -0.,  0.,  0.,  0.,  0.,  1., -0.,  0.,  0.,  0.,
             0.,  0., -0.,  0.,  0.,  0.,  0., -0.,  0.,  0., -0.,  0.,  0.,
            -0., -1.,  0., -0., -0., -0.,  0., -0., -0., -0., -0., -0., -0.,
             0.,  0.,  0.,  1.,  0., -0.,  0., -0., -0., -0.,  0., -0.,  0.,
             0.,  0.,  0., -0., -0.,  0.,  1.,  0., -0.,  0., -0., -0.,  1.,
            -0.,  0., -1., -0.,  0., -0., -0., -0.,  1.,  1., -0., -0., -0.,
             0.,  0.,  0.,  0., -0., -0.,  0.],
           [-0., -0., -0., -1., -0.,  0., -0.,  0., -0., -0., -0.,  0., -0.,
            -0.,  0., -0.,  1.,  0., -0.,  1.,  0., -0., -0.,  0.,  0., -0.,
            -1., -0.,  0., -0., -0., -0.,  0.,  0., -0., -0.,  0., -1., -0.,
             0.,  0.,  0., -1.,  0.,  0.,  0., -1.,  0., -0.,  0., -0.,  0.,
            -0.,  0.,  0.,  0.,  0.,  0.,  0., -0., -1., -0., -0., -0., -0.,
            -0.,  0., -0.,  0., -0.,  0.,  0., -0., -0., -0.,  0.,  0., -0.,
             0.,  0., -0.,  0., -0., -0.,  0.],
           [ 0., -0., -0.,  0., -0., -0., -0., -0., -1.,  0.,  0.,  0., -0.,
            -1., -0., -0., -0., -0.,  0.,  0., -0., -0.,  0., -0., -0.,  0.,
            -0., -0.,  0., -0., -0.,  0.,  0., -0.,  0., -0.,  0., -0., -0.,
             0.,  0., -0.,  1.,  0.,  1.,  0., -0., -0., -0., -0.,  0.,  0.,
             0.,  0.,  0.,  0.,  0., -0.,  0.,  0.,  0., -0., -0., -1., -1.,
            -0.,  0.,  0.,  0., -0.,  0.,  0., -0., -1., -1., -0., -0., -1.,
            -0., -0.,  0., -0., -1., -1., -0.],
           [-0.,  0.,  0.,  0., -0., -0.,  0.,  0., -0.,  0.,  0.,  0.,  0.,
            -1., -1.,  0., -0., -0.,  0., -0.,  0.,  0.,  0.,  0., -0.,  0.,
             0., -1., -0., -0.,  0.,  1.,  0., -0., -0.,  0., -0.,  0.,  0.,
            -0., -0., -1., -0., -0., -0., -0.,  0.,  0.,  0., -0., -0., -0.,
             0., -0., -0., -0., -0.,  0.,  1.,  0.,  0.,  0.,  0.,  0., -0.,
             0., -0., -1.,  0., -0., -0.,  0.,  0., -0., -0.,  0.,  0., -0.,
             0.,  0., -0., -1.,  0.,  0.,  0.],
           [-0.,  0., -1.,  1.,  0., -0., -0.,  0., -1.,  0.,  0., -0.,  0.,
            -0.,  0.,  0., -1., -0., -0., -1., -0., -0., -0., -0.,  1.,  0.,
             1., -0., -0., -1., -1., -0., -0.,  0., -0.,  0.,  0.,  1., -1.,
             1.,  0.,  0., -0.,  1.,  0., -0., -0.,  1., -1., -0.,  0., -0.,
            -0.,  0., -0., -0.,  0.,  1.,  0.,  0.,  1., -1., -1.,  0.,  0.,
             0., -0., -0.,  0., -0.,  0.,  0.,  0., -1., -1., -0.,  1., -0.,
             1., -0., -0.,  0.,  1.,  0.,  1.],
           [ 0.,  0., -0.,  0.,  0.,  0.,  0., -0., -0.,  0., -0.,  0., -0.,
             0., -0., -0., -0.,  0., -0., -0.,  0.,  0.,  0.,  0.,  0., -0.,
             0., -0.,  0.,  1., -0.,  0.,  0., -0.,  0., -0., -0.,  0., -0.,
             0.,  0., -0.,  0.,  0., -0.,  0., -0., -1., -0., -0.,  0., -1.,
             0.,  0.,  0.,  0.,  0., -0.,  0., -0.,  0., -0., -0., -0.,  0.,
             1., -1., -0., -0.,  0., -0., -0.,  1., -0., -0.,  0., -1.,  0.,
            -0.,  0.,  0., -0., -1.,  0., -0.],
           [ 0.,  0.,  0.,  0., -0.,  0., -1., -0., -0., -0., -0.,  0.,  0.,
             0., -0.,  0., -0.,  0., -0., -0., -0.,  0., -0., -0.,  0.,  0.,
             0.,  0.,  0., -0.,  1.,  0., -0.,  0.,  0., -0.,  1.,  0.,  0.,
            -1., -0., -0.,  0., -1., -0.,  0., -0.,  0., -0., -0.,  0., -0.,
             0., -0., -0., -0., -0.,  0., -0., -0.,  0.,  0., -0., -0.,  0.,
            -0., -1.,  0., -0.,  0.,  1., -0., -0., -0., -0.,  0.,  0.,  0.,
             0.,  0.,  0., -0.,  0.,  0.,  0.],
           [-0., -0., -0.,  0.,  0., -0.,  0., -0., -0.,  0.,  0., -1.,  0.,
             0.,  0., -0., -0., -0.,  0.,  0.,  0.,  0.,  0.,  0.,  0., -0.,
            -0., -1., -0., -0., -0., -0.,  0., -0.,  0.,  0., -0., -0., -0.,
             0., -0.,  0.,  1.,  0.,  1., -0., -0.,  0., -0., -0., -0.,  0.,
            -1., -0., -0.,  1.,  1.,  0.,  1.,  0.,  0., -0., -0.,  0., -0.,
            -0.,  0., -1., -0.,  0., -0.,  0., -0.,  1., -0.,  0.,  0., -0.,
             0.,  0., -0.,  0., -0.,  0.,  0.],
           [-0.,  0., -0.,  0.,  0., -1., -0.,  0., -0., -0., -0., -0.,  0.,
            -0.,  0.,  0., -0., -1., -0.,  1.,  0.,  0.,  0., -0.,  0., -0.,
            -1., -0., -1., -0., -0., -0.,  0.,  0., -0.,  1.,  0., -1., -0.,
             0., -0.,  0., -1.,  0.,  0., -0.,  0.,  0., -0., -0.,  0.,  0.,
            -0.,  0.,  0., -0., -0.,  0.,  0.,  0.,  0., -0., -0.,  1.,  0.,
            -0.,  0., -0.,  0., -0.,  0.,  0., -0., -0., -0.,  0.,  0., -0.,
             0., -0., -0.,  0., -0.,  0.,  0.],
           [ 0.,  0., -0.,  0., -0.,  1., -0., -0.,  0., -0.,  0., -0.,  0.,
             0., -0.,  0., -0., -0.,  0.,  0., -0.,  0.,  0., -0.,  0.,  0.,
            -0., -0.,  0., -0., -0.,  0.,  0.,  1., -0., -0.,  0., -0., -0.,
             0.,  0., -0.,  1., -0., -0., -0.,  0., -0., -0., -0.,  0.,  0.,
            -0.,  0.,  0., -1., -1.,  0.,  0., -0.,  0., -0., -0., -1.,  0.,
            -0.,  0.,  0.,  0.,  0.,  0., -0., -0., -1.,  0., -0., -0.,  0.,
             0., -0.,  0.,  0., -1.,  0.,  0.],
           [-0.,  0.,  0., -0., -0., -0., -0.,  0., -0., -0.,  0., -1.,  0.,
             0., -1.,  0.,  0.,  0.,  0., -0.,  0.,  0.,  0.,  0., -0.,  0.,
             0., -1.,  0.,  0.,  0.,  1.,  0.,  1., -0., -0., -0.,  0.,  0.,
            -0.,  0., -1., -0., -0., -0.,  1.,  0., -0.,  0., -0., -0., -0.,
             0., -0., -0., -0., -0., -0.,  1., -1., -0.,  0.,  0.,  0., -0.,
             0., -0., -1.,  0.,  0.,  0., -1.,  0., -0., -0.,  0.,  0.,  1.,
            -0.,  0.,  1., -1.,  0., -0., -0.],
           [-0.,  0.,  0.,  1.,  0.,  0., -0.,  0., -1.,  0.,  0., -0.,  0.,
            -0., -0.,  0., -1., -0., -0., -1., -0., -0., -0.,  0.,  1.,  0.,
             1., -0., -0.,  0.,  0.,  1.,  1.,  0., -0.,  0., -0.,  1., -1.,
            -0.,  0.,  0., -0., -0., -0.,  0., -0., -0.,  0.,  1.,  0., -0.,
            -0.,  0.,  1., -0., -0.,  1.,  0., -0., -0., -1.,  0.,  0.,  0.,
             0., -0., -0.,  0., -0.,  0.,  0.,  0., -1., -1., -0., -0.,  0.,
            -0.,  1.,  0., -0., -0.,  0.,  1.],
           [ 0.,  0.,  0.,  0., -0., -0.,  0.,  0., -0.,  0., -0., -0., -0.,
            -0., -0., -0., -0., -0.,  0., -0.,  0.,  0., -0., -0.,  0., -0.,
             0., -0.,  0., -0., -0., -1., -1., -0.,  0., -0.,  0.,  0., -0.,
             0.,  0., -0.,  0., -0.,  0., -0., -0.,  0.,  0.,  0., -0., -1.,
            -0.,  0., -1.,  0.,  0., -0.,  0., -0., -0., -0.,  0.,  0.,  0.,
             1., -1., -0., -0., -1., -0., -0.,  1., -0., -0.,  0.,  0., -0.,
            -0.,  0.,  0., -0.,  0., -0., -0.],
           [ 0.,  0.,  0.,  0., -0., -0., -1., -0., -0., -0.,  0.,  0.,  0.,
             0.,  0.,  0., -0., -0.,  0., -0.,  0.,  0.,  0.,  0.,  0., -0.,
            -1.,  0., -0.,  0., -0.,  0.,  0.,  0.,  0.,  0., -0.,  0.,  0.,
             0., -0., -0.,  0.,  0., -0.,  0., -0.,  0.,  0.,  0.,  0.,  0.,
            -0., -0.,  0., -0., -0.,  0., -0.,  0., -0.,  0.,  0.,  0.,  0.,
             1., -1.,  0., -0., -1.,  1., -0., -0., -0., -0., -0.,  0.,  0.,
            -0., -1., -0.,  0., -0.,  0.,  0.],
           [-0., -0.,  0.,  0.,  0.,  0.,  0., -0., -0., -0.,  0., -1.,  0.,
            -0.,  0., -0., -0.,  0., -1.,  0., -0.,  0., -1.,  0.,  0.,  0.,
            -0., -1., -0.,  0.,  0., -0., -0.,  0.,  0.,  0.,  0., -0., -0.,
            -0., -0.,  0.,  1.,  0., -0., -0., -0.,  0.,  0.,  0., -0.,  0.,
             0.,  0., -0., -0., -0.,  0.,  1., -1.,  0., -0., -0., -0., -0.,
            -0.,  0., -1.,  1.,  0., -0.,  0., -0.,  1., -0., -0.,  0., -0.,
             0.,  0., -0., -1., -0., -0.,  0.],
           [-0.,  0.,  0.,  0.,  0.,  0., -0., -0., -0., -0.,  0., -0.,  0.,
             0., -1.,  0., -0.,  0., -0.,  1., -1., -0., -0.,  0.,  0.,  1.,
            -1.,  0., -0.,  0.,  0., -0., -0.,  0., -0.,  0., -0., -1., -0.,
            -0.,  0.,  0., -1., -0., -0., -0.,  0.,  0.,  0.,  0.,  0.,  0.,
            -0.,  0., -0., -0., -0.,  0., -0.,  0.,  0., -0.,  0., -0.,  0.,
             0., -0., -0.,  0., -0.,  0.,  0., -0., -0., -0., -0.,  0.,  0.,
            -0.,  0.,  1.,  0.,  0.,  0.,  0.],
           [ 0.,  0., -0.,  0., -0., -0., -0.,  0.,  0., -0.,  0., -0., -0.,
             0.,  1.,  0., -0.,  0., -0.,  0.,  1.,  0., -0.,  1.,  0., -1.,
            -0., -0., -1.,  0.,  1., -1., -1.,  1., -0.,  1., -0., -0.,  0.,
            -1., -0., -0.,  1.,  0., -0., -0.,  0.,  1., -0.,  0.,  0.,  0.,
            -0.,  0., -1., -1., -1.,  0.,  0., -0.,  0., -0.,  0.,  0.,  0.,
             0., -0., -0.,  0.,  0.,  0., -0., -0., -1.,  0.,  0.,  1.,  0.,
            -0.,  1., -1., -0.,  0.,  0.,  0.],
           [ 1.,  0.,  0., -0.,  0., -0., -0.,  0.,  0., -0.,  0., -1.,  0.,
             0., -1.,  0.,  0., -0.,  0., -0.,  0.,  0., -1.,  0., -0.,  0.,
             0., -1., -0., -0.,  0.,  1.,  0., -0., -0.,  0., -0.,  0.,  0.,
            -0., -0.,  0., -0.,  0.,  0., -0., -0.,  0.,  0., -0., -0., -0.,
            -0., -0., -0.,  0.,  0., -0.,  1., -1., -0.,  0., -0.,  0.,  0.,
             0., -0., -1., -0., -0.,  0.,  0.,  0., -0.,  0.,  0.,  0., -0.,
             0., -0.,  1., -1., -0., -0., -0.]], dtype=np.float32), np.array([[-0., -0.,  0., -0.,  0., -0.,  0., -0.,  0.,  0.,  0., -0., -0.,
            -0., -0., -1., -0., -0., -0.,  0.,  0., -0.,  0.,  0., -1.,  0.,
            -0., -0.,  0.,  0.,  0., -0., -0., -0., -0.,  0.,  0.,  0.,  0.,
            -0.,  1., -0., -0., -0.,  0.,  0., -0.,  0., -0.,  1., -0., -0.,
             0., -0.,  0.,  0.,  0., -1.,  0., -0.,  0.,  0., -1.,  0.,  0.,
             0., -0.,  0.,  0.,  0., -0., -0., -0., -0.,  0., -0., -0.,  0.,
             1.,  0., -0., -0.,  0.,  0., -1.],
           [-0., -0.,  0., -0.,  0.,  0.,  0., -0., -1.,  0., -0.,  0.,  0.,
            -0., -0.,  0., -0., -0.,  0., -0.,  0.,  0., -0., -0., -1., -0.,
             0., -0.,  0., -0., -0., -0., -0., -0., -0., -0., -0., -0.,  0.,
            -0., -0., -0.,  0.,  0.,  0.,  0., -0., -0., -1.,  1., -0., -0.,
             0.,  0.,  0.,  0., -0.,  0.,  0.,  0.,  0.,  0.,  0., -0., -1.,
            -0.,  0.,  0., -0., -0., -0., -0., -0., -0., -1.,  0., -0.,  0.,
            -0.,  0.,  0.,  0., -0., -0.,  0.],
           [-0., -0.,  0.,  1., -0.,  0., -0., -0.,  0., -0., -0.,  0., -0.,
            -0., -0.,  0.,  1., -0.,  0.,  0.,  0., -0., -0., -0., -1.,  0.,
            -0., -0.,  0.,  0.,  0., -0., -0.,  0.,  0.,  0.,  0.,  0.,  0.,
            -0., -0., -0., -0., -0., -0., -0.,  1.,  0.,  0.,  1.,  0., -0.,
            -0.,  0.,  0., -0., -0.,  0., -0.,  0., -1.,  0., -1.,  0., -0.,
             0.,  0.,  0., -0.,  0., -0., -0., -0.,  0.,  0., -0., -0., -0.,
            -0.,  0., -0.,  0.,  0.,  0.,  0.],
           [ 0., -1.,  1.,  0.,  0.,  0., -0., -0., -0.,  0., -0.,  0., -0.,
            -0., -0., -0.,  0.,  0., -0., -0., -0., -0., -0.,  0.,  1., -0.,
            -0., -0., -0.,  0.,  0., -0.,  0.,  0., -0., -0., -0.,  0.,  1.,
             0.,  0., -0., -0.,  0., -0., -0.,  0., -0.,  0., -1.,  0.,  0.,
            -0., -0.,  0., -0., -0., -0.,  0.,  0., -0.,  1.,  1.,  0., -0.,
            -0.,  0.,  0., -0.,  0.,  0.,  0., -0.,  0., -0.,  0., -0., -0.,
             0., -0.,  0.,  0.,  0.,  0.,  0.],
           [ 0., -0.,  0.,  0.,  0., -0.,  0.,  0., -0.,  0., -0., -0.,  0.,
            -0.,  0.,  0.,  0., -0.,  0.,  0.,  0., -0.,  0., -1.,  0., -0.,
            -0.,  0.,  0., -1., -0.,  0., -0.,  0., -0., -0., -0.,  0.,  0.,
             0.,  1.,  0.,  0.,  0., -0., -0.,  0., -0., -0.,  1.,  0.,  1.,
             0.,  0., -1., -0., -0., -1., -0., -0., -0.,  0., -1., -0., -0.,
             0.,  0., -0., -0.,  0.,  0.,  0., -0.,  0., -0.,  0.,  1., -0.,
             1., -0., -0.,  0., -0., -0.,  0.],
           [ 0., -0.,  0.,  0., -1.,  0.,  0.,  0.,  0., -0.,  0., -0., -0.,
            -0.,  0.,  0., -0., -0., -0.,  0., -0., -0.,  0., -1.,  0., -0.,
            -0.,  0., -0.,  0., -0.,  0., -0.,  0.,  1., -0.,  0.,  0.,  0.,
             0., -0.,  0.,  0.,  0., -0., -0.,  0.,  0., -1.,  1.,  0., -0.,
            -0.,  0., -1., -0.,  0., -1., -0., -0., -0.,  0.,  0., -0.,  0.,
             0., -0., -0.,  0.,  0., -0.,  0.,  1.,  0.,  0.,  0.,  1., -0.,
            -0.,  0., -0., -0., -0., -0., -0.],
           [ 0., -0.,  0.,  0.,  0., -0., -0.,  0.,  0., -0.,  0., -0., -0.,
            -0.,  0.,  0., -0.,  0., -0., -1.,  0.,  1.,  0., -1., -0.,  0.,
             1.,  0., -0., -1., -0.,  0., -0.,  0., -0.,  0.,  0., -1.,  0.,
             0., -0.,  0.,  0.,  0.,  0., -0.,  0.,  0.,  0.,  1., -0., -0.,
             0.,  0., -1.,  0., -0., -1.,  0., -0.,  0.,  0., -1.,  0.,  0.,
            -1., -0., -0.,  0., -1., -0.,  0.,  1., -0.,  0.,  0.,  1., -0.,
             1.,  0.,  0., -0., -0., -0., -0.],
           [-0., -1.,  1., -0., -0.,  0.,  0.,  1.,  0., -0.,  0., -0., -0.,
             0.,  0.,  0.,  0.,  0.,  0., -0., -0.,  0., -0.,  1., -0.,  0.,
             0.,  0., -0., -0., -1.,  0., -1., -0.,  0.,  0.,  0., -0.,  1.,
             1.,  0.,  0.,  0.,  1., -0.,  0.,  0.,  1.,  0., -1., -0., -1.,
            -0.,  1., -0., -0.,  0., -0., -0.,  0., -0.,  1.,  1., -0., -0.,
            -0., -0., -0., -0., -0.,  0., -0.,  0.,  0.,  0., -0.,  0.,  0.,
             0.,  0., -0.,  0., -0., -0., -1.],
           [-0., -0., -1., -0., -0., -0.,  0.,  0.,  0., -0.,  0.,  0.,  1.,
             0., -0.,  0., -0., -0., -0., -0., -0., -0., -0.,  1.,  0.,  0.,
             0.,  0.,  0., -0.,  0.,  0.,  0., -0., -0.,  0., -1., -0., -0.,
             1., -0., -0., -0.,  1., -0.,  0., -0.,  0., -0.,  1.,  0., -1.,
             0., -0., -0., -0., -0.,  0., -0.,  0.,  0., -1., -1.,  0., -0.,
            -1.,  1.,  0., -0.,  0.,  1., -0.,  1.,  0., -0., -0.,  0.,  0.,
            -0., -1., -0.,  0.,  0.,  0.,  0.],
           [-0., -0.,  0.,  0.,  1.,  0.,  0.,  0.,  0., -0., -0.,  0., -0.,
             0., -0., -0.,  0., -0., -0., -0.,  0., -0., -0.,  1.,  0.,  0.,
             0.,  0.,  0.,  0., -0., -0.,  0., -0.,  0.,  0.,  0., -0.,  0.,
             1.,  0., -0., -0., -0.,  0.,  0., -0., -0., -1.,  1.,  0.,  0.,
             0.,  0., -0., -0., -0., -0., -0.,  0.,  0., -1.,  0., -0.,  0.,
             0., -0.,  0., -0.,  0.,  1., -0., -0.,  0.,  0., -0.,  0.,  0.,
             0., -1., -0.,  0.,  0., -0., -0.],
           [-0., -0., -1., -0., -0.,  0.,  0.,  0., -0.,  0., -0.,  0., -0.,
             0., -0., -0., -0., -0.,  0.,  1., -0.,  0., -0.,  1.,  0.,  0.,
            -1.,  0.,  0., -0.,  0.,  0.,  0., -0., -0., -0., -1.,  1.,  0.,
             1.,  0.,  0., -0.,  1., -0.,  0., -0., -0.,  0.,  1.,  0.,  0.,
            -0., -0., -0., -0., -0., -0., -0.,  0.,  0., -1., -1., -0., -0.,
             0., -0.,  0., -0., -0.,  1.,  0., -0.,  0., -0., -0.,  0.,  0.,
             0., -1.,  0.,  0., -0.,  0., -0.],
           [-0., -1.,  1.,  0.,  0.,  0.,  1.,  0.,  0.,  0., -0.,  0.,  0.,
            -0.,  0.,  0.,  0.,  0.,  0.,  0., -0., -0.,  0., -1., -0., -0.,
            -0.,  0., -0.,  0., -0.,  0., -0.,  0., -0., -0., -0.,  0., -0.,
            -1.,  0.,  0.,  0., -1., -0., -0., -0.,  0.,  0., -1., -0., -0.,
            -0.,  0.,  0.,  0.,  0.,  0., -0., -0., -0.,  1.,  1., -0.,  0.,
            -0.,  0., -0.,  0.,  0.,  0.,  0.,  0., -0.,  0.,  0., -0., -0.,
            -0.,  1., -0.,  0., -0.,  0., -0.],
           [-0.,  0., -0., -0., -0., -0., -0.,  0.,  0., -0.,  0., -0.,  0.,
            -0.,  0.,  0.,  0.,  0.,  0.,  0.,  0., -0.,  0., -0., -1., -0.,
             0.,  1., -0., -0., -0.,  1.,  1.,  1., -0.,  0., -0.,  0.,  0.,
             0., -0., -0., -0.,  0., -1., -1., -0.,  0., -0., -0.,  1.,  0.,
             0., -0.,  1., -1., -0.,  0., -1., -0., -0., -0.,  0.,  0., -1.,
            -0.,  0., -0., -1., -0.,  0.,  0.,  0.,  1., -1.,  0.,  0., -1.,
            -0., -0., -0.,  1.,  0., -0.,  0.],
           [-0.,  0., -0.,  0.,  0., -0., -0., -0.,  0.,  0.,  0., -0., -0.,
            -0.,  0., -0.,  0.,  0., -1., -0.,  0., -0., -0., -0., -1., -0.,
            -0., -0.,  0.,  0., -0., -0., -0.,  1.,  0., -0.,  0., -0., -0.,
             0.,  0., -0., -0.,  0., -1., -1., -0., -0.,  0., -0., -0., -0.,
            -1.,  0., -0., -1., -0., -0.,  0., -0., -0., -0., -0.,  0., -1.,
             0., -0., -0.,  0.,  0.,  0., -0.,  0.,  1., -1.,  0.,  0., -1.,
            -0., -0., -0., -0., -0., -0., -0.],
           [-0.,  0., -0., -0., -0.,  0.,  0.,  0.,  0.,  0., -1.,  1.,  0.,
            -0., -1., -0., -0., -0.,  0.,  0., -1.,  0.,  0., -0., -1.,  1.,
             0., -0.,  0.,  0.,  0., -0., -0.,  1.,  0., -0., -0.,  0., -0.,
             0.,  0., -0.,  0.,  0., -1., -1., -0., -0.,  0., -0.,  1., -0.,
            -1.,  0., -0., -1., -0., -0., -1.,  1.,  0., -0.,  0., -0., -1.,
            -0., -0.,  1., -1., -0.,  0., -0.,  0.,  1., -1., -1., -0., -1.,
             0., -0.,  1.,  1., -0., -0., -0.],
           [ 0.,  0., -0.,  0.,  0.,  0.,  0., -1., -0.,  0., -0.,  0., -0.,
            -0., -0.,  0., -0., -0., -0., -0., -0.,  0., -0.,  0.,  1.,  0.,
             0.,  0.,  0., -0., -0.,  0.,  0., -1.,  0., -0.,  0., -0., -0.,
             0., -0., -0., -0.,  0., -0.,  1., -0.,  0., -0.,  0., -1., -0.,
            -0.,  0.,  0.,  1.,  0., -0., -0.,  0.,  0., -0., -0., -0., -0.,
             0., -0.,  0.,  1., -0., -0., -0.,  0., -1.,  1., -0.,  0.,  1.,
            -0.,  0.,  0.,  0.,  0., -1., -0.],
           [ 0., -0., -0.,  1.,  0., -0., -0., -0.,  0.,  0., -0.,  0.,  0.,
            -0.,  1.,  0.,  0., -0., -0., -1.,  0., -0., -0.,  1., -1., -1.,
            -0.,  1.,  0.,  1.,  0.,  1.,  1., -0.,  0., -1., -0., -0.,  0.,
             0., -0., -0.,  1.,  0.,  0.,  0.,  1., -1., -0., -0., -0.,  0.,
            -0., -0.,  1.,  0.,  0.,  0.,  0.,  0.,  0., -0.,  0., -1.,  0.,
            -0.,  0., -1.,  0.,  0.,  0.,  0.,  0., -0.,  0.,  1., -1.,  0.,
            -0., -0.,  0., -0., -1.,  0.,  0.],
           [-0.,  0.,  0., -0., -1.,  0., -0., -0., -1., -1.,  0., -0., -0.,
            -0., -0., -0., -1., -0.,  0.,  0., -1.,  0., -0.,  1., -1.,  0.,
             0., -0., -1., -0.,  0., -0., -0., -0.,  0.,  0.,  0.,  1., -0.,
             0.,  0., -0., -0., -0.,  0.,  0., -0.,  0.,  0., -0., -0.,  0.,
             0., -0., -0.,  0., -0., -0.,  0.,  0., -0., -0., -0.,  0., -1.,
            -0.,  0.,  0.,  0., -0.,  0., -0.,  0., -0., -1., -0.,  0.,  0.,
             0., -0., -0., -0.,  0., -0., -0.],
           [-0.,  0., -0.,  1.,  0.,  0., -0., -0.,  0.,  0.,  0., -0., -0.,
            -0.,  0., -0., -0.,  1.,  0., -1., -1.,  0., -0.,  1., -1.,  0.,
            -0., -0., -1., -0.,  0., -0., -0., -0.,  0.,  0., -0., -0., -0.,
             0.,  0., -0., -0.,  0.,  0.,  0.,  1.,  0., -0., -0., -0.,  0.,
             0., -0., -0.,  0.,  0., -0.,  0., -0.,  0., -0.,  0.,  0.,  0.,
            -0., -0.,  0.,  0., -0.,  0., -0.,  0., -0.,  0., -0.,  0.,  0.,
             0., -0., -0., -0.,  0.,  0., -0.],
           [ 0.,  0., -0., -1., -0.,  0.,  0., -1., -0., -0.,  0., -0., -0.,
            -0.,  0.,  0., -0.,  0., -0.,  1., -0.,  0.,  0., -1.,  1.,  1.,
             0.,  0., -0.,  0.,  1.,  0., -0.,  0., -0.,  1.,  0.,  0., -0.,
            -1., -0., -0.,  0., -1.,  0., -0.,  0.,  0., -0.,  0.,  0., -0.,
             0.,  0.,  0., -0., -0.,  0.,  0., -0.,  0., -0., -0., -0., -0.,
            -0., -0., -0., -0., -0., -0.,  0.,  0.,  0., -0., -1., -0., -0.,
            -0.,  0., -0., -0., -0.,  0., -0.],
           [ 0., -0.,  0., -0., -0.,  0., -0.,  0., -0., -0.,  0., -0., -0.,
             0., -0.,  0.,  0., -0., -0.,  0., -0.,  0.,  0.,  1.,  0.,  0.,
             0., -0.,  0.,  1.,  0., -0., -0.,  1.,  0., -0.,  0.,  0.,  0.,
            -0.,  0., -0., -0., -0.,  0., -1., -0., -1., -0.,  0., -0.,  0.,
             0.,  0., -0.,  0., -0., -0.,  0., -0., -0.,  0.,  0., -0.,  0.,
             0., -0.,  0.,  0., -0., -0.,  0., -0., -0.,  0., -0., -1., -1.,
             0.,  0., -0., -0., -1., -0.,  0.],
           [-0.,  0.,  0.,  0.,  0.,  0.,  0., -0.,  0.,  0.,  0., -0., -0.,
             0.,  0., -0.,  0., -0.,  0., -0.,  0., -0., -0.,  1.,  0., -0.,
            -0., -0.,  0., -0.,  0., -0., -0.,  1.,  0., -0.,  0., -0., -0.,
            -0., -0., -0.,  0., -0., -1., -1.,  0.,  0.,  0., -0., -0.,  0.,
            -1., -0., -0., -1.,  1., -0.,  0.,  0., -0.,  0.,  0., -0.,  0.,
             0., -0., -0.,  0.,  0., -0.,  0.,  0., -0.,  0.,  0.,  0., -1.,
            -0.,  0., -0., -0.,  0., -0., -0.],
           [-0.,  0., -0., -0.,  0., -1.,  0.,  0., -0.,  0.,  0., -0.,  0.,
             0.,  0., -0., -0.,  1.,  0.,  0.,  0.,  0.,  0.,  1.,  0., -0.,
             0.,  0., -1., -0.,  0.,  0.,  0.,  1., -0.,  1.,  0., -0., -0.,
            -0.,  0., -0.,  0., -0.,  0., -1., -0.,  0., -0., -0., -0., -0.,
             0., -0., -0.,  0., -0., -0.,  0., -0.,  0., -0.,  0.,  1.,  0.,
            -0., -0., -0.,  0., -0., -0.,  0.,  0., -0.,  0.,  0.,  0., -1.,
             0.,  0., -0., -0.,  0., -0., -0.],
           [-0.,  0., -0.,  0.,  0., -0., -0.,  0.,  0.,  0., -0.,  0.,  0.,
            -0., -0., -0., -0.,  0., -0., -0.,  0.,  0.,  0., -1., -0., -0.,
            -0., -0., -0.,  0.,  1.,  0., -0., -1.,  0., -0., -0., -0.,  0.,
            -1.,  0., -0., -0., -1., -0.,  1., -0., -0., -0.,  0.,  0., -0.,
            -0.,  0., -0., -0.,  0., -0., -0.,  0.,  0., -0., -0.,  0.,  0.,
            -0.,  0.,  0., -0., -0.,  0., -0.,  0.,  0., -0.,  0., -0.,  1.,
             0., -0.,  0.,  0., -0., -1., -0.],
           [-1.,  0.,  0.,  0.,  0.,  0.,  0.,  0.,  0.,  0.,  0., -0., -0.,
            -0., -0., -0., -0., -0., -0., -0., -0., -0.,  0.,  0., -0.,  0.,
            -0.,  0.,  0.,  0.,  0., -1., -1.,  0., -0., -0.,  0., -0., -0.,
            -0.,  0., -1.,  0., -0., -0.,  1.,  0., -0.,  0.,  0.,  0., -0.,
             0., -0., -1., -0., -0., -0., -0., -0.,  0., -0., -0., -0., -0.,
             0., -0., -0., -0.,  0., -0.,  0., -0.,  0., -0.,  0., -0., -0.,
             0.,  0.,  0.,  0., -0.,  0., -0.],
           [-1., -0.,  0., -0., -0.,  0.,  0.,  0., -0., -0.,  0., -0., -0.,
            -0., -0.,  0., -0., -0.,  1.,  0., -0.,  0., -1.,  0., -0.,  0.,
             0., -0., -0., -0.,  0.,  0.,  0.,  0., -0., -0.,  0.,  0.,  0.,
            -0.,  0., -1.,  0., -0., -0., -0., -0.,  0.,  0.,  0., -0.,  0.,
            -0.,  0.,  0., -0., -0.,  0.,  0.,  1.,  0.,  0.,  0., -0., -0.,
            -0.,  0., -0., -1., -0., -0., -1., -0.,  0., -0.,  0., -0., -0.,
             0.,  0.,  0.,  1.,  0.,  0.,  0.],
           [-1., -0.,  0.,  0., -0.,  0., -0.,  0.,  0.,  0., -0.,  0., -0.,
            -0.,  1.,  0.,  0.,  0., -0., -0.,  1., -0.,  0.,  0., -0., -1.,
            -0., -0., -0.,  0.,  0.,  0.,  0.,  0.,  0., -0.,  0.,  0.,  0.,
            -0.,  0., -1., -0., -0., -0., -0.,  0.,  0.,  0.,  0.,  0.,  0.,
            -0.,  0.,  0., -0., -0.,  0., -0.,  0., -0.,  0.,  0., -0., -0.,
             0.,  0.,  0., -0.,  0., -0., -1., -0.,  0., -0., -0., -0., -0.,
            -0.,  0., -1.,  0.,  0.,  0., -0.],
           [ 1.,  0., -0., -0., -0.,  0., -0.,  1., -0., -0., -0.,  0.,  0.,
            -1.,  0., -0.,  0., -0.,  0.,  0.,  0., -0., -0., -0.,  0., -0.,
            -0.,  0.,  0.,  0.,  0., -0., -0., -0., -0.,  0., -0.,  0.,  0.,
            -0., -0., -0.,  0., -0., -0., -1.,  0., -0., -0.,  0., -0.,  0.,
             0., -0., -0.,  0., -0.,  0., -0.,  0., -0., -0., -0., -0., -0.,
             0.,  0.,  0.,  0.,  0.,  0., -0., -0., -0.,  0., -0., -0., -1.,
            -0.,  0., -0.,  0., -0.,  1.,  0.]], dtype=np.float32))
    

    
def decomposition_456():
    return (np.array([[ 0., -0.,  0.,  0.,  0.,  0., -1., -0.,  1.,  0.,  0., -0.,  0.,
            -0.,  0., -0., -0.,  0., -0., -1., -1.,  0., -0.,  0., -0., -1.,
            -0.,  0.,  1., -1., -0.,  0., -0.,  1., -0.,  1., -0.,  0.,  0.,
            -0.,  0.,  0., -1.,  1.,  0., -1., -0., -0.,  0.,  0., -0., -0.,
            -1.,  0., -0.,  1.,  0., -0.,  0., -0.,  0.,  1., -0., -0.,  1.,
            -0., -0.,  0., -0.,  0., -1.,  1., -0.,  0.,  1., -0., -0., -0.,
             0., -0.,  0.,  0.,  1.,  0.,  1., -0.,  0.,  0., -0.,  0.],
           [-0.,  0., -0., -0.,  0.,  1., -0., -0.,  0., -1.,  1.,  0., -1.,
             0.,  0.,  0.,  1., -1.,  1., -0.,  0., -1.,  0., -0., -0.,  0.,
             0., -0., -0., -0., -0., -0.,  0., -0., -0., -0., -1.,  0.,  0.,
             1.,  0.,  0., -1., -0.,  0.,  0.,  0., -0., -0.,  1.,  1.,  0.,
             0.,  0., -0., -0., -1., -0.,  0.,  0., -0.,  0.,  1.,  1.,  0.,
             0.,  1.,  0., -0., -1., -0., -0.,  0.,  0., -0.,  1.,  0., -1.,
             1., -0., -0.,  1., -0., -1., -0., -0.,  0., -0.,  1.,  1.],
           [ 0.,  0.,  0.,  0., -0., -0., -0.,  0.,  0.,  0., -0.,  0.,  1.,
             0.,  0.,  0.,  0.,  0., -0.,  0.,  0., -0., -0., -1., -0.,  0.,
            -0.,  1., -0., -0., -0., -0., -0., -0., -0.,  0.,  0.,  0.,  1.,
             0., -0., -1.,  0., -0., -0.,  0., -0.,  1.,  0., -0., -1., -0.,
            -0., -0., -0., -0., -0., -1.,  0.,  0., -1., -0.,  0., -0.,  0.,
            -0., -0.,  0., -0., -0., -0., -0., -0.,  0., -0., -0., -0., -0.,
             0., -0., -0.,  0., -0., -0., -0.,  0., -0., -0., -1., -0.],
           [ 0.,  0., -0.,  0., -0.,  0., -0., -0.,  1.,  0., -1., -0.,  0.,
            -1., -0.,  0.,  0.,  0.,  0., -0.,  0.,  0.,  0., -0.,  0.,  0.,
             0., -0.,  0., -1.,  0.,  0., -0.,  1.,  0.,  0.,  0., -1.,  0.,
             0.,  0.,  1., -1.,  1., -0., -1., -0.,  0.,  0., -0.,  0., -0.,
            -1., -0.,  0., -0.,  0.,  0., -0.,  0.,  1., -0., -0., -0.,  1.,
             0., -1., -0.,  0.,  0., -1., -0., -1.,  0., -0., -0., -0.,  0.,
             0., -0.,  0., -0.,  0., -0.,  1., -0., -0., -1., -0.,  0.],
           [-0.,  0., -0., -0.,  0., -0., -0., -0.,  0.,  0.,  0.,  0., -0.,
             1.,  0.,  0., -1.,  0.,  0.,  0., -0.,  0.,  0., -0., -0., -0.,
            -0., -1., -0.,  1.,  1.,  0.,  0.,  0., -0., -0., -0.,  1., -0.,
            -0.,  1., -0., -0., -1., -0.,  1., -0., -1.,  0.,  0.,  0., -0.,
             1., -1., -0.,  0.,  0., -0., -0., -0., -0.,  0., -0., -0., -1.,
             0.,  0., -0., -0., -0.,  1.,  0., -0.,  0.,  0.,  0., -0., -0.,
            -1.,  0.,  0.,  0., -0.,  1., -1.,  0., -0., -0.,  0., -1.],
           [ 0., -0.,  1.,  0.,  0., -0.,  0., -0., -0.,  0.,  0., -1.,  0.,
             0.,  0., -0.,  0., -0., -0., -0.,  0., -0., -1.,  0., -0., -0.,
             0., -0., -0.,  0., -0., -1.,  1., -0., -0., -0., -0.,  0., -0.,
            -0.,  0., -0.,  1.,  0.,  0.,  0.,  0., -0.,  0.,  0., -0.,  1.,
            -0., -0., -1., -0., -0., -0., -1., -0.,  0.,  0., -0.,  0.,  0.,
            -0., -0.,  0.,  0., -0.,  0.,  0.,  0.,  0., -0., -0.,  0., -0.,
             0., -1.,  0.,  0.,  0., -0., -0.,  0., -1., -0.,  0., -0.],
           [-0.,  0.,  0., -0., -0., -0., -0., -0., -0.,  1., -0.,  0., -0.,
             0.,  1.,  0., -0.,  1.,  0., -0.,  0.,  0.,  0.,  0., -0., -0.,
             0., -0., -0., -0.,  0.,  0., -0.,  0.,  0.,  0.,  0., -0., -0.,
            -0., -0., -0.,  1., -0.,  0.,  0., -0.,  0., -0., -1.,  0.,  0.,
             1.,  0.,  0.,  0.,  0., -0.,  1., -0.,  0.,  0., -1.,  0.,  0.,
             0.,  0., -0.,  0., -0.,  0.,  0.,  0., -0.,  0.,  0., -0., -0.,
            -1., -0., -0., -1., -0., -0., -1.,  0., -0.,  0., -1., -1.],
           [-0.,  0., -0., -0., -0.,  0., -0., -0., -0., -0.,  0.,  0., -0.,
             0., -1., -0., -1., -0., -0.,  0., -0., -0., -0., -0.,  0., -0.,
            -1., -1.,  0., -0.,  0., -0.,  0.,  0., -0., -0., -0., -0.,  0.,
             0., -0., -0.,  0., -1.,  0.,  0.,  0., -1., -0.,  0., -0.,  0.,
            -0.,  0., -0.,  0., -0., -0.,  0., -0.,  0., -0.,  0., -0.,  0.,
            -1., -0., -0., -0., -0.,  1., -0.,  0.,  0.,  0.,  0.,  0.,  0.,
            -0.,  0., -0.,  0., -0.,  1.,  0., -0.,  1.,  0.,  1.,  0.],
           [ 0., -0., -0.,  1., -0.,  0., -0.,  0., -1.,  0.,  0., -0., -0.,
            -0.,  0.,  0.,  0., -0.,  0.,  0.,  0., -0., -0.,  0., -0.,  0.,
            -0., -0., -0., -0.,  0.,  0.,  1.,  0.,  0., -0.,  1., -0.,  0.,
            -0., -0., -0.,  1.,  0.,  0.,  0.,  0., -0., -0., -0.,  0.,  1.,
            -0.,  1.,  0.,  0.,  0.,  1., -1.,  0.,  0.,  0., -0.,  0., -0.,
            -0., -0.,  0., -0.,  0.,  0., -0.,  1.,  0., -0.,  0.,  0.,  0.,
             0., -0.,  0., -0.,  0., -0.,  0., -0., -1.,  0.,  0.,  0.],
           [-0.,  0., -0.,  0.,  0.,  0., -0.,  0.,  0.,  0., -0., -0., -0.,
            -0., -0., -0.,  1.,  0.,  0., -0.,  0., -0.,  0., -0.,  0.,  0.,
             1.,  1.,  0., -1.,  0.,  0., -0., -0., -0.,  0., -0.,  0.,  0.,
            -0., -0.,  0., -0.,  1., -0., -0.,  0.,  1.,  0.,  0.,  0., -1.,
            -1.,  0.,  0., -0.,  0.,  0., -0., -0., -0., -0., -0., -0., -0.,
             1., -0., -0., -0., -0., -1., -0.,  0.,  0., -0.,  0., -0.,  0.,
             1.,  0.,  0.,  0.,  0., -1.,  1., -0., -0., -0., -0.,  1.],
           [-0.,  0., -1., -0.,  1., -0.,  0.,  1., -0.,  0.,  0.,  1., -0.,
             0., -0., -0.,  0.,  0., -0.,  1., -0.,  0.,  1.,  0., -0.,  1.,
            -0., -0.,  0.,  1., -0.,  1., -1., -0.,  0., -1., -0., -0.,  0.,
             0., -0.,  0., -0., -1., -0.,  1.,  0., -0., -0., -0.,  0., -1.,
             1.,  0., -0., -1.,  0.,  0.,  1.,  0., -0., -0.,  0., -0., -1.,
             0.,  0., -0., -0., -0.,  1., -1.,  0.,  1., -1., -0., -0.,  0.,
             0.,  1., -0.,  0., -1.,  0., -1.,  0.,  1., -0.,  0., -0.],
           [-0.,  0.,  1.,  0., -0.,  0.,  0.,  0., -0., -0.,  0., -0., -0.,
            -0., -1.,  0., -1., -0., -1., -1., -0.,  1., -0., -0.,  0., -0.,
            -0.,  0., -0.,  0., -0.,  0., -0.,  0., -0., -0.,  0.,  0., -0.,
            -0.,  0., -0.,  0.,  0., -0., -0., -0., -0.,  0.,  0., -1., -0.,
            -1.,  0.,  0., -0., -0., -0., -1., -0.,  0.,  0., -0.,  0., -0.,
             0., -0., -0., -0.,  1., -0.,  0.,  0., -0.,  1., -1., -0.,  0.,
             0., -0.,  1., -0.,  0.,  0.,  1., -0.,  0., -0.,  0.,  0.],
           [ 0.,  0.,  0.,  0., -0., -0., -0., -1.,  0.,  0., -0., -0., -0.,
            -0.,  1., -0.,  1., -0.,  0.,  0., -0., -0., -1.,  0.,  0., -1.,
             1.,  0., -0., -0.,  0.,  0., -0.,  0., -0.,  1., -0.,  0.,  0.,
            -0., -0.,  0., -0.,  1., -0., -0., -1., -0., -0.,  0.,  1.,  0.,
             0., -0.,  0., -0., -0., -0., -0.,  0.,  0.,  0.,  0.,  0., -0.,
            -0., -0.,  0.,  0.,  0., -1., -0.,  0., -0., -0.,  0.,  0.,  0.,
             0., -0.,  0., -0.,  0., -0., -0., -1., -1., -0.,  0., -0.],
           [-0., -0., -1., -0.,  0.,  0., -0.,  1.,  0., -0., -0.,  1.,  0.,
             0.,  0., -1., -0., -0., -0.,  1.,  0.,  0.,  1.,  1., -1.,  1.,
             0.,  0., -0.,  1., -1.,  1., -1., -1.,  0., -1., -0., -0.,  0.,
            -1.,  0., -0.,  0., -1.,  0.,  1., -0.,  0.,  0.,  0.,  0., -1.,
             1., -0., -0., -1., -0., -0.,  1., -0.,  0.,  0.,  0., -0., -1.,
            -0.,  0., -1., -0., -0.,  1., -1.,  0.,  1., -1.,  0., -0.,  0.,
             0., -0., -1., -0., -1.,  0., -1.,  1.,  1.,  0.,  0.,  0.],
           [ 0., -0., -0., -0., -0., -0.,  0.,  0.,  0.,  0., -0.,  0., -0.,
            -0.,  0.,  1., -0.,  0., -0., -0.,  0., -0.,  0., -0., -0.,  0.,
            -1.,  0.,  0.,  0., -0., -1.,  0.,  0.,  0., -0.,  0.,  0.,  0.,
            -0., -0.,  0., -0.,  0.,  0., -1.,  1.,  0.,  0.,  0.,  0.,  1.,
             0., -0.,  0.,  1., -0., -0., -0.,  0.,  0.,  0.,  0.,  0.,  1.,
             0., -0.,  0.,  0.,  0.,  0.,  0., -0., -1., -0.,  0.,  0.,  0.,
             0., -0.,  0., -0.,  1., -0.,  0.,  0., -0., -0., -0.,  0.],
           [-1.,  0., -0.,  0., -0., -0., -0.,  0.,  0., -0.,  0., -0.,  0.,
            -0., -0., -0.,  0.,  0., -0., -1., -0.,  0., -0., -0.,  0.,  0.,
             0.,  0.,  1., -1.,  0.,  0., -0.,  0., -0.,  1., -0.,  0., -0.,
             0., -0., -0., -1.,  1., -0., -1.,  0., -0.,  0., -0.,  0.,  0.,
            -1.,  0., -0.,  1., -0., -0., -0., -0.,  0.,  0., -0., -0., -0.,
             0., -0., -0.,  0., -1., -0.,  1., -0.,  0., -0.,  0.,  0.,  0.,
             0., -0.,  0.,  1.,  0., -0.,  0.,  0., -0., -0., -0.,  0.],
           [-0.,  0., -0., -0., -0.,  0.,  0.,  0.,  0., -1.,  0.,  0., -1.,
             0.,  0., -0.,  1., -1.,  1., -0.,  0.,  0.,  0., -0., -0., -0.,
            -0., -0., -0.,  0.,  0.,  0.,  0.,  0.,  1., -0.,  0.,  0.,  0.,
             0.,  0., -0., -1., -0.,  0., -0.,  0.,  0., -0., -0.,  1., -0.,
            -0.,  0., -0.,  0., -1.,  0., -0., -1.,  0.,  0.,  1.,  0., -0.,
             0., -0., -0.,  0., -1.,  0., -0.,  0., -0., -0.,  1., -0., -1.,
             1.,  0.,  0.,  1., -0., -1., -0.,  0.,  0., -0.,  1.,  1.],
           [ 0.,  0., -0., -0., -0., -0., -0., -0.,  0., -0.,  0.,  0.,  1.,
            -0., -0.,  0.,  0.,  1., -1., -0.,  0.,  0.,  0., -0.,  0., -0.,
             0., -0.,  0., -0., -0.,  0.,  0.,  0., -1., -0.,  0., -0.,  0.,
            -0.,  0.,  0., -0.,  0., -1.,  0.,  0.,  1.,  0., -0., -1.,  0.,
             0.,  0.,  0.,  0.,  1.,  0., -0.,  0.,  0.,  0., -0., -0.,  0.,
             0.,  0., -0.,  0.,  0.,  0., -0.,  0., -0., -0., -0.,  1.,  0.,
            -0., -0., -0.,  0., -0.,  0.,  0., -0.,  0.,  0., -1.,  0.],
           [-1.,  1.,  0.,  0., -0.,  0.,  0., -0.,  0., -0.,  0., -0., -0.,
            -0.,  0., -0.,  0., -0., -0., -0.,  1.,  0.,  0.,  0.,  0.,  0.,
             0.,  0.,  0., -1.,  0., -0., -0.,  0.,  0.,  0.,  0., -1.,  0.,
            -0.,  0.,  1., -1.,  1.,  0., -1.,  0.,  0.,  0.,  0., -0.,  0.,
            -1., -0.,  0., -0.,  0., -0.,  0., -0., -0.,  0., -0.,  0., -0.,
             0., -1., -0.,  1., -1., -0., -0., -0.,  0., -0., -0.,  0.,  0.,
            -0., -0., -0.,  1.,  0.,  0.,  0.,  0.,  0., -1., -0., -0.],
           [-0., -0., -0., -0.,  0.,  0., -0.,  0., -0.,  1.,  0.,  0.,  0.,
             0., -0.,  0., -1., -0.,  0.,  0., -0.,  0., -0.,  0.,  0., -0.,
             0., -0., -0.,  1.,  0., -0.,  0.,  0.,  0., -0.,  0., -0.,  0.,
             0., -0., -0., -0., -1.,  1.,  1.,  0., -1.,  1.,  0., -0.,  0.,
             1.,  0., -0.,  0., -0.,  0., -0.,  0.,  0.,  0.,  0.,  0.,  0.,
             0.,  0.,  0., -0.,  0.,  0.,  0.,  0., -0.,  0., -1.,  0.,  1.,
            -1.,  0., -0., -0., -0.,  1., -0., -0.,  0.,  0.,  0., -1.]],
          dtype=np.float32), np.array([[-1., -1.,  0.,  0.,  0.,  0.,  0.,  1.,  0.,  0.,  0.,  0.,  0.,
            -0., -0.,  0., -0.,  0., -0., -0.,  1., -0.,  1.,  0., -0., -1.,
            -0., -0., -1.,  0., -0., -0., -0., -0., -0.,  1.,  0., -0., -0.,
            -0., -0., -0.,  0., -0., -0., -0., -0.,  0., -0.,  0.,  0., -0.,
            -0., -0.,  0., -0.,  0., -0., -0.,  0.,  0., -1., -0., -0.,  0.,
             0., -0., -0., -0., -0., -0., -0.,  0.,  0.,  0.,  0., -0.,  0.,
             0., -1.,  0.,  0.,  0., -0., -0.,  1., -0.,  0., -0., -0.],
           [-1., -1.,  0.,  0.,  0.,  0.,  0., -0., -1., -0., -0., -0., -0.,
             0., -0.,  1., -0.,  0., -0.,  0.,  1., -0.,  0.,  0., -0., -0.,
            -0., -0., -1., -0., -0.,  1., -0.,  0.,  0., -0., -0., -0., -0.,
             0., -0.,  0.,  1.,  0., -0.,  0., -0.,  0.,  0., -0.,  0., -0.,
             0.,  0.,  1., -1.,  0., -0., -0.,  0., -0., -1., -1., -0., -0.,
            -0., -0.,  0.,  1.,  0.,  0.,  0.,  1.,  1., -0.,  0.,  0.,  0.,
             0., -0.,  0., -1., -1., -0.,  0.,  0.,  0.,  0.,  0., -0.],
           [-0., -0., -0.,  0., -0.,  0., -0.,  0., -1.,  0.,  0., -0.,  0.,
            -0.,  0.,  0.,  0., -0., -0., -0.,  0., -0., -0., -0.,  0.,  0.,
            -0.,  0.,  0., -0., -0.,  0.,  0.,  0., -0.,  0.,  0.,  0.,  0.,
             0., -0., -0.,  1., -0.,  0., -0.,  0., -0., -0., -0.,  0., -0.,
             0., -0.,  1., -0., -0.,  0., -0.,  0.,  0.,  0., -1.,  0.,  0.,
             0.,  0.,  0.,  1.,  0., -0.,  0.,  1.,  0., -0., -0.,  0.,  0.,
             0.,  1., -0., -1.,  0., -0., -0.,  0.,  0., -0.,  0., -0.],
           [-1., -1.,  0.,  0.,  0.,  0.,  0., -0.,  0.,  0., -0., -1., -0.,
            -0., -0., -0.,  0.,  0., -0.,  0.,  1., -0.,  0.,  0., -1., -0.,
            -0., -0., -1., -0., -0.,  0., -0.,  0.,  0., -0.,  0., -0.,  0.,
             0., -0.,  0., -0.,  0.,  0.,  0., -0.,  0., -0.,  0., -0., -0.,
             0., -0., -0.,  0., -0.,  0., -0., -0.,  0.,  0., -0., -0., -0.,
             0., -0.,  0., -0., -0.,  0., -1., -0., -0., -0., -0.,  0., -0.,
            -0., -1.,  0.,  0., -0., -0.,  0.,  0.,  0., -0.,  0., -0.],
           [-1., -1., -1., -0., -0.,  0., -0.,  0., -0.,  0., -0.,  0.,  0.,
             0., -0.,  0.,  0., -0., -0., -1.,  1., -0.,  0., -0.,  0.,  0.,
            -0.,  0., -1., -0.,  0.,  0., -0., -0.,  0.,  0.,  0.,  0., -0.,
            -0.,  0., -0.,  0., -0., -0., -0.,  0., -0., -0.,  0., -0., -0.,
            -0.,  0., -0., -0.,  0., -0., -0., -0.,  0., -1., -0., -0.,  0.,
             0.,  0., -0., -0., -0., -0., -0., -0.,  0., -1., -0., -0.,  0.,
             0., -1.,  1.,  0.,  0., -0., -0., -0.,  0.,  0.,  0.,  0.],
           [ 1.,  1., -0., -0., -1., -0., -1.,  0., -1.,  0.,  0.,  0.,  0.,
            -0.,  0.,  0., -0.,  0., -0., -0., -1., -0.,  0., -0.,  0.,  0.,
             0.,  0.,  0.,  0., -0.,  0., -0.,  0.,  0.,  0.,  0., -0.,  0.,
            -0.,  0., -0.,  1., -0.,  0., -0., -0., -0., -0., -0., -0.,  0.,
            -0.,  0., -0., -0.,  0., -0.,  0.,  0.,  0., -0., -1.,  0.,  0.,
            -0.,  0.,  0.,  1.,  0., -0., -0.,  1.,  0.,  0., -0., -0., -0.,
             0.,  0., -0., -1.,  0.,  0., -0., -0., -0.,  0., -0., -0.],
           [-0., -0., -1., -1., -0.,  1.,  0., -0., -0.,  0.,  0.,  1., -0.,
            -0., -0., -0., -0., -1.,  1., -0.,  0.,  1.,  0., -0., -0.,  0.,
            -0.,  0.,  0.,  0., -0., -0.,  1., -0., -1.,  0., -1., -0.,  0.,
            -1., -0.,  0., -0., -0., -0., -0.,  0., -0.,  0., -1., -0., -0.,
            -0., -0.,  0., -0.,  1.,  0., -1., -0., -0., -0., -0., -0.,  0.,
             0.,  0., -1.,  0.,  0., -0., -0., -0.,  0.,  0.,  0., -1., -0.,
             0., -0.,  1., -0.,  0.,  0., -0.,  0., -0.,  0., -0.,  0.],
           [-0., -0.,  0., -0.,  0.,  1.,  0., -0., -0.,  1.,  0., -0.,  0.,
             0., -0.,  0.,  0.,  0., -0.,  0., -0., -1., -0., -0.,  0., -0.,
             0.,  0., -0., -0., -0., -0.,  0.,  0.,  0., -0., -0.,  0., -0.,
             1.,  0., -0.,  0.,  0.,  0.,  0., -0., -0.,  1., -0.,  0., -0.,
             0., -0., -0.,  0., -0.,  0.,  0.,  0.,  0.,  0.,  1.,  0., -0.,
             0.,  0.,  1.,  0., -0.,  0.,  0., -0., -0., -0., -1.,  0.,  1.,
            -0.,  0., -1., -0., -0., -0.,  0.,  0.,  0.,  0., -0., -0.],
           [-0., -0.,  1.,  1.,  0., -0., -0., -0.,  0., -0., -0., -1., -0.,
            -0., -0., -0., -0., -0.,  0.,  0., -0.,  0.,  0.,  0.,  0., -0.,
            -0., -0.,  0., -0., -0.,  0., -1., -0., -0., -0.,  1., -0., -0.,
             0., -0.,  0.,  0.,  0.,  0.,  0., -0.,  0., -0.,  1., -0.,  0.,
             0., -0.,  0.,  0., -0.,  0.,  1., -0., -0., -0.,  1., -0., -0.,
            -0.,  0., -0.,  0.,  0.,  0.,  0.,  0., -0., -0., -0.,  0., -0.,
             0., -0., -0., -0., -0.,  0.,  0., -0.,  0., -0.,  0., -0.],
           [ 0.,  0., -0.,  0., -0.,  0., -0.,  0.,  0., -0., -0., -0., -0.,
            -0.,  0.,  0.,  0.,  0.,  0.,  1., -0.,  0., -0., -0.,  0., -0.,
            -0., -0., -0., -1.,  0.,  0.,  0.,  0.,  0., -0.,  0.,  0.,  0.,
            -0.,  0.,  0., -0.,  0.,  0.,  0.,  0., -0.,  0., -0.,  0.,  0.,
            -1., -0.,  0.,  0.,  0.,  0.,  0., -1.,  0., -0., -0., -0., -0.,
            -0., -1.,  0.,  0.,  0.,  0., -1.,  0., -0., -0.,  0.,  0.,  0.,
            -0.,  0., -0., -0., -0., -0.,  0., -0.,  0.,  1.,  0., -1.],
           [ 0.,  0., -1., -1., -0., -0., -0., -0.,  0.,  0., -0.,  1.,  0.,
            -0., -0.,  0.,  0.,  0.,  0., -0.,  0.,  0.,  0., -0., -0.,  0.,
             0., -0., -0.,  0., -0.,  0.,  1., -0., -0.,  0., -1., -0.,  0.,
            -1.,  0., -0., -0., -0.,  0., -0., -0.,  0., -0., -0., -0.,  0.,
            -0.,  0., -0., -0.,  0.,  0., -1., -1., -0., -0., -0., -1.,  0.,
            -0., -0., -1.,  0.,  0., -0., -0., -0., -0.,  0., -0., -0.,  0.,
             0., -0.,  1., -0., -0.,  0., -0.,  0.,  0., -0., -0., -0.],
           [-1.,  0., -0., -0., -0.,  0., -0.,  0., -0.,  0., -0.,  0.,  0.,
             0., -0.,  0.,  0.,  0., -0., -0.,  0.,  1., -0., -0., -0.,  0.,
             0., -0.,  0.,  0., -0.,  0., -0., -0.,  0.,  0.,  0., -0.,  0.,
            -1., -0., -0.,  0., -0., -0., -0.,  0.,  0.,  0.,  0.,  0.,  0.,
            -0., -0.,  0., -0., -0., -0., -0., -0.,  0., -0.,  1.,  0.,  0.,
            -0.,  0., -1.,  0., -1., -0., -0.,  0.,  0.,  0., -0., -0., -0.,
            -0., -0.,  1.,  1.,  0., -0., -0., -0., -0.,  0.,  0.,  0.],
           [ 0.,  0., -0., -1.,  0., -0.,  0.,  0., -0.,  0.,  0.,  1.,  0.,
             0.,  0.,  0.,  0.,  0.,  0., -0., -0., -0.,  1., -1., -0.,  0.,
            -0.,  0.,  0.,  0.,  0.,  0.,  1.,  0.,  0.,  0., -0.,  0., -1.,
             0.,  0., -0., -0., -0.,  0., -0., -0.,  0.,  0., -0.,  0., -0.,
            -0., -0.,  0., -0.,  0., -1.,  0., -0.,  0., -0.,  0., -0.,  0.,
             0.,  0., -1., -0., -0., -0., -0., -0.,  0.,  0., -0., -1.,  0.,
             0., -0.,  0.,  0.,  0.,  0., -0.,  1., -1.,  0.,  0., -0.],
           [ 0.,  0.,  0.,  0., -0.,  0., -0., -0.,  0.,  1.,  0., -0., -1.,
             0.,  0., -0., -1., -0.,  1.,  0.,  0.,  0., -0.,  1.,  0.,  0.,
            -0., -0., -0., -0., -0., -0.,  0.,  0., -0., -0., -0., -0., -1.,
             0., -0.,  0.,  0.,  0.,  0.,  0., -0., -0.,  1., -0.,  1., -0.,
             0.,  0.,  0.,  0., -1.,  0.,  0.,  0.,  0.,  0.,  1.,  0., -0.,
            -0.,  0.,  1.,  0.,  0.,  0., -0.,  0., -0., -0., -1.,  0.,  1.,
             1., -0., -0., -0., -0., -1.,  0., -1., -0.,  0., -0., -0.],
           [ 0.,  0.,  0.,  1.,  0., -0.,  0., -0.,  0.,  0.,  0., -1.,  0.,
             0.,  0., -0., -0., -1., -0.,  0.,  0., -0., -1., -0., -0., -0.,
            -0., -0., -0.,  0., -0., -0., -1.,  0.,  0., -0.,  0., -0.,  0.,
             0.,  0.,  0., -0.,  0.,  0.,  0.,  0.,  0.,  0., -0., -0., -0.,
             0., -0.,  0.,  0., -0.,  1., -0.,  0.,  0.,  0.,  1.,  0., -0.,
            -0., -0., -0., -0.,  0.,  0., -0.,  0.,  0., -0., -0.,  0., -0.,
             0.,  0., -0., -0., -0.,  0.,  0., -0.,  1., -0.,  1.,  0.],
           [ 0., -0., -0., -0.,  0.,  0., -0., -0., -0., -0., -0.,  0., -0.,
            -0.,  0., -0., -0.,  0., -0.,  0.,  0.,  0.,  0.,  0., -0., -0.,
            -0.,  0., -0., -1., -0.,  0., -0.,  0.,  0., -1.,  0.,  0., -0.,
            -0.,  0.,  1.,  0., -1.,  0., -0.,  0.,  1., -0., -0.,  0., -0.,
             0.,  0.,  0., -0.,  0.,  0., -0.,  0.,  0., -0., -0.,  0., -0.,
            -0.,  0., -0.,  0.,  0.,  0., -1.,  0., -0., -0., -0., -1., -0.,
            -0., -0., -0., -0., -0., -0.,  0., -0.,  0.,  1.,  0.,  0.],
           [ 0., -0., -1., -1.,  0., -0.,  0.,  0.,  0.,  0., -1.,  1., -0.,
             0., -0., -0.,  0., -0., -0., -1., -0.,  0., -0., -0., -0.,  1.,
            -0.,  1., -0.,  0., -0., -0.,  1.,  0.,  0., -1., -1.,  0.,  0.,
            -1.,  0.,  1.,  0., -1., -1., -0., -0.,  0.,  0.,  0., -0., -0.,
             1.,  0.,  0., -0.,  0.,  0., -1.,  0.,  1., -0., -0., -1.,  0.,
            -0.,  1., -1., -0., -0.,  1., -0.,  0.,  0., -1., -0., -1., -0.,
             0., -0.,  1.,  0.,  0., -0., -1., -0., -0., -0., -0., -0.],
           [-1., -0., -0.,  0., -0.,  0., -0.,  0.,  0., -0., -0., -0., -0.,
             0., -1.,  0.,  0., -0., -1., -0.,  0.,  0., -0., -1., -0.,  0.,
            -0.,  0.,  0.,  0.,  0.,  0.,  0.,  0., -0.,  0.,  0.,  0., -0.,
             0., -0., -0., -0., -0., -0., -0., -0., -0., -0., -0., -1.,  0.,
            -0., -0.,  0., -0., -0.,  0.,  0., -0.,  0., -0.,  1.,  0.,  0.,
             0.,  0., -1.,  0., -1., -0.,  0., -0.,  0.,  0., -0., -0.,  0.,
             0., -0.,  0.,  1.,  0.,  0., -0.,  1.,  0.,  0., -0.,  0.],
           [-0.,  1., -0., -1., -0.,  0., -0., -0.,  0.,  0.,  0.,  1., -0.,
             0.,  0.,  0.,  0., -0., -0., -0.,  0.,  0., -0., -1., -0.,  0.,
            -0.,  0.,  0.,  0.,  0.,  0.,  1.,  0., -0.,  0.,  0.,  0., -1.,
            -0., -0., -1., -0., -0.,  0., -0.,  0., -0., -0., -0.,  0.,  0.,
            -0.,  0.,  0., -0.,  0., -1., -0.,  0., -1., -0.,  0.,  0.,  0.,
            -0.,  0., -1.,  0.,  0., -0., -0., -0.,  0.,  0.,  0.,  0., -0.,
             0.,  1.,  0.,  0.,  0., -0., -0., -0., -0.,  0., -0.,  0.],
           [-0.,  1.,  0.,  0., -0.,  0.,  0., -0.,  0.,  0., -0., -0., -0.,
            -1., -0.,  0., -0.,  0.,  0.,  0., -0.,  0., -0.,  0.,  0.,  0.,
            -0., -0., -0., -0., -1.,  0., -0.,  0., -0., -0.,  0.,  1., -0.,
            -0., -1.,  0.,  0.,  0.,  0.,  0.,  0., -0., -0.,  0., -0., -0.,
             0.,  1.,  0.,  0.,  0.,  0., -0., -0., -0., -0., -0., -0., -0.,
            -0., -0.,  1., -1.,  0.,  0.,  0., -1., -0., -0., -0.,  0., -0.,
            -0., -0., -0., -0.,  0.,  0.,  0.,  0.,  0., -0.,  0., -0.],
           [ 0., -0.,  0.,  1.,  0., -0., -0., -0., -0.,  0.,  0., -1., -0.,
            -0., -0., -0.,  0.,  0., -0.,  0.,  0., -0.,  0., -0., -0., -0.,
             0., -0., -0., -0., -0.,  0., -1., -0., -0., -0., -0., -0., -0.,
            -0., -0.,  0.,  0.,  0.,  0.,  0., -0.,  0., -0.,  0., -0., -0.,
             0., -0., -0.,  0.,  0.,  0., -0., -0.,  0.,  0.,  0., -0., -0.,
            -0.,  0.,  0., -1.,  0.,  0., -0., -1., -0., -0.,  0., -0.,  0.,
             0., -1., -0., -0., -0., -0.,  0., -0.,  0., -0.,  0.,  0.],
           [-0.,  1., -0.,  0.,  0., -0., -0.,  0.,  0.,  0., -0.,  1., -0.,
            -0.,  0.,  0., -0.,  0., -0., -0.,  0., -0., -0., -0.,  1.,  0.,
             0.,  0.,  0.,  0., -0., -0.,  1., -0., -0.,  0.,  0.,  0., -0.,
            -0., -0., -0., -0., -0., -0., -0.,  0., -0.,  0., -0.,  0.,  0.,
            -0.,  0., -0., -0.,  0.,  0.,  0., -0.,  0., -0.,  0., -0.,  0.,
             0., -0.,  0.,  0., -0., -0., -0., -0.,  0.,  0., -0.,  0.,  0.,
            -0.,  1.,  0., -0.,  0., -0., -0.,  0.,  0.,  1., -0.,  0.],
           [ 0.,  1.,  0., -1.,  0.,  0.,  0.,  0., -0.,  0., -1.,  1.,  0.,
             0.,  0.,  0.,  0., -0., -0., -0., -0.,  0.,  0.,  0.,  0.,  0.,
            -0., -0., -0.,  0., -0., -0.,  1., -0.,  0., -0., -1., -0., -0.,
            -1.,  0.,  0.,  0., -0., -0., -0.,  0.,  0.,  0.,  0.,  0.,  0.,
            -0., -0.,  0., -0.,  0., -0., -0., -0., -0.,  0., -0., -1.,  0.,
             0.,  1., -1.,  0.,  0., -0., -0., -0.,  0.,  0., -0., -0.,  0.,
             0.,  1.,  0.,  0.,  0.,  0., -0.,  0., -0.,  0., -0., -0.],
           [-0., -1., -0.,  0.,  0.,  0.,  1.,  0.,  1.,  0., -0.,  0., -0.,
             0., -0., -0., -0., -0.,  0., -0.,  1., -0., -0.,  0.,  0.,  0.,
            -0.,  0., -0.,  0., -0.,  0., -0.,  1., -0., -0., -0.,  0., -0.,
             0., -0.,  0.,  0., -0.,  0., -0.,  0., -0., -0., -0.,  0.,  0.,
            -0.,  0., -0., -0.,  0., -0.,  0., -0., -0.,  0., -0.,  0.,  0.,
             0., -0., -1., -1., -0., -0., -0., -1.,  0.,  0.,  0.,  0., -0.,
             0.,  0.,  0., -0.,  0., -0., -0., -0.,  0., -0., -0.,  0.],
           [ 0.,  0.,  0., -1.,  0., -0.,  0.,  0., -0.,  0.,  0.,  1., -0.,
             1., -0.,  0., -0., -0., -0., -0., -0.,  0.,  1., -1.,  0., -1.,
             0.,  0.,  0.,  0.,  0., -0.,  1., -0., -0.,  1.,  0., -1., -1.,
             0., -0., -1.,  0.,  1.,  0., -1.,  1., -0.,  1., -0.,  0., -0.,
            -0.,  0., -0.,  1., -0., -1., -0., -0., -1., -0.,  0.,  0., -1.,
            -1., -0., -1., -0., -0., -1., -0.,  0., -0.,  0.,  0.,  0.,  0.,
             0., -0.,  0.,  0.,  1., -0., -0.,  1., -1.,  0.,  0.,  0.],
           [ 0.,  0.,  0.,  0., -0.,  0.,  0., -0., -0.,  1.,  0., -0., -0.,
            -0., -0.,  1.,  0., -0., -0.,  0., -0.,  0.,  0., -0., -0., -0.,
            -0.,  0., -0.,  0., -1.,  0.,  0.,  0., -0., -0., -0., -0., -0.,
            -0., -1., -0., -0.,  0., -0.,  0.,  0., -0.,  1., -0.,  0., -0.,
             0.,  0.,  0., -0., -0.,  0., -0., -0.,  0.,  0.,  1.,  0., -0.,
            -0., -0.,  1., -0.,  0.,  0., -0.,  0., -0., -0.,  0., -0.,  0.,
             1.,  0., -0., -0., -0.,  0.,  0., -0.,  0.,  0.,  0.,  0.],
           [ 0., -0., -0.,  1., -0., -0.,  0., -0.,  0.,  1., -0., -1.,  0.,
            -0., -0.,  0., -0.,  0.,  0.,  0., -0.,  0.,  0.,  0., -0., -0.,
             0., -0., -0., -0.,  0., -1., -1., -0., -0., -0., -0., -0., -0.,
             0.,  0., -0., -0.,  0.,  0.,  0., -0.,  0., -0.,  0., -0.,  1.,
             0., -1., -0.,  0.,  0., -0.,  0.,  0., -0.,  0.,  1., -0., -0.,
            -0.,  0., -0., -0., -0.,  0.,  0.,  0., -0., -0., -0., -0.,  0.,
             1., -0.,  0., -0., -0., -0.,  0.,  0.,  0., -0.,  0., -0.],
           [ 0.,  0., -0.,  0., -0.,  0., -0.,  0., -0.,  0.,  0.,  0.,  0.,
             0.,  0., -0.,  0.,  0., -0., -0., -0., -0.,  0., -0., -0.,  0.,
            -0., -0.,  0., -1., -0., -0., -0., -0.,  0.,  0., -0., -1., -0.,
             0.,  0., -0., -0., -0., -0., -1., -0., -0.,  1., -0., -0., -0.,
            -0., -0., -0.,  1.,  0.,  0.,  0., -0.,  0., -0.,  0.,  0.,  0.,
             0.,  0., -0.,  0.,  0., -0., -1., -0.,  0.,  0., -0., -0., -0.,
             0.,  0.,  0., -0.,  0.,  0., -0., -0., -0.,  1., -0.,  0.],
           [ 0.,  0., -1., -1., -0.,  0.,  0., -0.,  0., -0., -1.,  1., -0.,
             1., -0.,  0., -0., -0.,  0., -1.,  0., -0., -0.,  0.,  0.,  0.,
             0.,  0.,  0.,  0., -0., -0.,  1.,  0.,  0.,  0., -1., -1., -0.,
            -1., -0., -0., -0., -0., -0., -1.,  0., -0.,  1., -0.,  0.,  0.,
             1.,  0., -0.,  1.,  0.,  0., -1., -0.,  0.,  0.,  0., -1., -1.,
             0.,  1., -1.,  0.,  0., -0., -0., -0.,  0., -1., -0., -0.,  0.,
             0.,  0.,  1.,  0.,  1.,  0., -1.,  0., -0., -0., -0.,  0.],
           [-1., -0., -0.,  0., -0.,  0., -0.,  0.,  0.,  0., -0.,  0.,  0.,
            -0., -1., -1., -1.,  0.,  0., -0.,  0., -0.,  0.,  0.,  0.,  0.,
            -1.,  0.,  0.,  0.,  1.,  0., -0., -0.,  0.,  0.,  0., -0.,  0.,
             0., -0.,  0.,  0., -0.,  0., -0., -0.,  0., -0., -0.,  0.,  0.,
            -0.,  0.,  0., -0.,  0.,  0., -0., -0., -0.,  0.,  1.,  0.,  0.,
            -0., -0., -1., -0., -1., -0., -0., -0.,  0.,  0., -1., -0., -0.,
             0.,  0.,  0.,  1.,  0.,  0., -0., -0., -0., -0.,  0.,  0.]],
          dtype=np.float32), np.array([[ 0.,  0., -0.,  0.,  0., -0., -0.,  1.,  0.,  0., -0.,  0.,  1.,
            -0., -0.,  0., -0., -0.,  0.,  0., -0.,  0.,  0., -0., -0.,  1.,
             0., -1., -0., -0.,  0.,  0., -0., -0.,  1., -0., -0., -0., -1.,
            -0.,  0.,  0.,  0., -0., -0., -0., -0.,  0.,  0., -0., -0.,  0.,
            -0., -0., -0., -0., -1., -0.,  0.,  0., -1., -0., -0., -0.,  0.,
            -1., -0., -0.,  0.,  0., -1.,  0., -0., -0.,  0., -0.,  0.,  0.,
            -0., -0.,  0.,  0., -0., -0., -0.,  0., -0., -0.,  0., -0.],
           [-0., -0.,  0.,  0.,  0., -0., -0.,  1.,  0.,  0., -0.,  0.,  1.,
            -0., -0., -0., -0., -1.,  0., -0., -0., -0., -1.,  0., -0., -0.,
            -0., -0.,  0.,  0., -0., -0., -0., -0., -0., -0., -0.,  0., -1.,
             0.,  0., -0., -0., -0., -0., -0.,  0.,  0.,  0., -0., -0.,  0.,
             0.,  0., -0., -0., -1., -1., -0., -0.,  0., -0., -0.,  0., -0.,
            -1.,  0., -0., -0.,  0.,  0.,  0.,  0.,  0.,  0., -0.,  0., -0.,
             0.,  0., -0., -0.,  0.,  0., -0., -0., -1., -0.,  1.,  0.],
           [ 0.,  0.,  0.,  0., -0., -0., -0.,  1., -0.,  0., -0.,  0.,  1.,
             0., -0., -0.,  0., -0., -1., -0.,  0.,  0., -0., -1.,  0.,  0.,
             0.,  0.,  0.,  0.,  0.,  0.,  0.,  0.,  0., -0., -0.,  0., -1.,
             0., -0.,  0., -0., -0., -0., -0.,  1., -0.,  0.,  0.,  1.,  0.,
             0., -0.,  0., -0., -1., -0.,  0., -0., -0., -0., -0., -0.,  0.,
             0., -0., -0.,  0.,  0.,  0., -0.,  0.,  0., -0., -0., -0.,  0.,
            -0., -0., -0., -0.,  0., -0.,  0., -1., -0., -0.,  0.,  0.],
           [ 0., -0., -0., -0.,  0., -0., -0., -0., -0.,  0., -0., -0.,  0.,
            -0.,  0.,  0.,  0., -0.,  0.,  0.,  0., -0., -0.,  0.,  0., -1.,
             0., -0., -0., -0.,  0., -0.,  0.,  0., -1.,  1., -0.,  0.,  0.,
             0., -0., -1., -0., -1., -1.,  0., -0., -1.,  0., -0., -0.,  0.,
             0.,  0., -0.,  0., -0.,  0.,  0., -0.,  1.,  0.,  0., -0.,  0.,
            -0.,  0., -0., -0.,  0.,  1.,  0.,  0., -0.,  0.,  0., -1., -0.,
            -0., -0., -0.,  0.,  0., -0.,  0., -0.,  0., -0.,  0., -0.],
           [ 0.,  0.,  0.,  0., -0.,  1., -0., -0., -0.,  0.,  0.,  0., -1.,
             1.,  0., -0.,  0., -0., -0.,  0., -0., -0., -0.,  0.,  0.,  0.,
            -0.,  0., -0.,  0.,  0.,  0., -0.,  0., -1., -0.,  0., -0.,  0.,
             0., -1.,  0., -0., -0., -0., -0.,  0.,  0., -0., -0.,  0.,  0.,
             0.,  0., -0., -0.,  1.,  0., -0.,  0.,  0.,  0.,  0., -0., -1.,
             0.,  0.,  0.,  0.,  0., -0., -0.,  0.,  1.,  0.,  0., -0.,  0.,
            -0., -0., -0., -0., -1., -0.,  0.,  0., -0., -0., -0., -0.],
           [ 0., -0., -0.,  0.,  0., -0.,  0.,  0., -0.,  1.,  0.,  0., -0.,
             0., -0., -0.,  0., -0.,  0.,  0.,  0., -0., -0., -0.,  0.,  0.,
            -0.,  0.,  0.,  0., -0., -1., -0.,  0.,  0., -0.,  0.,  0., -0.,
             0., -1., -0., -0., -0.,  0., -0., -0., -0.,  0.,  0.,  0.,  1.,
             0.,  1.,  0., -0., -0., -0., -0.,  0.,  0., -0., -0.,  0., -0.,
            -0., -0.,  0., -0.,  0., -0.,  0.,  0.,  1., -0., -0., -0., -1.,
             1., -0.,  0.,  0.,  0., -1., -0., -0., -0.,  0.,  0., -0.],
           [ 0., -0., -0., -0.,  0.,  0.,  0., -0.,  0.,  0.,  0., -0., -0.,
             0., -0.,  1., -1.,  0., -0.,  0., -0.,  0.,  0., -0.,  0., -0.,
             1., -0., -0., -0.,  1., -0.,  0.,  0., -0., -0.,  0., -0.,  0.,
            -0., -1.,  0., -0., -0.,  0., -0., -0.,  0.,  0.,  0.,  0.,  0.,
            -0., -0., -0., -0.,  0., -0.,  0.,  0., -0., -0.,  0., -0., -0.,
            -0.,  0., -0., -0., -0., -0.,  0., -0.,  1., -0.,  1., -0., -1.,
             0., -0., -0., -0.,  0., -1., -0.,  0.,  0.,  0., -0., -0.],
           [-0.,  0., -0., -0., -0., -1.,  0.,  0.,  0., -0., -0., -0.,  0.,
            -1.,  0., -0., -0., -0.,  0.,  0., -0.,  0., -0., -0.,  0.,  0.,
             0.,  0., -0.,  0.,  0., -0.,  0., -0.,  1.,  0., -0., -1.,  0.,
             0.,  0., -0.,  0.,  0.,  0.,  1.,  0.,  0.,  1.,  0.,  0., -0.,
            -0.,  0., -0., -1., -1., -0.,  0., -0.,  0., -0.,  0., -0.,  1.,
            -0., -0., -0., -0.,  0.,  0.,  0.,  0.,  0., -0.,  0.,  0., -1.,
            -0., -0., -0., -0.,  1.,  0., -0., -0.,  0., -0., -0., -0.],
           [-0., -0., -0.,  1.,  0., -0., -1., -0., -1., -0.,  0., -0.,  1.,
            -1.,  0., -0., -0.,  0.,  0.,  0.,  0., -0., -0., -0.,  0.,  0.,
            -0.,  0.,  0., -0.,  0.,  0.,  0., -0.,  1.,  0., -1.,  0., -1.,
             0.,  0.,  0.,  0.,  0.,  0.,  0.,  0., -0., -0., -0.,  0.,  0.,
            -0.,  1.,  0.,  0., -1., -1.,  0., -0., -0.,  0.,  0., -1.,  1.,
            -0.,  0., -0.,  0.,  0.,  0., -0.,  1., -1., -0., -0., -0.,  0.,
            -0.,  0., -0.,  0.,  1., -0.,  0., -0., -0.,  0.,  0.,  0.],
           [-0.,  0.,  0.,  1.,  0., -0.,  0.,  0., -0., -0.,  0.,  0.,  1.,
            -0., -0., -0., -0., -1.,  0., -0.,  0.,  0., -0., -0., -0.,  0.,
             0.,  0., -0.,  0.,  0.,  1., -0., -0., -0.,  0., -1.,  0., -1.,
            -0., -0.,  0., -0., -0., -0.,  0.,  0., -0., -0., -1.,  0., -1.,
             0.,  0., -1.,  0., -1., -1., -0., -0.,  0.,  0.,  0., -1., -0.,
             0., -0.,  0., -0., -0., -0., -0.,  0., -1.,  0., -0., -0.,  0.,
             0.,  0., -0.,  0., -0.,  0.,  0.,  0., -0.,  0.,  1.,  0.],
           [ 0., -0.,  1., -0.,  0.,  0., -0.,  0., -0., -0., -0., -1.,  1.,
            -0., -0.,  0.,  0., -0., -1.,  0., -0., -1.,  1., -1., -1., -0.,
            -0.,  0., -0.,  0., -0.,  1.,  0., -0.,  0.,  0., -0., -0., -1.,
             1., -0., -0., -0.,  0.,  0.,  0.,  0.,  0., -0.,  0.,  1.,  0.,
            -0., -0., -1.,  0., -1., -0.,  0.,  0.,  0.,  0.,  0., -1., -0.,
            -0.,  0., -0., -0.,  0.,  0.,  0.,  0., -1., -0., -0.,  0.,  0.,
             0.,  1.,  1.,  0.,  0.,  0., -0., -1.,  0., -0., -0.,  0.],
           [ 1.,  0.,  0.,  0.,  0.,  0.,  1.,  0., -0.,  1., -0.,  0.,  0.,
             1.,  0.,  0., -0., -1., -0., -0., -1., -0.,  0., -0., -0.,  0.,
             0.,  0.,  1., -0., -0.,  0., -0., -0., -1.,  0.,  0.,  1., -0.,
            -0.,  0., -0.,  0.,  0., -0., -1.,  0., -0., -1., -1.,  0.,  0.,
             0., -0., -0.,  1.,  0., -0., -0.,  0.,  0.,  0.,  1.,  0., -1.,
             0.,  0.,  0., -1., -0., -0., -0.,  0.,  0.,  0., -0., -0.,  0.,
            -0., -0., -0., -1., -1., -0.,  0.,  0.,  0.,  0., -0.,  0.],
           [ 0., -1.,  0.,  0., -0., -0.,  1., -0.,  0., -0., -1., -0., -0.,
            -1.,  0.,  0.,  0.,  0.,  0., -0., -1., -0., -0.,  0., -0.,  0.,
            -0., -0.,  0., -0., -0., -0., -0.,  0., -0.,  0.,  0., -1.,  0.,
             0., -0., -1.,  0.,  0.,  0.,  0., -0., -0.,  0., -0., -0.,  0.,
             0.,  0., -0.,  0., -0., -0., -0., -0.,  1.,  1., -0., -0., -0.,
            -0., -1.,  0.,  0.,  0.,  0.,  0., -0., -0., -0.,  0.,  0.,  0.,
             0.,  0., -0.,  0.,  0., -0., -0., -0.,  0., -1.,  0.,  0.],
           [-0.,  0.,  0.,  1., -0., -0.,  0.,  0., -0., -0., -0.,  1.,  0.,
            -0.,  0.,  0.,  0., -0., -0., -1.,  0., -0.,  0., -0.,  0.,  1.,
             0.,  0., -1.,  1.,  0., -0.,  1.,  0., -0., -1.,  0., -0., -0.,
             0.,  0.,  0.,  0.,  1.,  0., -1.,  0.,  0.,  0.,  0.,  0., -0.,
            -1., -0., -0.,  1., -0.,  0., -0.,  0., -0.,  1.,  0., -0., -1.,
             0.,  0.,  0., -0., -0., -1.,  1., -0.,  0., -1., -0.,  0., -0.,
             0.,  0., -0., -0., -1.,  0.,  1.,  0., -0., -0.,  0., -0.],
           [-0., -0.,  0., -0., -0.,  0., -0.,  0.,  0., -0., -0.,  0.,  0.,
            -0., -0.,  0.,  0., -0.,  0., -1.,  0., -0.,  0., -0., -1.,  1.,
            -0.,  0., -1.,  0., -0.,  0., -0.,  0., -0., -1., -0.,  0.,  0.,
            -0., -0.,  0.,  0., -0.,  0.,  0., -0., -0., -0.,  0.,  0.,  0.,
             0., -0.,  0.,  1.,  0., -0.,  0., -0.,  0.,  1., -0.,  0.,  0.,
             0., -0., -0.,  0., -0., -0.,  1.,  0., -0., -1.,  0.,  0., -0.,
            -0.,  0.,  0., -0., -1., -0.,  0., -0., -0.,  0.,  0., -0.],
           [-0.,  1.,  0.,  0.,  0.,  0., -1.,  0., -0., -0.,  1.,  0.,  0.,
             1.,  0., -0., -0., -0.,  0., -1.,  1., -0., -0., -0., -0.,  1.,
             0., -0., -1., -0.,  0.,  0., -0.,  0., -0., -1.,  0.,  1.,  0.,
             0.,  0.,  1., -0.,  1., -0., -1.,  0.,  1.,  0.,  0.,  0.,  0.,
            -1., -0.,  0.,  1.,  0.,  0., -0., -0., -1., -0., -0.,  0., -1.,
             0.,  1.,  0., -0., -0., -1., -0., -0., -0., -1., -0., -0., -0.,
             0.,  0., -0., -0., -1., -0.,  1.,  0., -0.,  0.,  0., -1.],
           [ 0., -0., -0.,  0., -0., -0., -0., -1., -0., -0.,  1., -0., -0.,
            -0., -0., -0.,  0., -0., -0.,  0.,  0.,  0., -0.,  0., -0., -1.,
             0.,  1., -0.,  0., -0.,  0.,  0.,  0., -0.,  0., -0.,  0., -0.,
            -0., -0.,  0.,  0.,  0., -0.,  0., -0.,  0.,  0.,  0., -0., -0.,
            -0., -0.,  0.,  0., -0., -0.,  0.,  0.,  0., -1.,  0., -1.,  1.,
             1., -0., -0., -0., -0.,  1., -0., -0., -1.,  0.,  0., -0., -0.,
            -0., -0.,  0.,  0.,  1., -0., -0., -0.,  0.,  0.,  0.,  0.],
           [-0., -0., -1., -0.,  0.,  0., -0., -1.,  0.,  0., -0., -0., -0.,
             0.,  0., -0.,  0.,  0., -0.,  0., -0.,  0., -0.,  0.,  0., -1.,
            -0., -0., -0.,  0., -0.,  0.,  0.,  0., -0., -0., -1., -0., -0.,
             0., -0., -0.,  0.,  0., -0., -0., -0.,  0., -0., -1., -0., -0.,
            -0.,  0., -0.,  0., -0.,  0., -1.,  0.,  0., -1.,  0., -1.,  1.,
             1.,  0., -0.,  0., -0.,  1.,  0.,  0., -1.,  1., -0., -0., -0.,
            -0., -0.,  0.,  0.,  1., -0., -1., -0.,  0.,  0.,  0.,  0.],
           [-0.,  0., -0., -0., -0.,  0., -0., -1.,  0.,  0.,  0., -0.,  0.,
            -0.,  0.,  0.,  0., -0., -0.,  0.,  0., -1., -0.,  0., -0., -1.,
             0.,  0.,  0., -0.,  0., -0.,  0.,  0.,  0.,  0., -0.,  0., -0.,
             1.,  0., -0.,  0.,  0., -0.,  0., -1., -0., -0., -0.,  0., -0.,
            -0.,  0., -0.,  0., -0., -0.,  0., -0., -0., -1.,  0., -1., -0.,
            -0., -0., -0., -0., -0.,  0.,  0.,  0., -1.,  1., -0., -0.,  0.,
            -0.,  0.,  1.,  0.,  1.,  0., -0., -0.,  0.,  0.,  0.,  0.],
           [ 0.,  0., -0., -0.,  0., -0., -0., -0.,  0.,  0., -1., -0.,  0.,
            -0.,  0.,  0.,  0.,  0.,  0.,  1., -0.,  0., -0.,  0.,  0.,  0.,
            -0.,  0., -0.,  0.,  0., -0.,  0.,  0., -0.,  0.,  0.,  0., -0.,
             0.,  0., -0.,  0.,  0.,  1.,  0., -0., -0.,  0., -0.,  0., -0.,
             1., -0.,  0.,  0.,  0.,  0.,  0.,  1.,  0.,  0.,  0., -0., -0.,
            -0., -1., -0., -0.,  0.,  0.,  0., -0., -0.,  1., -0.,  0.,  0.,
            -0., -0.,  0.,  0.,  0., -0., -1., -0.,  0.,  0.,  0.,  1.],
           [ 0., -0.,  0.,  0.,  0.,  1.,  1.,  0.,  0., -0., -0., -0., -2.,
             0.,  0.,  0.,  0., -0.,  0.,  0., -0.,  0., -0.,  1.,  0., -0.,
            -0., -0.,  0.,  0.,  1.,  0., -0.,  1., -2., -0., -0., -0.,  1.,
            -1., -1., -0., -0.,  0., -0., -0.,  0.,  0.,  0.,  0.,  0.,  0.,
             0.,  0., -0., -0.,  2., -0., -0.,  0., -0.,  0.,  0.,  1.,  0.,
            -0.,  0.,  1.,  0.,  0., -0.,  0., -0.,  0., -0., -0.,  0., -0.,
            -0., -0.,  0., -0.,  0., -0., -0., -0., -0., -0.,  0., -0.],
           [ 0., -0., -0.,  0.,  0.,  0., -0., -0., -1., -0., -0.,  0., -1.,
             0.,  1., -0., -1.,  0.,  1.,  0., -0.,  1., -0.,  1.,  0., -0.,
            -0., -0.,  0.,  0.,  1., -0., -0.,  1., -0., -0.,  0., -0.,  1.,
            -1., -1.,  0.,  1.,  0.,  0., -0.,  0.,  0., -0., -0., -1., -0.,
             0.,  0.,  1., -0.,  1.,  0.,  0.,  0., -0.,  0., -0.,  1.,  0.,
            -0.,  0.,  1., -0.,  1., -0., -0., -0., -0., -0.,  1., -0., -1.,
             0., -0.,  0., -1., -0., -1., -0., -0., -0., -0.,  0.,  0.],
           [-0., -0., -0., -0., -1.,  0.,  0., -0., -0.,  0.,  0.,  0., -1.,
             0., -0., -0., -1., -0.,  1.,  0.,  0.,  1.,  0.,  1.,  0., -0.,
             1.,  0., -0.,  0.,  1.,  0.,  0., -0., -0.,  0.,  0., -0.,  1.,
            -1., -1.,  0., -0., -0., -0.,  0.,  0.,  0., -0., -0., -1.,  0.,
            -0.,  0., -0., -0.,  1., -0., -0., -0.,  0., -0., -0.,  1., -0.,
            -0.,  0.,  1.,  0., -0., -0.,  0., -0.,  0.,  0.,  1., -0., -1.,
            -0., -0., -0.,  0.,  0., -1.,  0., -0.,  0.,  0.,  0.,  0.],
           [-1., -0., -0., -0., -0., -1., -1.,  0., -0.,  0., -0., -0., -0.,
             0.,  0.,  0., -0., -0.,  1., -0.,  1.,  1., -0., -0.,  0.,  0.,
            -0.,  0., -1., -0., -0.,  0.,  0., -0.,  2.,  0., -0., -0., -0.,
             0.,  0., -0., -0.,  0.,  0.,  0.,  0., -0., -0., -0.,  0., -0.,
            -0.,  0.,  0.,  0., -1., -0., -0., -0., -0., -0.,  0.,  0., -0.,
            -0.,  0., -0., -0.,  1.,  0., -0., -0., -0., -0.,  1., -0., -1.,
            -0.,  0., -0., -0.,  0.,  0.,  0.,  0.,  0.,  0.,  0.,  0.]],
          dtype=np.float32))

    
    
def decomposition_555():
    return (np.array([[ 0.,  0.,  0., -1., -0., -0.,  0.,  0., -0., -0., -0.,  1.,  0.,
         0.,  0.,  0., -0., -0.,  1.,  0., -0., -1., -0.,  0.,  0., -0.,
         0.,  0.,  0., -1., -1.,  1., -1.,  0., -0., -0.,  0., -0., -0.,
        -0.,  0., -0.,  0., -0.,  0., -0.,  0., -0.,  0., -0.,  0., -0.,
        -1., -0., -0.,  0.,  0., -0.,  0., -0., -0.,  0., -0., -0.,  1.,
        -0., -0.,  0.,  0., -0.,  0.,  0., -1.,  0., -0., -0.,  0., -0.,
        -0., -1.,  0., -0., -0.,  0.,  0., -0.,  0.,  0.,  0., -0.,  0.,
         0., -1.],
       [ 0.,  0.,  0.,  0.,  0.,  0.,  0.,  0., -0.,  0., -0., -0.,  0.,
         0., -0.,  0.,  0.,  0., -1., -0., -1.,  1., -0., -0., -1., -1.,
        -1.,  0.,  1.,  1.,  1., -1.,  1., -0.,  0.,  0., -0., -0., -0.,
        -0.,  0., -0.,  0.,  0.,  0.,  0.,  1., -0.,  0., -1.,  1., -0.,
         1.,  0., -0.,  0., -0.,  1.,  0., -0., -0.,  0., -0., -0., -1.,
         1.,  0.,  0.,  0.,  1.,  0.,  0.,  1., -0.,  1., -0., -0.,  1.,
        -1.,  0., -1.,  0.,  0., -0., -0.,  0., -0., -0., -1., -0., -1.,
         0.,  0.],
       [-0.,  0., -0.,  0.,  1.,  0.,  0., -0.,  0.,  1., -1., -0.,  0.,
         1.,  0., -1.,  0., -0.,  0., -0., -0.,  0., -0., -0., -0., -1.,
        -0., -0.,  0., -0., -0., -1.,  1., -1.,  0., -1., -0., -1.,  0.,
        -0., -1., -0., -0.,  0.,  0.,  0.,  0., -0.,  0., -0., -0.,  0.,
         1.,  0., -0.,  0., -1., -0.,  0.,  0., -0.,  0., -0., -1.,  0.,
        -0., -0., -0., -0.,  0.,  0.,  0.,  1.,  0.,  0., -0., -0.,  0.,
        -0.,  0.,  0., -0.,  1., -0.,  0.,  0., -0., -1., -0., -0.,  0.,
         1.,  0.],
       [-0., -0.,  1., -1.,  0., -0.,  0., -0.,  0.,  0., -0.,  1., -0.,
        -0.,  0.,  0.,  0., -0.,  0., -0.,  0., -0., -0., -0., -0., -1.,
        -1.,  1.,  0.,  0.,  0., -0.,  0., -0.,  0., -0.,  0.,  0., -0.,
         0., -0.,  0.,  0., -0.,  0., -1., -0.,  1., -0., -0.,  1., -0.,
        -0., -0.,  0.,  0.,  0.,  1., -0.,  0., -0.,  0.,  0.,  0., -0.,
         0., -1.,  0., -0.,  0.,  0.,  0.,  0.,  0.,  0., -0.,  0.,  0.,
        -0., -1.,  0.,  0.,  0.,  1.,  1., -0.,  0.,  0., -0., -0., -1.,
        -0., -1.],
       [ 0.,  0.,  0., -0., -1., -0.,  0., -0.,  0., -1.,  0., -0.,  0.,
        -1.,  0.,  1.,  0.,  0.,  0.,  0., -0.,  1., -0., -0.,  0.,  0.,
        -0., -0., -0.,  1.,  1., -0.,  0.,  1., -0.,  1., -0.,  1.,  0.,
        -0.,  1., -0., -0.,  0., -0.,  0.,  0., -0.,  0., -1.,  1., -0.,
         0.,  0., -0., -0.,  1.,  1.,  0.,  0.,  0.,  0., -0.,  1.,  0.,
        -0.,  0., -0., -0.,  0.,  1., -0.,  0., -0., -0.,  0.,  0.,  0.,
         0., -0., -0.,  0.,  0., -0., -0.,  0.,  0.,  1., -0., -0.,  0.,
        -1., -0.],
       [ 0.,  0.,  0., -0.,  0., -0.,  0.,  0.,  0.,  0., -0., -0.,  0.,
        -0.,  1., -0.,  0.,  0., -0., -0., -0.,  0., -0., -1., -0.,  0.,
        -0.,  0., -0., -0.,  0., -0., -0., -0.,  0.,  0.,  0., -0.,  0.,
        -0.,  0., -0.,  0.,  0., -0.,  0.,  0., -0.,  0., -0.,  0., -0.,
         0.,  0.,  0.,  0., -0.,  0.,  0., -0.,  1., -0., -0., -0.,  0.,
        -1.,  0., -1., -0., -1.,  0., -0.,  1., -0.,  0.,  1., -0., -0.,
         0.,  1., -0., -1.,  0.,  0., -0.,  0., -0., -0., -0.,  0.,  0.,
         0.,  1.],
       [-0.,  0., -0.,  0., -0.,  1., -0.,  0.,  0.,  0., -0., -1.,  0.,
        -0., -1.,  0.,  0., -0., -0.,  0.,  0.,  0.,  1.,  1.,  1., -0.,
         0.,  0., -1.,  0.,  0.,  0., -0., -0., -1., -0., -0.,  0.,  1.,
        -0.,  0., -0.,  0., -0., -0.,  0.,  0., -0., -1.,  0., -0., -0.,
        -0.,  0.,  1., -0., -0.,  0., -0.,  0., -1.,  0., -0.,  0.,  0.,
         0.,  0.,  0., -0.,  0.,  0.,  0., -1., -0., -0., -0.,  0., -1.,
        -0., -0.,  0., -0., -0., -0., -0.,  0.,  0., -0.,  0., -0.,  0.,
         0., -0.],
       [-0.,  0., -0.,  0., -1.,  0., -0.,  0., -0.,  0.,  0., -1., -0.,
         0., -0., -0., -0.,  0., -0.,  0., -0., -0.,  0.,  1.,  1., -0.,
         0.,  0., -0., -0.,  0., -0.,  0.,  0., -0., -0.,  0.,  1.,  0.,
        -0.,  1., -0., -0., -0.,  0., -0.,  0.,  0., -1.,  0., -0.,  1.,
         0., -0.,  1., -0.,  1.,  0.,  0., -0.,  0.,  0., -0., -0.,  0.,
        -0.,  0.,  0., -0., -0.,  0.,  0., -1.,  0.,  0.,  0.,  0., -1.,
        -0.,  0.,  0., -0., -0.,  0.,  0.,  0.,  0., -0., -0., -1.,  0.,
        -0.,  0.],
       [ 0.,  1., -1., -0., -0., -0., -0., -0.,  1., -0.,  0., -1., -1.,
        -0., -0., -0., -0.,  0., -0., -1., -0.,  0.,  0.,  0., -0.,  0.,
        -0., -1., -0.,  0., -0.,  0.,  0., -0., -1., -0.,  0.,  0.,  1.,
        -0.,  0.,  1.,  0., -0.,  0.,  1., -0., -1.,  0.,  0., -0., -0.,
         0., -0.,  1.,  0., -0.,  0., -0.,  0.,  0., -0.,  1., -0.,  0.,
         0.,  1., -1., -0.,  0., -0., -1., -0., -0.,  0.,  0.,  0.,  0.,
        -1.,  1.,  0., -0., -0., -1., -1., -1., -0., -0., -1.,  0., -0.,
         0.,  1.],
       [-0.,  0.,  0., -0.,  1.,  1.,  0.,  1., -0.,  1., -0., -0.,  0.,
        -0.,  0., -1.,  1.,  0.,  0., -0.,  0., -1.,  0., -0., -0., -0.,
        -0., -0., -1., -0., -1.,  0., -0., -0., -1.,  0., -0., -1.,  0.,
         0., -1., -0.,  0., -0., -0.,  0.,  0., -0., -0.,  0., -1.,  0.,
         0., -0.,  0., -1., -1., -0., -0., -0.,  0.,  0., -0.,  0.,  0.,
         0., -0.,  0.,  0.,  0., -0., -0., -0., -0.,  0.,  0., -0.,  0.,
        -0.,  0., -0.,  0.,  0.,  0., -0., -0., -1.,  0., -0.,  0., -0.,
         0.,  0.],
       [ 0.,  0., -0.,  1., -0., -0., -0., -0.,  0., -0., -0., -1., -0.,
         1.,  0.,  0.,  0., -0., -0., -0.,  0., -0., -0., -0.,  0.,  0.,
        -0.,  0., -0., -0.,  0., -1.,  1., -0.,  0.,  0., -0., -1.,  0.,
        -1., -0., -0., -0.,  0.,  0., -0., -0.,  0., -0.,  0.,  0., -0.,
         1., -0., -0., -0., -0.,  0.,  0., -0.,  0., -0.,  0., -0.,  0.,
         0.,  0.,  0., -0., -0.,  0., -0.,  1., -0., -0.,  0., -1.,  0.,
         0.,  1., -0., -0., -0.,  0.,  0., -0.,  0., -0.,  0.,  0.,  0.,
         0.,  0.],
       [ 0.,  0., -0., -0., -0., -0.,  0.,  0.,  0., -0., -0., -0., -0.,
        -1.,  0.,  0.,  0.,  0.,  0.,  0., -0.,  0., -0., -0.,  1.,  1.,
        -0., -0., -1., -0., -0.,  1., -1., -0., -0.,  0.,  1.,  1.,  0.,
         1., -0.,  0., -1., -0., -0.,  0., -1.,  0.,  0.,  0.,  0., -0.,
        -1., -0., -0.,  0.,  1.,  0., -0., -0.,  0.,  0.,  0.,  1., -0.,
        -1., -0., -0.,  0., -0.,  0.,  0., -1., -0.,  0., -0.,  1.,  0.,
         1.,  0., -0., -0.,  0.,  0., -0., -0.,  0.,  0., -0.,  0.,  0.,
         0.,  0.],
       [ 0., -0., -0., -0.,  0., -0.,  0., -0., -0., -0., -0., -0.,  0.,
        -1., -0.,  0., -0., -0., -0.,  0.,  0.,  0.,  0.,  0., -0.,  1.,
        -0., -0.,  0., -0.,  0.,  1., -1., -0., -0.,  1., -0.,  1.,  0.,
        -0.,  0.,  0.,  0.,  0.,  0.,  0., -0.,  0.,  0., -0., -0., -0.,
        -1., -0.,  0., -0.,  1.,  0.,  0.,  0.,  0., -0.,  0.,  1.,  0.,
         0.,  0., -0.,  1., -0.,  0.,  0., -1.,  0.,  0.,  0.,  1.,  0.,
         0., -0.,  0., -0.,  0.,  0., -0., -0., -0., -0.,  0.,  0.,  0.,
         0.,  0.],
       [ 0.,  0.,  0.,  1.,  0.,  0., -0.,  0.,  0., -0.,  0., -1.,  0.,
         0., -0., -0., -0., -0., -0., -0., -0.,  0.,  0., -0., -0.,  1.,
         0., -0., -0.,  0.,  0.,  0., -0.,  0., -0., -0.,  1.,  0., -0.,
         0.,  0.,  0.,  0.,  0.,  0.,  1.,  0., -0., -0., -0.,  0., -0.,
        -0., -0., -0., -0.,  1.,  0.,  0.,  0.,  0., -0., -0.,  1., -0.,
         0.,  1., -0.,  0., -0., -0.,  0., -0., -0.,  0.,  0.,  0.,  0.,
        -0.,  1., -0.,  0.,  0., -1., -1.,  0., -0., -0.,  0., -0., -0.,
         0., -0.],
       [-1., -0.,  0., -0., -0.,  0., -0., -0., -0.,  0., -0., -0., -0.,
        -0.,  0., -0., -0.,  0., -1., -0., -0.,  0., -0.,  0.,  0.,  0.,
        -1., -0.,  0.,  0.,  0.,  0.,  0.,  0., -0., -1.,  1.,  0.,  0.,
         1., -0., -0., -1.,  0.,  0.,  0.,  0.,  0.,  0., -0., -0., -0.,
        -0.,  0.,  0.,  0.,  0.,  0., -0.,  0.,  0.,  0.,  0., -0.,  0.,
        -0., -0.,  0., -1., -0., -1., -0., -0., -0., -0.,  0.,  0.,  0.,
        -0., -0., -1.,  0., -1., -0.,  0.,  0.,  0., -0.,  0.,  0., -0.,
         0.,  0.],
       [-0.,  0., -0.,  0., -0.,  0., -0.,  0., -0., -0., -0.,  0.,  0.,
         0.,  0., -0.,  0., -1., -0., -0., -0., -0., -0.,  1.,  0.,  0.,
        -0.,  0.,  0.,  0.,  0.,  0.,  0., -0., -0., -0.,  0.,  0.,  0.,
         0.,  0., -0., -0.,  0.,  0.,  0.,  0.,  1., -0., -0., -0.,  0.,
         0., -1.,  0.,  0., -0., -0., -0.,  0., -0., -0., -0., -0., -0.,
         0.,  0.,  1.,  0.,  0.,  0.,  0.,  1.,  0.,  0., -0.,  0.,  0.,
         0., -1., -0., -0.,  0.,  1., -0.,  1.,  0., -0.,  0., -0., -0.,
         0., -1.],
       [-0.,  0.,  1.,  0.,  0.,  0., -0.,  0., -1., -0., -0.,  1.,  0.,
        -0.,  0.,  0.,  0., -0.,  0.,  0.,  0.,  0., -0., -1.,  0., -0.,
         0., -0.,  0., -0.,  0., -0., -0., -0.,  1., -0.,  0.,  0.,  1.,
        -0., -0., -0.,  0.,  0.,  1., -1.,  0., -0.,  0., -0.,  0., -1.,
         0.,  0., -1.,  0., -0.,  0.,  1., -1., -1.,  1.,  0., -0., -0.,
         0., -0.,  0., -0., -0.,  0.,  1., -1.,  0.,  0.,  0., -0., -0.,
        -0.,  0., -0.,  0.,  0.,  0.,  1.,  0.,  1., -0., -0., -0., -0.,
         0., -0.],
       [ 0.,  0.,  1., -0.,  0.,  0.,  0., -0.,  0.,  0., -0.,  1.,  0.,
         0., -0.,  0., -0.,  0.,  0.,  0., -0.,  0., -0., -1., -0., -0.,
         0., -0.,  0.,  0.,  0.,  0., -0.,  0.,  0., -0.,  0.,  1.,  0.,
         0.,  1.,  0., -0.,  0.,  1., -1., -0., -0., -0., -0.,  0.,  0.,
        -0., -0., -1.,  0.,  1.,  0.,  0., -0.,  0., -0.,  0., -0., -0.,
         0.,  0.,  0.,  0.,  0., -0.,  1., -1.,  0., -0., -0.,  0.,  0.,
         0., -0., -0.,  0.,  0.,  0.,  0., -0.,  0., -0., -0., -0., -0.,
         0.,  0.],
       [ 0., -0.,  1., -0., -0.,  0., -0., -0., -1., -0.,  0.,  1., -0.,
         0., -0.,  0., -0., -1., -0., -0.,  0., -0.,  0., -0., -0.,  0.,
         0., -0.,  0., -0., -0.,  0.,  0.,  0.,  1.,  0.,  0., -0.,  0.,
        -0.,  0.,  0., -0.,  1., -0., -1., -0.,  1., -0.,  0.,  0.,  0.,
        -0.,  0., -1., -0., -0.,  0., -0.,  0., -0.,  0., -1., -0., -0.,
         0.,  0.,  1.,  0.,  0., -0.,  1., -0., -0.,  0.,  0., -0.,  0.,
         0., -1., -0., -0.,  0.,  1.,  1.,  1.,  0., -0.,  0.,  0., -0.,
         0., -1.],
       [-0.,  0.,  0., -0.,  0., -0.,  0.,  1., -1.,  1., -0., -0., -0.,
         0., -0., -0., -0.,  0.,  0., -0., -0., -1.,  0., -0., -0., -0.,
         0., -0.,  0.,  0.,  0.,  0., -0., -0.,  1., -0., -0., -1.,  0.,
        -0., -1., -0., -0., -0.,  0., -0., -0.,  0.,  0.,  0., -1.,  0.,
        -0., -0., -0.,  0., -1., -0.,  1.,  0., -0., -0.,  0.,  0., -0.,
         0., -0., -0., -0., -0.,  0., -0., -0., -0.,  0., -0., -0., -0.,
         0.,  0., -0., -0., -0.,  0.,  1.,  0.,  0., -0.,  0., -0., -0.,
        -0., -0.],
       [-0., -0., -0., -1., -0.,  0., -0.,  0.,  0., -0., -0.,  1., -0.,
         0., -0., -0., -0., -0.,  0.,  0., -0.,  0., -0., -1., -0., -0.,
        -0.,  0., -0., -0., -0.,  1., -1.,  0., -0.,  0.,  0.,  0.,  0.,
         0.,  0., -0., -0., -0.,  0.,  0.,  0., -0.,  0.,  0.,  0.,  0.,
        -1., -0., -0.,  0., -0.,  0., -0., -0., -0., -0., -0.,  0., -0.,
         0.,  0., -1.,  0., -0., -0.,  0., -0., -0., -0.,  0.,  0.,  0.,
         0.,  0.,  0.,  0., -0., -0., -0., -0., -0.,  0., -0., -0.,  0.,
        -0.,  0.],
       [ 0., -1.,  0.,  0.,  0.,  1.,  0.,  0.,  0., -0., -0., -1., -0.,
        -0., -0.,  0., -0.,  0., -0., -0., -0., -0.,  1.,  1., -0., -1.,
        -0., -0., -0., -0., -0., -1.,  1.,  0., -1., -0., -0.,  0.,  0.,
         0., -0.,  0., -0., -0., -0.,  0.,  0., -0., -1.,  0.,  0.,  0.,
         1.,  0.,  1.,  0.,  0., -0., -0., -0., -0.,  0., -0.,  0., -0.,
        -0.,  0.,  0.,  0.,  0., -0., -0., -0.,  1.,  0.,  1.,  0.,  0.,
         0.,  0., -0.,  0., -0.,  0., -0., -0., -0.,  0., -0.,  0., -0.,
         0.,  0.],
       [-0.,  0., -0., -0., -0.,  0.,  0., -0.,  0.,  0.,  0., -1.,  0.,
         1., -0.,  0.,  0.,  0., -0., -0.,  0., -0.,  0.,  1.,  0., -1.,
        -0.,  0., -0., -0.,  0., -1.,  1.,  0., -0., -1., -0., -0., -0.,
        -0.,  0., -0., -0.,  0.,  0., -0.,  0.,  0.,  0., -0.,  0.,  0.,
         1., -0.,  1., -0., -0.,  0., -0., -0., -0., -0.,  0., -1., -0.,
        -0.,  0., -0.,  0., -0.,  0.,  0.,  0., -0.,  0., -0., -0., -0.,
         0.,  0.,  0., -0.,  0.,  0.,  0.,  0., -0.,  0.,  0., -0., -0.,
         1., -0.],
       [-0., -0.,  0., -1., -0.,  0.,  0., -0.,  1.,  0., -0., -0., -0.,
        -0., -0., -0., -0., -0., -0., -0.,  0., -0., -0., -0.,  0., -1.,
         0., -0., -0., -0., -0., -0.,  0.,  0., -1., -0.,  0.,  0., -0.,
        -0.,  0.,  1.,  0.,  0., -0.,  0., -0.,  0.,  0.,  0.,  0., -0.,
        -0.,  0.,  1.,  0., -0., -0.,  0.,  0.,  0., -0.,  1., -0.,  0.,
         0., -0., -1.,  0.,  0., -0., -1., -0.,  0., -0.,  0.,  0., -0.,
        -0.,  0.,  0., -0., -0.,  0., -0., -1., -0., -0., -0., -0.,  0.,
        -0., -0.],
       [ 0.,  0., -0., -0., -0.,  0., -1., -0., -0., -0.,  0.,  0.,  0.,
        -1.,  0.,  0., -0.,  0.,  0., -0.,  0.,  0.,  0., -0.,  0., -0.,
        -0., -0., -0.,  1., -0., -0., -0.,  1., -1.,  1.,  0., -0., -0.,
         0., -0.,  0.,  0., -0.,  0., -0., -0., -0., -0., -1., -0.,  0.,
         0., -0.,  0., -0., -0.,  1.,  0., -0., -0.,  0.,  0.,  1., -0.,
        -0.,  0., -0.,  0., -0.,  0., -0., -0., -0., -0., -0.,  0.,  0.,
         0.,  0.,  0.,  0.,  0.,  0., -0.,  0.,  0., -0.,  0., -0.,  0.,
        -1.,  0.]], dtype=np.float32), np.array([[ 0.,  1.,  0.,  0., -0.,  0., -0.,  0.,  0., -0., -0., -0.,  1.,
        -0.,  0.,  0., -0.,  0.,  0.,  0.,  1., -1.,  0.,  0.,  0.,  0.,
         1., -0.,  0.,  0.,  0., -0.,  0., -0.,  0., -1., -1.,  1., -1.,
         0., -0., -0., -0.,  0., -0.,  0.,  1.,  0., -0.,  1., -1., -0.,
        -1., -1.,  0.,  0.,  1., -1.,  0., -0.,  1., -0., -0., -1., -0.,
        -0.,  0.,  0.,  0., -0.,  0., -0., -1., -1., -0., -0.,  0., -0.,
         1., -0., -1.,  0.,  0., -0., -0., -0.,  0., -0.,  1.,  0., -1.,
         0.,  0.],
       [-0., -0.,  1.,  1.,  0., -0.,  0.,  0., -1., -0.,  0.,  1., -0.,
         0.,  0., -0.,  0.,  0.,  0.,  0., -1., -0.,  0.,  1., -0.,  0.,
         0.,  0., -0.,  0., -0., -0., -0., -0., -0., -0.,  0.,  0., -0.,
        -0., -0.,  0., -0., -0.,  1., -1.,  0.,  1., -0., -0.,  0., -0.,
        -0.,  0., -1.,  0., -0., -0.,  1.,  0.,  0.,  0.,  0.,  0.,  1.,
         0.,  0.,  0.,  0., -1., -0., -1.,  0.,  0.,  0.,  0.,  0.,  0.,
         0.,  0., -0.,  0., -0.,  0.,  1., -0.,  0.,  0., -0., -0., -0.,
        -0., -1.],
       [ 0., -0.,  0.,  0., -0.,  0., -0., -0.,  0.,  0., -0.,  0.,  0.,
         1., -0., -0., -0.,  0., -0., -0., -0., -0., -0.,  0.,  0.,  0.,
        -0.,  0., -0.,  1.,  0., -1.,  0.,  0.,  0., -1., -0., -0.,  0.,
        -0., -0., -0., -1., -0.,  0.,  0., -0., -0., -0.,  1.,  0.,  0.,
         0.,  0.,  0.,  0.,  0.,  0.,  0., -0.,  0., -0.,  1.,  0., -0.,
         0.,  0., -1., -0., -0.,  0., -0.,  0., -1.,  0.,  1.,  0., -0.,
        -0., -0.,  0.,  0.,  0., -0.,  0.,  1.,  0., -0., -0., -0., -0.,
        -0.,  0.],
       [-0.,  0.,  0., -0.,  0.,  0., -0.,  0.,  0.,  0.,  0.,  0., -0.,
        -0.,  0., -0., -0., -0., -1., -0., -1., -0., -0.,  0., -0., -0.,
         0.,  0., -0.,  0., -0.,  0., -0.,  0.,  0., -0.,  0., -0., -0.,
         1., -0.,  0., -1.,  0., -0., -0., -1., -0.,  0., -0.,  0.,  0.,
        -0.,  1.,  0., -0., -0., -0., -0.,  0., -0.,  0.,  1., -0.,  1.,
         1., -0., -1.,  0., -1.,  0., -0., -0.,  0., -0.,  0.,  0., -0.,
        -0., -0.,  1., -1., -0., -0.,  0.,  1., -0., -0.,  0.,  0.,  0.,
         0.,  0.],
       [-0.,  0., -0., -1.,  0., -0.,  0.,  0.,  1.,  0.,  0., -0.,  0.,
        -0., -0., -0.,  0.,  0., -1., -0.,  0., -0., -0.,  0.,  0., -0.,
        -0., -0., -0., -0., -0., -0., -0.,  0., -0.,  0.,  0., -0.,  0.,
         1.,  0., -0., -1., -0.,  0., -0., -1.,  0., -0.,  0., -0.,  0.,
         0.,  0., -0.,  0., -0.,  0., -1., -0.,  0.,  0.,  1.,  0.,  0.,
         1., -0.,  0.,  0.,  0., -0., -0.,  0.,  0.,  0., -0.,  0., -0.,
        -0., -1.,  1., -0., -0.,  1., -1.,  0.,  0., -0.,  0., -0.,  0.,
        -0.,  0.],
       [ 0.,  1., -0., -0., -0., -0.,  0.,  0., -0., -0.,  0.,  0.,  1.,
         0., -0., -0., -0., -0.,  0.,  0.,  1., -0., -0., -0.,  0.,  0.,
         0.,  0., -0.,  0., -0.,  0., -0.,  0., -0., -0.,  0.,  0., -1.,
        -0., -0., -0.,  0., -0.,  0., -0.,  1.,  0.,  0.,  0., -0., -0.,
        -0., -0.,  0.,  0.,  0., -0.,  0.,  1.,  0.,  1.,  0.,  0.,  0.,
        -0., -0., -0., -0.,  0., -0.,  0., -0., -1., -1., -0.,  0., -0.,
         1., -0., -0.,  0.,  0.,  0., -0.,  0., -0.,  0.,  1.,  0.,  0.,
        -0.,  0.],
       [-0.,  0., -0.,  0., -0.,  1.,  0., -0., -0., -0.,  0., -0.,  0.,
        -0., -0.,  0., -1.,  0., -0., -0., -1.,  0., -0.,  0., -1.,  0.,
         0.,  0., -1.,  0.,  0., -0.,  0.,  0., -0.,  0.,  0., -0.,  0.,
        -0., -0.,  0., -0.,  0.,  0., -0.,  0., -0.,  1.,  0., -0., -1.,
         0., -0., -0.,  0.,  0., -0., -0., -0.,  0., -0.,  0.,  0., -0.,
         0.,  0.,  0., -0.,  0.,  0.,  0., -0.,  0.,  0.,  0., -0., -1.,
         0.,  0.,  0.,  0.,  0., -0.,  0., -0.,  1., -0., -0.,  1., -0.,
         0., -0.],
       [-1., -0.,  0.,  0.,  0.,  0.,  0.,  0.,  0., -0.,  0.,  0.,  0.,
        -0., -0., -0.,  0., -0.,  0., -0., -0.,  0., -1., -0., -0., -0.,
         0., -0.,  0., -0.,  0.,  0.,  0., -0., -0.,  0., -0.,  0.,  0.,
         0., -0., -0., -1.,  0., -0.,  0.,  0., -0., -0., -0., -0., -0.,
        -0., -0., -0.,  0., -0., -0., -0.,  0.,  0.,  1.,  0., -0., -0.,
         0.,  0., -0.,  0.,  0., -0., -0.,  0., -1., -1., -0., -0.,  0.,
         0.,  0.,  1., -0., -0., -0., -0., -0.,  0.,  0., -0.,  0., -0.,
        -0., -0.],
       [-1., -0.,  0.,  0.,  0., -0.,  0., -0.,  0., -0., -0., -0., -0.,
         0.,  1., -0.,  0., -0.,  0.,  0., -1., -0., -1.,  0., -0.,  0.,
         0., -0.,  0., -0., -0.,  0.,  0., -0., -0., -0.,  0.,  0.,  0.,
        -0., -0.,  0., -1., -0., -0., -0., -1.,  0., -0., -0.,  0., -0.,
        -0.,  0., -0., -0., -0., -0.,  0., -1.,  1.,  0.,  0.,  0.,  0.,
         1.,  0., -0., -0., -1., -0.,  0.,  0., -0.,  0., -1.,  0.,  0.,
         0., -0.,  1., -1.,  0., -0.,  0., -0.,  0.,  0., -0., -0., -0.,
         0.,  0.],
       [-1.,  0.,  0., -0.,  0., -1., -0., -0., -0.,  0.,  0.,  0., -0.,
         0.,  0.,  0.,  1., -0., -0., -0., -0., -0., -1., -0.,  0., -0.,
        -0.,  0.,  1., -0.,  0.,  0.,  0.,  0., -0.,  0., -0.,  0., -0.,
        -0.,  0.,  0., -1., -0., -0.,  0., -1., -0.,  0.,  0.,  0., -0.,
         0., -0., -0.,  0., -0.,  0., -0., -1.,  0., -0., -0.,  0.,  0.,
        -0., -0.,  0., -0., -0.,  0., -0.,  0.,  0., -0., -0., -0.,  0.,
         0.,  0.,  1.,  0.,  0.,  0., -0., -0., -1., -0., -0., -0., -0.,
         0., -0.],
       [-0.,  0.,  0., -0.,  0., -0., -0., -0., -0.,  1.,  0.,  0.,  0.,
        -0., -0.,  0., -0., -0.,  0.,  0., -0.,  0.,  0.,  0., -0., -0.,
         1., -0., -0.,  0.,  0.,  0.,  0., -0.,  0., -1., -1.,  0.,  0.,
        -0.,  1., -0.,  0., -0., -1., -0., -0., -0., -0.,  1., -1., -1.,
        -0., -0.,  0., -0.,  1., -1.,  0., -1.,  0., -1., -0., -1.,  0.,
         0., -0.,  0., -0.,  0.,  0., -0., -0., -0.,  1., -0., -0., -0.,
        -0.,  0., -1.,  0.,  0., -0., -0.,  0.,  0., -0.,  0., -0., -1.,
         0., -0.],
       [-0., -0., -0.,  1., -0., -1.,  0., -0., -1.,  0., -1.,  1., -0.,
         0., -0., -0.,  1.,  0., -0., -0.,  0., -0.,  0., -0.,  1.,  0.,
         0.,  0.,  1., -0.,  0., -0.,  1., -0.,  0., -0., -0., -0.,  0.,
         0., -0., -0.,  0.,  0.,  1., -1.,  0.,  0., -1.,  0.,  0.,  1.,
        -0.,  0., -1.,  0., -0.,  0.,  1.,  0.,  0., -0.,  0.,  0., -0.,
        -0.,  0.,  0., -0.,  0., -0., -1., -0., -0.,  0., -0.,  0., -0.,
         0.,  0., -0.,  0.,  0.,  0.,  1., -0., -1.,  0.,  0., -1., -0.,
        -0.,  0.],
       [ 1.,  0.,  0.,  0.,  0.,  0.,  0., -0., -0., -0., -0.,  0.,  0.,
         0.,  0.,  0.,  0.,  0.,  0.,  0.,  0., -0.,  1.,  0., -0., -0.,
         0.,  0., -0.,  0.,  0.,  0.,  0.,  1., -0., -1.,  0., -0., -0.,
         0., -0., -0., -0., -0., -0.,  0.,  0.,  0., -1.,  1.,  0., -0.,
         0.,  0., -1.,  0., -0.,  0.,  0., -0.,  0., -1.,  1.,  0.,  0.,
         0., -0., -0., -0., -0.,  0., -1.,  0.,  0.,  1.,  0.,  0.,  0.,
         0., -0., -1., -0.,  0.,  0.,  0., -0., -0.,  0., -0.,  0.,  0.,
        -1.,  0.],
       [ 1., -0.,  0.,  0.,  1.,  0.,  0., -0., -0., -1.,  0., -0., -0.,
        -1.,  0., -1.,  0., -0., -1., -0.,  0., -1.,  1., -0.,  0.,  0.,
        -0., -0., -0., -1., -1., -0.,  0.,  1.,  0.,  0., -0.,  1.,  0.,
         1., -1., -0., -0., -0.,  1., -0., -0.,  0., -1.,  0.,  0.,  1.,
        -0., -0., -1., -0.,  0., -0.,  0.,  1.,  0., -0.,  1.,  0.,  1.,
         0., -0., -0.,  0.,  0., -0., -1.,  0.,  0.,  0., -0.,  1.,  0.,
         0.,  0.,  0., -0., -0.,  0.,  0.,  0., -0.,  0.,  0., -1.,  0.,
        -1., -0.],
       [ 1., -0., -0., -1., -0.,  1.,  0., -0.,  1., -0.,  0., -1., -0.,
        -0., -0.,  0., -1.,  0.,  0., -0., -0.,  0.,  1., -0., -1., -0.,
        -0.,  0., -1.,  0., -0., -0., -1.,  0.,  0.,  0.,  0.,  0., -0.,
         0.,  0., -0., -0., -0., -0.,  1., -0.,  0., -0., -0., -0.,  0.,
        -0., -0.,  0.,  0.,  0.,  0., -1.,  1.,  0.,  0.,  1., -0., -0.,
         0., -0.,  0., -1., -0., -0., -0., -0.,  0., -0., -0.,  0., -0.,
         0., -0.,  0., -0., -1., -0., -1.,  0.,  1.,  0.,  0., -0., -0.,
         0.,  0.],
       [-0., -1., -0.,  0.,  0., -0.,  0., -0., -0., -0.,  0., -0., -1.,
         0.,  0., -0.,  0.,  0.,  0., -0., -1., -0., -0.,  0., -0., -1.,
        -1.,  0., -0., -0.,  0.,  0.,  0., -0., -0.,  1.,  1.,  0.,  0.,
         0., -0., -0., -0.,  1.,  0.,  0., -1., -0., -0., -1., -0.,  0.,
        -0.,  0.,  0., -0., -0.,  1.,  0., -0.,  0.,  0.,  0.,  1., -0.,
         0.,  0., -0.,  0.,  0.,  0.,  0.,  0.,  1.,  0., -0., -0.,  0.,
        -1.,  0.,  1.,  0., -0.,  0., -0., -0.,  0.,  0., -1.,  0.,  1.,
        -0.,  0.],
       [ 0.,  0., -1., -0.,  0., -0.,  0.,  0.,  1., -0., -0., -0.,  0.,
        -0.,  0.,  0.,  0.,  0.,  0.,  0.,  1.,  0., -0.,  0., -0.,  0.,
         0.,  1., -0.,  0.,  0., -0.,  0.,  0., -0., -0., -0., -0., -0.,
        -0., -0., -0., -0., -0., -1.,  1., -0.,  0., -0., -0., -0., -0.,
        -0., -0.,  0., -0.,  0., -0., -1., -0., -0.,  0., -0.,  0., -0.,
         0., -0.,  0., -0., -0.,  0.,  1., -0.,  0., -0.,  0.,  0., -0.,
         0., -0.,  0.,  0.,  0., -0., -1., -0.,  0.,  0.,  1., -0., -1.,
        -0., -0.],
       [-0., -1., -0.,  0., -0., -0.,  0.,  0.,  0., -0.,  0., -0., -0.,
         0.,  0.,  0., -0.,  0., -0., -0.,  0.,  0., -0., -0.,  0., -1.,
         0.,  0.,  0., -0.,  0., -0., -0., -0., -0.,  1.,  0., -0.,  0.,
        -0., -0.,  1.,  1.,  0.,  0., -0.,  0., -0.,  0., -1., -0.,  0.,
        -0.,  0., -0.,  0.,  0.,  1.,  0., -0., -0., -0., -1.,  1., -0.,
         0., -0.,  0., -0.,  0., -0., -0., -0.,  1., -0., -0., -0., -0.,
        -0., -0.,  0.,  0.,  0., -0.,  0.,  0.,  0.,  0., -0.,  0.,  0.,
        -0.,  0.],
       [-0.,  0.,  0.,  0.,  0., -0., -0.,  0.,  0., -0., -0., -0.,  0.,
        -0.,  0.,  0., -0., -1., -0., -1.,  1., -0.,  0., -0., -0.,  0.,
         1.,  1.,  0., -0.,  0.,  0.,  0., -0.,  0., -0., -1., -0.,  0.,
         0., -0., -0.,  1.,  0., -0.,  0.,  1.,  1., -0., -0., -0., -0.,
        -0., -1.,  0.,  0., -0., -0.,  0., -0., -0.,  0., -1.,  0.,  0.,
         0., -1., -0.,  0.,  0., -0., -0.,  0.,  0., -0., -0.,  0., -0.,
         1.,  0., -1., -0., -0.,  1., -0., -1.,  0.,  0.,  1., -0., -1.,
        -0., -0.],
       [-0.,  0.,  0., -0.,  0., -0., -0.,  0., -1.,  0.,  0.,  0., -0.,
        -0., -0.,  0., -0.,  0.,  0.,  0., -0., -0., -0., -0., -0., -0.,
         1.,  0.,  0., -0.,  0., -0., -0., -0.,  0., -0., -1.,  0.,  0.,
         0.,  0., -0.,  1.,  0., -0.,  0.,  1.,  0., -0., -0.,  0.,  0.,
        -0.,  0.,  0.,  0.,  0., -0.,  1.,  0.,  0.,  0., -1., -0., -0.,
        -0., -1., -0.,  0., -0., -0., -0., -0., -0.,  0.,  0., -0.,  0.,
         1.,  0., -1.,  0.,  0.,  0.,  1., -0.,  0., -0.,  0.,  0., -0.,
         0.,  0.],
       [-0.,  0.,  0., -0.,  0., -0., -0., -1., -0.,  0.,  0.,  0., -0.,
        -0., -0.,  0., -0.,  0., -0.,  0., -0.,  0.,  0.,  0., -0.,  0.,
         1., -0.,  0.,  0., -0., -0.,  0.,  0., -0., -0., -0.,  0., -0.,
         0., -0., -0., -0., -0., -0., -0.,  0., -0., -0.,  1., -1., -0.,
         0., -0., -0., -0.,  0., -1.,  1., -1., -0., -1., -0., -0., -0.,
         0.,  0.,  0., -0., -0.,  0., -0., -0.,  0.,  1., -0., -0.,  0.,
        -0.,  0., -1., -0.,  0., -0.,  0., -0., -1.,  0.,  0.,  0., -1.,
        -0.,  0.],
       [ 0., -0., -0.,  0., -0.,  0.,  1.,  1.,  0.,  1., -1., -0.,  0.,
         0.,  0.,  1.,  1., -0., -0., -0.,  0.,  0.,  0.,  0., -0.,  0.,
         0., -0.,  0.,  0.,  0., -0., -0., -1., -0., -0.,  0.,  0., -0.,
        -0., -0., -0., -0.,  0.,  0., -0., -0., -0.,  0., -0., -0., -0.,
        -0., -0.,  0.,  1.,  0.,  0., -0.,  0., -0.,  0.,  0.,  0., -0.,
        -0.,  0., -0.,  0., -0., -1.,  0.,  0.,  0., -0., -0.,  0., -0.,
        -0., -0.,  0.,  0., -1., -0.,  0., -0.,  0., -1., -0., -0., -0.,
        -0.,  0.],
       [ 1.,  0.,  0., -0., -0.,  1.,  1.,  0.,  1.,  0.,  0.,  0.,  0.,
         0., -0.,  0.,  0., -0., -0., -0., -0., -0.,  1., -0., -0., -0.,
        -0.,  0.,  0., -0., -0., -0., -0.,  0., -1.,  0., -0.,  0., -0.,
        -0.,  0.,  0.,  0., -0.,  0., -0.,  0., -0.,  0.,  1., -0., -0.,
         0., -0., -0., -0., -0.,  0.,  0.,  0.,  0., -1.,  1.,  0., -0.,
         0., -0., -0., -0., -0., -0., -0., -0.,  0.,  1., -0.,  0.,  0.,
        -0.,  0., -1.,  0., -0.,  0.,  0., -0., -0., -0.,  0., -0.,  0.,
         0., -0.],
       [ 1.,  0.,  0., -0.,  0.,  1.,  1.,  1.,  1.,  0., -0., -0.,  0.,
        -0.,  0.,  0., -0., -0., -1.,  0.,  0., -1.,  1., -0.,  0.,  0.,
         0., -0., -0., -1., -1., -0.,  0., -0., -1., -0.,  0.,  0., -0.,
         0.,  0., -0.,  0., -0., -0., -0., -0., -0., -0., -0.,  0.,  0.,
        -0., -0., -0.,  1., -0., -0., -1.,  1., -0.,  0.,  1., -0.,  1.,
        -0., -0.,  0., -0.,  0.,  0.,  0.,  0.,  0.,  0., -0., -0., -0.,
         0., -0., -0.,  0., -0., -0.,  0.,  0.,  1.,  0., -0., -0., -0.,
         0.,  0.],
       [ 1., -0., -0.,  0., -0.,  1.,  0., -0.,  1.,  0., -0., -0., -0.,
         0.,  0.,  0., -1., -0.,  0., -0., -0., -0.,  1.,  0., -0.,  0.,
         0., -0.,  0.,  0., -0.,  0.,  0., -0., -1., -0., -0., -0., -0.,
         0.,  0.,  0., -0.,  0., -0., -0., -0., -0.,  0.,  0., -0.,  0.,
        -0., -0., -0.,  0.,  0., -0., -1.,  1., -0., -0.,  1.,  0., -0.,
        -0., -0.,  0.,  0., -0.,  1., -0., -0.,  0., -0., -0.,  0.,  0.,
        -0., -0.,  0.,  0.,  0., -0.,  0., -0.,  1., -0., -0., -0., -0.,
         0., -0.]], dtype=np.float32), np.array([[-0., -0., -0.,  0.,  0., -0.,  0., -1.,  0.,  1., -0.,  0.,  1.,
        -0., -0.,  1., -0., -0., -0.,  0.,  0.,  1., -0., -0., -0., -0.,
        -0.,  1., -0.,  0., -1., -0., -0., -0., -0., -0.,  0., -0.,  0.,
        -0., -0., -0.,  0.,  0.,  0., -0., -0.,  0.,  0.,  0., -1., -0.,
         0., -0.,  0., -1., -0., -0.,  0., -0., -0.,  0.,  0.,  0.,  0.,
        -0.,  0., -0.,  0., -0., -0., -0.,  0.,  0.,  0.,  0.,  0., -0.,
        -0.,  0.,  0., -0.,  0., -0.,  0., -0., -0.,  0., -1.,  0., -1.,
         0., -0.],
       [ 0., -0.,  0., -0.,  0., -0., -0., -0., -0., -0.,  0., -0.,  1.,
        -0., -1.,  0., -1., -0., -0., -0., -0., -0., -0., -0.,  0., -0.,
         0., -0., -0.,  0., -0., -0.,  0., -0., -0., -0.,  0.,  0., -1.,
         0.,  0., -0.,  0., -0., -0., -0., -0., -0.,  0., -0.,  0., -1.,
         0., -0., -0., -1., -0.,  0., -0.,  1.,  1.,  0., -0.,  0., -0.,
        -0.,  0.,  0., -0.,  0., -0.,  0.,  0.,  0., -0., -0.,  0., -0.,
         0., -0.,  0., -0.,  0.,  0., -0., -0.,  1.,  0., -0.,  1.,  0.,
        -0.,  0.],
       [-0., -0.,  0.,  0., -0.,  0.,  0., -0.,  0.,  0.,  0.,  0.,  0.,
        -0., -0., -0., -0.,  0.,  0.,  0., -0., -0., -0.,  0.,  0.,  0.,
        -1.,  1.,  0., -0., -0., -0., -0.,  0.,  0.,  0.,  1., -1.,  0.,
        -0., -1.,  0.,  0., -0.,  0.,  0., -0.,  0.,  0., -0., -0., -0.,
         0.,  0.,  0., -0.,  1., -0., -0., -0., -0., -0., -0., -0.,  0.,
         0., -1.,  0., -0.,  0., -0., -0., -0.,  0., -0., -0.,  1.,  0.,
         1., -0.,  0., -0.,  0.,  0., -0., -0., -0.,  0., -1., -0., -1.,
        -0.,  0.],
       [-0.,  0.,  0.,  0.,  0., -0.,  0., -1.,  0.,  1., -0.,  0.,  0.,
         0.,  1.,  1.,  1., -0.,  0.,  0., -0.,  1., -0., -0., -0.,  0.,
        -0.,  0.,  0.,  0., -1.,  0.,  0., -0., -0.,  0.,  0.,  1.,  0.,
        -0.,  1.,  0.,  0.,  1.,  0.,  0.,  0.,  0., -0., -0., -0.,  1.,
         0., -0., -0., -0.,  0.,  0.,  0., -1., -1.,  0.,  0.,  0.,  0.,
         0., -0.,  0.,  0.,  0., -0., -0., -1.,  0.,  0.,  0., -1.,  0.,
        -0., -0.,  0., -0., -0., -0.,  0., -0., -1., -0.,  0., -1.,  0.,
         0.,  0.],
       [ 0., -1., -0.,  0.,  0., -0., -0.,  1., -0., -1., -0., -0., -1.,
         0.,  0., -1., -0.,  0., -0., -0.,  0., -1.,  0., -0., -0.,  1.,
         0.,  0.,  0.,  0.,  1., -0., -0., -0., -0.,  0., -0., -1., -0.,
         0., -1., -1.,  0., -0., -0.,  0., -0.,  0., -0., -0.,  1.,  0.,
         1., -0.,  0.,  1.,  1., -1.,  0.,  0., -0., -0.,  0.,  1.,  0.,
        -0., -0., -0.,  0., -0., -0., -0.,  0., -0., -0., -0.,  1.,  0.,
         0., -0., -0., -0., -0.,  0., -0., -0.,  0., -0.,  0., -0., -0.,
        -0.,  0.],
       [ 0., -0., -0., -0., -0., -0., -0., -0., -0.,  0.,  1.,  0.,  1.,
        -0.,  0.,  0.,  0.,  1.,  0., -1.,  1., -0., -0.,  0.,  0., -0.,
        -0.,  1., -0., -0., -0., -0., -0.,  0., -0., -0., -0.,  0.,  0.,
        -0., -0.,  0.,  0.,  0.,  0., -0., -0., -1., -0., -0., -0.,  0.,
        -0., -0.,  0., -0.,  0., -0.,  0.,  0., -0.,  0.,  0., -0., -0.,
         0.,  0.,  0.,  0.,  1.,  0.,  0., -0.,  0., -0., -0.,  0.,  0.,
        -0.,  0.,  0., -1., -0., -0.,  0.,  0.,  0., -1., -1., -0.,  0.,
         0.,  1.],
       [ 0.,  0.,  0.,  0.,  1.,  0.,  0.,  0., -0.,  0., -0., -0.,  1.,
         0., -0., -1.,  0.,  0., -0., -1.,  1., -0., -0.,  0., -0.,  0.,
        -0.,  0., -0., -0., -0., -0.,  0.,  0., -0., -0., -0., -0.,  0.,
         0.,  0., -0., -0.,  0.,  0., -0., -0., -0.,  0., -0., -0.,  0.,
        -0.,  0.,  0., -0., -0.,  0., -0.,  0., -0., -0., -0., -0., -0.,
         0., -0., -0., -0.,  1.,  0., -0., -0.,  0.,  0., -0.,  0.,  1.,
         0., -0., -0., -1., -0.,  0., -0., -0.,  0., -1., -1.,  1.,  0.,
         0.,  0.],
       [ 0., -0., -1.,  0., -0., -0., -0., -0.,  0.,  0.,  1., -1.,  0.,
        -0., -0.,  0.,  0.,  0.,  0., -0., -0.,  0., -0., -1., -1.,  0.,
         0., -0., -0.,  0., -0.,  0., -1.,  0., -0., -0., -0., -0., -0.,
         0., -0., -0.,  0.,  0., -0.,  1.,  0., -0.,  0., -0.,  0.,  0.,
        -0., -0., -0., -0., -0., -0., -0., -0., -0.,  0.,  0.,  0., -0.,
        -0., -0.,  0., -1., -0.,  0.,  0.,  0.,  0., -0.,  0.,  0., -1.,
        -0., -0., -0.,  0.,  1.,  0., -0., -0.,  0.,  0.,  0.,  0., -0.,
         0.,  1.],
       [ 0., -0., -1., -0., -1.,  0.,  0., -0., -0.,  1., -0., -0.,  0.,
        -0.,  0.,  1.,  0., -1., -0., -0.,  0.,  0.,  0.,  0.,  0.,  0.,
        -0., -1.,  0., -0., -0., -0.,  0., -0., -0., -0.,  0., -0.,  0.,
         0.,  1., -0.,  0.,  0.,  1., -0.,  0.,  1., -0., -0., -0.,  1.,
        -0.,  0., -0.,  0.,  0., -0.,  0., -0., -0., -0.,  0., -0.,  0.,
         0., -0., -0.,  0., -0.,  0.,  0.,  0., -0.,  0.,  0., -0.,  0.,
         0., -0., -0., -0., -0., -0., -0.,  0., -0.,  0.,  0., -1., -0.,
        -0., -0.],
       [ 0.,  0., -1., -0.,  0.,  0.,  0.,  0., -0.,  0., -0., -0., -1.,
        -0., -0., -0., -0., -1., -0.,  1., -1.,  0., -0., -1., -0., -0.,
         0., -1., -0.,  0.,  0., -0.,  0., -1.,  0.,  0.,  0.,  0., -0.,
        -0.,  0.,  0.,  0., -0.,  0., -0.,  0.,  1., -1., -0.,  0., -0.,
         0., -0., -1.,  0.,  0.,  0., -0., -0.,  0., -0., -0.,  0.,  0.,
        -0., -0., -0.,  0., -1.,  0., -1., -0.,  0., -0.,  0., -0., -1.,
        -0., -0., -0.,  1., -0., -0., -0.,  0.,  0.,  1.,  1.,  0., -0.,
         1., -0.],
       [ 0.,  0., -0.,  0.,  0.,  0.,  1.,  0., -0., -0.,  0.,  0., -1.,
         0., -0., -1., -0., -0., -0., -0.,  0., -0., -0.,  0., -0., -0.,
        -0., -1., -0., -1.,  1., -0.,  0., -1., -0., -0., -0.,  0.,  0.,
        -0.,  0., -0., -0., -0., -0., -0., -0.,  0., -0., -1., -0.,  0.,
        -0., -0., -0.,  1.,  0.,  1.,  0., -0., -0.,  0.,  0., -0., -0.,
         0., -0.,  0., -0., -0.,  0., -0., -0., -0., -1.,  0., -0., -0.,
         0.,  0.,  0., -0.,  0.,  0.,  0., -0., -0.,  0.,  1., -0.,  1.,
         0.,  0.],
       [ 0., -1.,  0., -0.,  0.,  1.,  0., -0., -0.,  0.,  0.,  0., -1.,
        -0.,  1.,  0.,  1.,  0., -0.,  0.,  0.,  0., -1., -0., -0.,  0.,
        -0.,  0.,  0., -0.,  0.,  0., -0.,  0., -0., -0.,  0.,  0., -0.,
         0., -0.,  0.,  0., -0.,  0., -0., -0., -0.,  1.,  0.,  0., -0.,
        -0.,  0.,  0.,  1.,  0.,  0., -0., -0., -0.,  0.,  0., -0., -0.,
         0.,  0.,  0., -0.,  0., -0., -0.,  0.,  1., -0.,  1.,  0.,  0.,
         0.,  0.,  0.,  0., -0., -0.,  0.,  0.,  0.,  0.,  0., -1.,  0.,
         0., -0.],
       [ 0.,  0.,  0., -0.,  0.,  0.,  0.,  0., -0., -0.,  0.,  0.,  0.,
         1.,  0.,  0.,  0., -0., -0.,  0., -0.,  0.,  0.,  0., -0.,  0.,
         1., -1.,  0.,  0.,  0.,  0.,  0.,  0.,  0., -1., -1., -0.,  0.,
        -0.,  0.,  0.,  1., -0., -0., -0., -1.,  0., -0., -0., -0., -0.,
        -0.,  0.,  0., -0., -0.,  0., -0.,  0., -0., -0.,  0.,  1.,  0.,
        -0.,  1.,  0.,  0.,  0.,  0.,  0., -0.,  0., -1.,  0., -1.,  0.,
        -1.,  0.,  1.,  0., -0., -0., -0.,  0.,  0.,  0.,  1.,  0.,  1.,
        -1.,  0.],
       [-0.,  0., -0.,  0., -0., -0.,  0.,  1., -1., -1., -0., -0.,  0.,
        -0., -1., -1., -1.,  0., -0.,  0.,  0., -1., -0., -0.,  0., -0.,
         0., -0., -0.,  0.,  1.,  0.,  0., -0., -0., -0.,  0., -1.,  0.,
        -0., -1.,  1., -0., -0., -1., -0., -0.,  0.,  0., -0.,  0., -1.,
        -0.,  1., -0.,  0., -0.,  0.,  1.,  1.,  1.,  1.,  1., -0., -0.,
         0.,  0.,  0., -0., -0., -0., -1.,  1.,  0., -0., -0.,  1., -0.,
         0.,  0.,  0., -0.,  0., -0., -0.,  1.,  1.,  0.,  0.,  1., -0.,
        -0., -0.],
       [ 0.,  1., -0.,  0.,  0.,  0., -1.,  0., -0., -0., -0., -0.,  1.,
         1., -0.,  1.,  0., -0., -0.,  0., -0.,  0., -0., -0.,  0., -0.,
         0., -0., -0.,  1., -1., -1., -0.,  1., -0., -0., -0.,  0.,  0.,
         0., -0.,  1., -0., -0., -0., -0.,  0.,  0., -0., -0.,  0.,  0.,
         0., -0., -0., -1.,  0., -0.,  0., -0.,  0., -0., -0.,  0.,  0.,
         0., -0.,  0.,  0., -0.,  0.,  0.,  0., -1.,  0.,  0., -1.,  0.,
        -0.,  0.,  0.,  0., -0.,  0.,  0., -0., -0.,  0., -0., -0.,  0.,
        -1.,  0.],
       [ 0.,  0., -0.,  0., -0., -0.,  0., -0.,  0.,  0., -0., -0., -0.,
         0., -0.,  1., -0., -1., -0.,  1.,  0., -0.,  0.,  0., -0., -0.,
        -0.,  0., -0., -0., -1.,  0., -0.,  0., -0.,  0., -0.,  0., -0.,
        -0.,  0.,  0.,  0., -0.,  0.,  0., -0.,  1.,  0., -0., -0.,  0.,
        -0.,  0.,  0., -1., -0.,  0.,  0.,  0.,  0., -0.,  0., -0.,  1.,
        -0., -0.,  0.,  0., -1., -0., -0., -0., -0., -0., -0., -0.,  0.,
        -0.,  0., -0.,  1.,  0.,  0., -0.,  0., -0.,  1., -0.,  0.,  0.,
         0., -1.],
       [-0., -0., -0., -0., -1.,  0.,  0., -0., -0., -0.,  0., -0., -0.,
         0., -1.,  1.,  0., -0.,  0.,  1., -0.,  0.,  0.,  0.,  0., -0.,
        -0.,  0.,  0.,  0.,  0., -0.,  0., -0.,  0., -0., -0., -0., -0.,
         0.,  0., -0., -0.,  0., -0.,  0., -0.,  0.,  0., -0., -0., -0.,
        -0.,  0.,  0., -1.,  0., -0., -0., -0., -0., -0.,  0.,  0.,  0.,
         0., -0.,  0.,  0., -0., -0., -0., -0.,  0., -0., -0.,  0.,  0.,
         0., -0., -0.,  1.,  0., -0., -0.,  0.,  0.,  1., -0., -0.,  0.,
        -0., -0.],
       [-0.,  0.,  0.,  0.,  0., -0.,  0., -0.,  0., -0.,  0., -0.,  0.,
         0., -0.,  0., -0.,  0.,  1.,  0.,  0., -0., -0., -0., -0., -0.,
         0.,  0., -0., -0., -0.,  0.,  0.,  0., -0., -0., -0.,  0.,  0.,
        -1., -0., -0.,  0.,  0.,  0., -0., -0.,  1., -0., -0.,  0., -0.,
         0., -0., -0.,  0.,  0.,  0.,  0., -0., -0.,  0., -0.,  0.,  1.,
        -1., -0.,  0., -0., -1., -0., -0., -0., -0.,  0.,  0.,  1.,  0.,
        -0.,  1.,  0.,  0.,  0., -1., -0., -0., -0., -0., -0., -0.,  0.,
         0., -1.],
       [-0.,  0., -0., -0.,  1., -0., -0., -0.,  0.,  0., -0.,  0., -0.,
         0.,  1., -0.,  0.,  1., -0.,  0.,  0.,  1., -0., -0.,  0.,  0.,
         0., -0.,  0.,  0., -1., -0., -0.,  0., -0., -0.,  0.,  1., -0.,
         0.,  0.,  0., -0.,  0., -0., -0.,  0., -0., -0., -0., -0., -0.,
        -0., -1.,  0.,  0.,  0.,  0., -0.,  0., -1., -0.,  0.,  0.,  0.,
        -0., -0.,  0.,  0.,  0., -0., -0., -1., -0., -0.,  0., -1., -0.,
         0., -0., -0., -0.,  0.,  0.,  0., -0., -0.,  0., -0.,  0., -0.,
         0., -0.],
       [-0., -0.,  0., -0., -0., -0., -0.,  0., -0.,  0., -0.,  0.,  0.,
        -1.,  0., -1.,  0.,  1.,  0., -1.,  0.,  0., -0.,  0.,  0., -0.,
        -0.,  0.,  0., -1.,  1.,  1., -0.,  0.,  0., -0., -0.,  0.,  0.,
         0., -0.,  0.,  0., -0.,  0., -0., -0., -0., -0., -0., -0.,  0.,
        -0., -0.,  0.,  1.,  0.,  0., -0., -0., -0.,  0.,  0., -0.,  0.,
        -0., -0.,  1.,  0., -0., -0., -0.,  0., -0., -0., -1.,  1.,  0.,
         0., -0., -0., -1.,  0., -0.,  0.,  1., -0., -1., -0., -0., -0.,
         0., -0.],
       [-1., -0.,  0., -0., -0., -0.,  0.,  0.,  0.,  0.,  0.,  0.,  1.,
        -0.,  0.,  0.,  0.,  1., -1., -1., -0., -0., -0., -0.,  0., -0.,
        -1.,  1.,  0., -0., -0.,  0.,  0., -0.,  0.,  0.,  0.,  0., -0.,
        -0.,  0.,  0., -0., -0., -0., -0.,  0., -1., -0., -0., -0., -0.,
        -0., -0.,  0.,  0.,  0., -0., -0.,  0.,  0., -0., -0.,  0., -1.,
         0.,  0., -0., -0.,  1.,  1., -0., -0.,  0.,  1.,  0., -0., -0.,
        -0.,  0., -1., -1., -1.,  0., -0.,  0.,  0., -1., -1.,  0., -1.,
        -0.,  1.],
       [ 0., -0., -0.,  0.,  1.,  0.,  0.,  0.,  0., -0., -0., -0.,  1.,
        -0.,  0., -1., -1.,  0.,  0., -1., -0., -0.,  0., -0., -1.,  0.,
         0., -0., -1., -0.,  0., -0.,  0., -0.,  0., -0., -0.,  0., -0.,
         0.,  0.,  0.,  0., -0.,  0., -0., -1., -0.,  0.,  0.,  0.,  0.,
         0.,  0., -0.,  0.,  0., -0., -0., -0.,  0., -0., -0., -0., -0.,
        -1.,  0.,  0., -0.,  0., -0.,  0., -0., -0., -0.,  0.,  0., -0.,
        -1., -0., -0., -1., -0.,  0., -0.,  0.,  0., -1.,  0.,  1., -0.,
         0., -0.],
       [-1., -0.,  0.,  0., -0., -0., -0.,  0., -0.,  0., -0., -0.,  0.,
        -0.,  0.,  0.,  0., -0., -1.,  0.,  0., -0., -0., -0.,  0.,  0.,
        -1.,  1., -0.,  0., -0., -0.,  0.,  0., -0.,  0.,  0., -0.,  0.,
        -0.,  0.,  0.,  0.,  0.,  0., -0.,  1., -1.,  0.,  0., -0., -0.,
         0., -0.,  0., -0.,  0., -0., -0.,  0.,  0.,  0., -0., -0., -1.,
         1., -1.,  0., -1.,  1.,  0., -0.,  0.,  0.,  1., -0., -0.,  0.,
         1., -1., -1.,  0., -0.,  1., -0., -0., -0.,  0., -1.,  0., -1.,
         0.,  1.],
       [-0.,  0., -0., -0., -1., -0.,  0., -1.,  0.,  1., -0.,  0.,  0.,
        -0.,  0.,  1.,  1., -1., -0., -0.,  0., -0., -0.,  0., -0.,  0.,
        -0.,  0., -0., -0., -0., -0., -0., -0.,  0., -0.,  0.,  0., -0.,
        -0.,  1.,  0.,  0.,  0.,  1., -1., -0., -0., -0., -0.,  0.,  1.,
        -0., -0.,  0.,  0.,  0., -0., -1.,  0., -0., -0.,  0.,  0.,  0.,
         0., -1.,  0., -0.,  0.,  0., -0.,  0., -0., -0., -0.,  0., -0.,
        -0., -0.,  0., -0.,  0.,  1.,  1.,  0., -1., -0.,  0., -1.,  0.,
        -0.,  0.],
       [-0.,  0.,  0.,  1., -0., -1.,  1.,  0., -1.,  0.,  0.,  1., -1.,
        -0., -0.,  0., -0., -1., -0.,  1., -0., -0.,  0.,  0.,  1.,  0.,
        -0., -0.,  1.,  0.,  0.,  0., -0., -1.,  1.,  0., -0., -0.,  0.,
         0.,  0.,  0.,  0., -0., -0., -1.,  1., -0., -1., -0., -0., -0.,
         0., -0., -1.,  0., -0., -0., -0.,  0.,  0.,  0.,  0.,  0.,  0.,
         1., -1., -0., -0.,  0., -0., -1., -0., -0., -0., -0.,  0., -0.,
         1., -1.,  0.,  1.,  0.,  1.,  1.,  0.,  0.,  1.,  0., -0., -0.,
         1., -0.]], dtype=np.float32))
    
    
    
# Verify the decompositions using Deepmind's verification function
if __name__=="__main__":

    """## Rank-32 decomposition of <2,4,5> over 0.5*Z"""
    
    #@title Data
    
    
    
    #@title Verification
    n = 2
    m = 4
    p = 5
    rank = 32
    
    verify_tensor_decomposition(decomposition_245(), n, m, p, rank)
    
    """## Rank-45 decomposition of <2,4,7> over Z"""
    
    #@title Data
    
    
    
    #@title Verification
    n = 2
    m = 4
    p = 7
    rank = 45
    
    verify_tensor_decomposition(decomposition_247(), n, m, p, rank)
    
    """## Rank-51 decomposition of <2,4,8> over Z
    
    """
    
    #@title Data
    
    
    
    #@title Verification
    n = 2
    m = 4
    p = 8
    rank = 51
    
    verify_tensor_decomposition(decomposition_248(), n, m, p, rank)
    
    """##Rank-47 decomposition of <2,5,6> over Z"""
    
    #@title Data
    
    
    
    #@title Verification
    n = 2
    m = 5
    p = 6
    rank = 47
    
    verify_tensor_decomposition(decomposition_256(), n, m, p, rank)
    
    """##Rank-23 decomposition of <3,3,3> over Z"""
    
    #@title Data
    
    
    #@title Verification
    n = 3
    m = 3
    p = 3
    rank = 23
    
    verify_tensor_decomposition(decomposition_333(), n, m, p, rank)
    
    """## Rank-54 decomposition of <3,4,6> over 0.5*Z
    
    """
    
    #@title Data
    
    
    
    #@title Verification
    n = 3
    m = 4
    p = 6
    rank = 54
    
    verify_tensor_decomposition(decomposition_346(), n, m, p, rank)
    
    """##Rank-63 decomposition of <3,4,7> over 0.5*C"""
    
    #@title Data
    
    
    
    #@title Verification
    n = 3
    m = 4
    p = 7
    rank = 63
    
    verify_tensor_decomposition(decomposition_347(), n, m, p, rank)
    
    """##Rank-74 decomposition of <3,4,8> over Z
    
    """
    
    #@title Data
    
    
    
    #@title Verification
    n = 3
    m = 4
    p = 8
    rank = 74
    
    verify_tensor_decomposition(decomposition_348(), n, m, p, rank)
    
    """##Rank-68 decomposition of <3,5,6> over Z
    
    """
    
    #@title Data
    
    
    
    #@title Verification
    n = 3
    m = 5
    p = 6
    rank = 68
    
    verify_tensor_decomposition(decomposition_356(), n, m, p, rank)
    
    """## Rank-80 decomposition of <3,5,7> over Z"""
    
    #@title Data
    
    
    
    #@title Verification
    n = 3
    m = 5
    p = 7
    rank = 80
    
    verify_tensor_decomposition(decomposition_357(), n, m, p, rank)
    
    """##Rank-48 decomposition of <4,4,4> over 0.5*C
    
    """
    
    #@title Data
    
    
    #@title Verification
    n = 4
    m = 4
    p = 4
    rank = 48
    
    verify_tensor_decomposition(decomposition_444(), m, n, p, rank)
    
    """##Rank-96 decomposition of <4,4,8> over 0.5*C
    
    This decomposition can be obtained by doubling the rank-48 decomposition of <4,4,4> provided above.
    
    ## Rank-61 decomposition of <4,4,5> over Z
    """
    
    #@title Data
    
    
    
    #@title Verification
    n = 4
    m = 4
    p = 5
    rank = 61
    
    verify_tensor_decomposition(decomposition_445(), n, m, p, rank)
    
    """## Rank-85 decomposition of <4,4,7> over Z
    
    """
    
    #@title Data
    
    
    
    #@title Verification
    n = 4
    m = 4
    p = 7
    rank = 85
    
    verify_tensor_decomposition(decomposition_447(), n, m, p, rank)
    
    """##Rank-90 decomposition of <4,5,6> over Z"""
    
    #@title Data
    
    
    
    #@title Verification
    n = 4
    m = 5
    p = 6
    rank = 90
    
    verify_tensor_decomposition(decomposition_456(), n, m, p, rank)
    
    """## Rank-93 decomposition of <5,5,5> over Z
    
    
    """
    
    #@title Data
    
    
    
    #@title Verification
    n = 5
    m = 5
    p = 5
    rank = 93
    
    verify_tensor_decomposition(decomposition_555(), n, m, p, rank)